# MagicaVoxel @ Ephtracy

# group
o 

# material
mtllib Bonfire.mtl
usemtl palette

# normals
vn -1 0 0
vn 1 0 0
vn 0 0 1
vn 0 0 -1
vn 0 -1 0
vn 0 1 0

# texcoords
vt 0.533203 0.5
vt 0.537109 0.5
vt 0.849609 0.5
vt 0.982422 0.5
vt 0.986328 0.5
vt 0.990234 0.5

# verts
v -2.2 0.1 0.5
v -2.2 0.1 0.3
v -2.2 0.1 0.1
v -2.2 0.1 0
v -2.2 0.2 0.5
v -2.2 0.2 0.3
v -2.2 0.5 0.1
v -2.2 0.5 0
v -2.1 0.1 0.8
v -2.1 0.1 0.5
v -2.1 0.1 0.3
v -2.1 0.1 0.1
v -2.1 0.1 0
v -2.1 0.1 -0.0999999
v -2.1 0.2 0.8
v -2.1 0.2 0.5
v -2.1 0.2 0.3
v -2.1 0.2 -0.5
v -2.1 0.2 -1
v -2.1 0.3 0.5
v -2.1 0.3 0.2
v -2.1 0.3 -0.2
v -2.1 0.3 -0.5
v -2.1 0.4 0
v -2.1 0.4 -0.0999999
v -2.1 0.4 -0.2
v -2.1 0.4 -0.5
v -2.1 0.4 -0.8
v -2.1 0.4 -1
v -2.1 0.5 0.2
v -2.1 0.5 0.1
v -2.1 0.5 -0.5
v -2.1 0.5 -0.8
v -2 0.1 1.3
v -2 0.1 1.1
v -2 0.1 1
v -2 0.1 0.8
v -2 0.1 -0.0999999
v -2 0.1 -0.9
v -2 0.2 1.3
v -2 0.2 1.1
v -2 0.2 0.8
v -2 0.2 0.5
v -2 0.2 -0.5
v -2 0.2 -0.9
v -2 0.3 0.8
v -2 0.3 0.5
v -2 0.3 0.2
v -2 0.3 -0.0999999
v -2 0.3 -0.2
v -2 0.3 -0.5
v -2 0.4 0.5
v -2 0.4 0.2
v -2 0.4 0
v -2 0.4 -0.0999999
v -2 0.4 -0.3
v -2 0.4 -0.5
v -2 0.4 -0.8
v -2 0.4 -0.9
v -2 0.5 1
v -2 0.5 0.8
v -2 0.5 0
v -2 0.5 -0.0999999
v -2 0.5 -0.3
v -2 0.5 -0.5
v -2 0.5 -0.8
v -2 0.5 -0.9
v -2 0.6 -0.5
v -2 0.6 -0.8
v -1.9 0 0.4
v -1.9 0 -0.5
v -1.9 0.1 1.5
v -1.9 0.1 1.3
v -1.9 0.1 1.1
v -1.9 0.1 1
v -1.9 0.1 0.4
v -1.9 0.1 -0.5
v -1.9 0.1 -1.3
v -1.9 0.1 -1.7
v -1.9 0.2 1.5
v -1.9 0.2 1.3
v -1.9 0.2 1.2
v -1.9 0.2 1.1
v -1.9 0.2 -1
v -1.9 0.2 -1.3
v -1.9 0.2 -1.7
v -1.9 0.2 -1.9
v -1.9 0.3 1.2
v -1.9 0.3 1
v -1.9 0.3 0.8
v -1.9 0.3 0.7
v -1.9 0.3 -1
v -1.9 0.3 -1.9
v -1.9 0.4 0.8
v -1.9 0.4 0.7
v -1.9 0.4 0.5
v -1.9 0.4 0.1
v -1.9 0.5 0.5
v -1.9 0.5 0.3
v -1.9 0.5 0.1
v -1.9 0.5 -0.4
v -1.9 0.5 -0.5
v -1.9 0.5 -0.8
v -1.9 0.5 -0.9
v -1.9 0.6 0.3
v -1.9 0.6 0.1
v -1.9 0.6 -0.4
v -1.9 0.6 -0.5
v -1.9 0.6 -0.6
v -1.9 0.6 -0.8
v -1.9 0.6 -0.9
v -1.9 0.7 -0.6
v -1.9 0.7 -0.8
v -1.8 0 0.7
v -1.8 0 0.4
v -1.8 0 -0.5
v -1.8 0 -0.8
v -1.8 0.1 1.6
v -1.8 0.1 1.5
v -1.8 0.1 0.7
v -1.8 0.1 0.4
v -1.8 0.1 -0.5
v -1.8 0.1 -0.8
v -1.8 0.1 -1
v -1.8 0.1 -1.3
v -1.8 0.1 -1.7
v -1.8 0.1 -1.9
v -1.8 0.2 1.6
v -1.8 0.2 1.5
v -1.8 0.2 1.2
v -1.8 0.2 -1
v -1.8 0.2 -1.3
v -1.8 0.2 -1.7
v -1.8 0.2 -1.9
v -1.8 0.3 1.5
v -1.8 0.3 1.2
v -1.8 0.3 1
v -1.8 0.3 0.7
v -1.8 0.3 0.5
v -1.8 0.3 -1.1
v -1.8 0.3 -1.7
v -1.8 0.4 0.7
v -1.8 0.4 0.5
v -1.8 0.4 0.1
v -1.8 0.4 0
v -1.8 0.4 -0.9
v -1.8 0.4 -1
v -1.8 0.4 -1.1
v -1.8 0.4 -1.4
v -1.8 0.5 1.2
v -1.8 0.5 1
v -1.8 0.5 0.9
v -1.8 0.5 0.4
v -1.8 0.5 0.3
v -1.8 0.5 0.1
v -1.8 0.5 0
v -1.8 0.5 -1.4
v -1.8 0.5 -1.7
v -1.8 0.6 1
v -1.8 0.6 0.9
v -1.8 0.6 0.4
v -1.8 0.6 0.3
v -1.8 0.6 -0.5
v -1.8 0.6 -0.6
v -1.8 0.6 -0.8
v -1.8 0.6 -0.9
v -1.8 0.6 -1
v -1.8 0.7 -0.5
v -1.8 0.7 -0.6
v -1.8 0.7 -0.8
v -1.8 0.7 -0.9
v -1.7 0 0.9
v -1.7 0 0.7
v -1.7 0 -0.8
v -1.7 0 -1
v -1.7 0.1 0.9
v -1.7 0.1 0.7
v -1.7 0.1 -0.8
v -1.7 0.1 -0.9
v -1.7 0.1 -1
v -1.7 0.1 -1.9
v -1.7 0.1 -2
v -1.7 0.2 1.6
v -1.7 0.2 1.5
v -1.7 0.2 -0.9
v -1.7 0.2 -1
v -1.7 0.3 1.6
v -1.7 0.3 1.5
v -1.7 0.3 1.4
v -1.7 0.3 1.2
v -1.7 0.3 -1.7
v -1.7 0.3 -1.9
v -1.7 0.3 -2
v -1.7 0.4 1.4
v -1.7 0.4 1.3
v -1.7 0.4 -1.1
v -1.7 0.4 -1.4
v -1.7 0.4 -1.7
v -1.7 0.4 -1.9
v -1.7 0.5 1.3
v -1.7 0.5 1.2
v -1.7 0.5 1.1
v -1.7 0.5 1
v -1.7 0.5 -1.1
v -1.7 0.5 -1.3
v -1.7 0.5 -1.4
v -1.7 0.5 -1.6
v -1.7 0.6 1.1
v -1.7 0.6 1
v -1.7 0.6 -1.3
v -1.7 0.6 -1.6
v -1.6 0 1.1
v -1.6 0 0.9
v -1.6 0 -1
v -1.6 0 -1.2
v -1.6 0.1 1.1
v -1.6 0.1 0.9
v -1.6 0.1 -1
v -1.6 0.1 -1.2
v -1.6 0.4 0.9
v -1.6 0.4 0.6
v -1.6 0.4 0
v -1.6 0.4 -0.0999999
v -1.6 0.5 1.2
v -1.6 0.5 1.1
v -1.6 0.5 1
v -1.6 0.5 0.9
v -1.6 0.5 0.6
v -1.6 0.5 0
v -1.6 0.5 -0.0999999
v -1.6 0.5 -1.2
v -1.6 0.5 -1.3
v -1.6 0.5 -1.6
v -1.6 0.5 -1.7
v -1.6 0.6 1.1
v -1.6 0.6 1
v -1.6 0.6 -1.2
v -1.6 0.6 -1.3
v -1.6 0.6 -1.4
v -1.6 0.6 -1.6
v -1.6 0.6 -1.7
v -1.6 0.7 1.2
v -1.6 0.7 0.9
v -1.6 0.7 -1.4
v -1.6 0.7 -1.6
v -1.5 0 1.2
v -1.5 0 1.1
v -1.5 0 -1.2
v -1.5 0 -1.3
v -1.5 0.1 1.2
v -1.5 0.1 1.1
v -1.5 0.1 -1.2
v -1.5 0.1 -1.3
v -1.5 0.4 -1.6
v -1.5 0.4 -1.8
v -1.5 0.5 1.3
v -1.5 0.5 1.2
v -1.5 0.5 0.9
v -1.5 0.5 0.7
v -1.5 0.5 -1.6
v -1.5 0.5 -1.7
v -1.5 0.5 -1.8
v -1.5 0.6 0.9
v -1.5 0.6 0.7
v -1.5 0.6 -1.3
v -1.5 0.6 -1.4
v -1.5 0.7 1.3
v -1.5 0.7 1.2
v -1.5 0.7 -1.3
v -1.5 0.7 -1.4
v -1.4 0 1.3
v -1.4 0 1.2
v -1.4 0 -1.3
v -1.4 0 -1.4
v -1.4 0.1 1.3
v -1.4 0.1 1.2
v -1.4 0.1 -1.3
v -1.4 0.1 -1.4
v -1.4 0.4 -1.8
v -1.4 0.4 -1.9
v -1.4 0.5 -1.7
v -1.4 0.5 -1.8
v -1.4 0.5 -1.9
v -1.4 0.6 1.1
v -1.4 0.6 1
v -1.4 0.6 -1.6
v -1.4 0.6 -1.7
v -1.4 0.6 -1.8
v -1.4 0.7 1.1
v -1.4 0.7 1
v -1.4 0.7 -1.6
v -1.4 0.7 -1.7
v -1.3 0 1.4
v -1.3 0 1.3
v -1.3 0 -1.4
v -1.3 0 -1.5
v -1.3 0.1 1.9
v -1.3 0.1 1.5
v -1.3 0.1 1.4
v -1.3 0.1 1.3
v -1.3 0.1 -1.4
v -1.3 0.1 -1.5
v -1.3 0.2 1.9
v -1.3 0.2 1.5
v -1.3 0.4 0.5
v -1.3 0.4 0.4
v -1.3 0.5 0.5
v -1.3 0.5 0.4
v -1.2 0 1.5
v -1.2 0 1.4
v -1.2 0 -1.5
v -1.2 0 -1.6
v -1.2 0 -1.7
v -1.2 0.1 1.5
v -1.2 0.1 1.4
v -1.2 0.1 0.7
v -1.2 0.1 0.5
v -1.2 0.1 0.4
v -1.2 0.1 -0.8
v -1.2 0.1 -1.5
v -1.2 0.1 -1.6
v -1.2 0.1 -1.7
v -1.2 0.2 1.9
v -1.2 0.2 1.4
v -1.2 0.2 0.7
v -1.2 0.2 0.5
v -1.2 0.2 0.4
v -1.2 0.2 -0.7
v -1.2 0.3 1.9
v -1.2 0.3 1.7
v -1.2 0.3 1.4
v -1.2 0.3 -0.7
v -1.2 0.3 -0.8
v -1.2 0.4 1.7
v -1.2 0.4 1.6
v -1.2 0.4 1.5
v -1.2 0.4 1.4
v -1.2 0.5 1.6
v -1.2 0.5 1.5
v -1.1 0 1.6
v -1.1 0 1.5
v -1.1 0.1 1.6
v -1.1 0.1 1.5
v -1.1 0.1 -0.8
v -1.1 0.1 -0.9
v -1.1 0.2 1.4
v -1.1 0.2 1.3
v -1.1 0.2 -0.4
v -1.1 0.2 -0.6
v -1.1 0.3 1.8
v -1.1 0.3 1.7
v -1.1 0.3 1.3
v -1.1 0.3 1.2
v -1.1 0.3 -0.4
v -1.1 0.3 -0.6
v -1.1 0.3 -0.8
v -1.1 0.3 -0.9
v -1.1 0.4 1.8
v -1.1 0.4 1.7
v -1.1 0.4 1.6
v -1.1 0.4 1.5
v -1.1 0.4 1.4
v -1.1 0.4 1.3
v -1.1 0.4 1.2
v -1.1 0.5 1.7
v -1.1 0.5 1.6
v -1.1 0.5 1.5
v -1.1 0.6 1.6
v -1.1 0.6 1.3
v -1 0.1 0.5
v -1 0.1 0.4
v -1 0.1 -0.0999999
v -1 0.1 -0.3
v -1 0.1 -1.8
v -1 0.1 -1.9
v -1 0.2 0.5
v -1 0.2 0.4
v -1 0.2 0.1
v -1 0.2 0
v -1 0.2 -0.0999999
v -1 0.2 -0.2
v -1 0.2 -0.3
v -1 0.2 -0.4
v -1 0.2 -1.8
v -1 0.2 -1.9
v -1 0.2 -2.1
v -1 0.3 -0.2
v -1 0.3 -0.4
v -1 0.3 -1.3
v -1 0.3 -1.4
v -1 0.3 -1.5
v -1 0.3 -1.6
v -1 0.3 -1.8
v -1 0.4 1.3
v -1 0.4 1.2
v -1 0.4 -1.3
v -1 0.4 -1.4
v -1 0.4 -1.5
v -1 0.4 -1.6
v -1 0.4 -1.8
v -1 0.4 -1.9
v -1 0.4 -2
v -1 0.4 -2.1
v -1 0.5 1.3
v -1 0.5 1.2
v -1 0.5 0.1
v -1 0.5 0
v -1 0.5 -1.9
v -1 0.5 -2
v -1 0.6 1.7
v -1 0.6 1.6
v -1 0.6 1.5
v -1 0.6 1.3
v -1 0.6 -1.6
v -1 0.6 -1.9
v -1 0.7 1.7
v -1 0.7 1.6
v -1 0.7 1.5
v -1 0.7 1.3
v -0.9 0 1.7
v -0.9 0 1.6
v -0.9 0 -1.7
v -0.9 0 -1.8
v -0.9 0.1 1.7
v -0.9 0.1 1.6
v -0.9 0.1 0.3
v -0.9 0.1 0.1
v -0.9 0.1 -0.5
v -0.9 0.1 -0.6
v -0.9 0.1 -0.9
v -0.9 0.1 -1
v -0.9 0.1 -1.4
v -0.9 0.1 -1.5
v -0.9 0.1 -1.7
v -0.9 0.1 -1.8
v -0.9 0.2 0.3
v -0.9 0.2 0
v -0.9 0.2 -0.2
v -0.9 0.2 -0.4
v -0.9 0.2 -0.5
v -0.9 0.2 -0.6
v -0.9 0.2 -1.3
v -0.9 0.2 -1.4
v -0.9 0.2 -1.5
v -0.9 0.2 -1.6
v -0.9 0.2 -2.1
v -0.9 0.2 -2.2
v -0.9 0.3 0.3
v -0.9 0.3 0.1
v -0.9 0.3 -0.2
v -0.9 0.3 -0.4
v -0.9 0.3 -0.6
v -0.9 0.3 -0.9
v -0.9 0.3 -1
v -0.9 0.3 -1.3
v -0.9 0.3 -1.4
v -0.9 0.3 -1.5
v -0.9 0.3 -1.6
v -0.9 0.4 1.8
v -0.9 0.4 1.7
v -0.9 0.4 1.2
v -0.9 0.4 1
v -0.9 0.4 -1.4
v -0.9 0.4 -1.5
v -0.9 0.4 -1.6
v -0.9 0.4 -2
v -0.9 0.4 -2.1
v -0.9 0.4 -2.2
v -0.9 0.5 1.7
v -0.9 0.5 1.6
v -0.9 0.5 1.3
v -0.9 0.5 1.2
v -0.9 0.5 1.1
v -0.9 0.5 1
v -0.9 0.5 0
v -0.9 0.5 -0.2
v -0.9 0.5 -2
v -0.9 0.5 -2.1
v -0.9 0.6 1.8
v -0.9 0.6 1.7
v -0.9 0.6 1.6
v -0.9 0.6 1.5
v -0.9 0.6 1.3
v -0.9 0.6 1.1
v -0.9 0.6 -1.5
v -0.9 0.6 -1.6
v -0.9 0.7 1.6
v -0.9 0.7 1.5
v -0.8 0.1 0.6
v -0.8 0.1 0.4
v -0.8 0.1 -1.2
v -0.8 0.1 -1.3
v -0.8 0.1 -1.9
v -0.8 0.1 -2
v -0.8 0.2 0.6
v -0.8 0.2 0.4
v -0.8 0.2 0.3
v -0.8 0.2 -0.6
v -0.8 0.2 -0.8
v -0.8 0.2 -1.4
v -0.8 0.2 -1.5
v -0.8 0.2 -1.9
v -0.8 0.2 -2
v -0.8 0.3 0.4
v -0.8 0.3 0.3
v -0.8 0.3 0.2
v -0.8 0.3 0.1
v -0.8 0.3 -0.2
v -0.8 0.3 -0.6
v -0.8 0.3 -0.7
v -0.8 0.3 -0.8
v -0.8 0.3 -1.4
v -0.8 0.3 -1.5
v -0.8 0.4 0.4
v -0.8 0.4 0.2
v -0.8 0.4 0.1
v -0.8 0.4 -0.6
v -0.8 0.4 -0.7
v -0.8 0.4 -1.2
v -0.8 0.4 -1.3
v -0.8 0.4 -1.5
v -0.8 0.4 -2.1
v -0.8 0.4 -2.2
v -0.8 0.5 1.1
v -0.8 0.5 1
v -0.8 0.5 -0.0999999
v -0.8 0.5 -0.2
v -0.8 0.5 -0.3
v -0.8 0.5 -0.6
v -0.8 0.5 -1.3
v -0.8 0.5 -1.5
v -0.8 0.5 -1.7
v -0.8 0.5 -2.1
v -0.8 0.5 -2.2
v -0.8 0.6 1.1
v -0.8 0.6 1
v -0.8 0.6 -0.0999999
v -0.8 0.6 -0.3
v -0.8 0.6 -1.7
v -0.8 0.6 -2
v -0.8 0.6 -2.1
v -0.8 0.7 -1.7
v -0.8 0.7 -2
v -0.7 0 1.8
v -0.7 0 1.7
v -0.7 0 -1.8
v -0.7 0 -1.9
v -0.7 0.1 1.8
v -0.7 0.1 1.7
v -0.7 0.1 0.7
v -0.7 0.1 0.6
v -0.7 0.1 -1.8
v -0.7 0.1 -1.9
v -0.7 0.2 0.7
v -0.7 0.2 0.6
v -0.7 0.2 0.5
v -0.7 0.3 0.6
v -0.7 0.3 0.5
v -0.7 0.3 -0.7
v -0.7 0.3 -0.8
v -0.7 0.4 0.3
v -0.7 0.4 0.2
v -0.7 0.4 0.1
v -0.7 0.4 -0.7
v -0.7 0.4 -0.8
v -0.7 0.5 0.3
v -0.7 0.5 0.2
v -0.7 0.5 0.1
v -0.7 0.6 1.8
v -0.7 0.6 1.7
v -0.7 0.6 1.5
v -0.7 0.6 1.4
v -0.7 0.6 -1.6
v -0.7 0.6 -1.7
v -0.7 0.7 1.8
v -0.7 0.7 1.7
v -0.7 0.7 1.5
v -0.7 0.7 1.4
v -0.7 0.7 -1.6
v -0.7 0.7 -1.7
v -0.6 0.1 -1
v -0.6 0.1 -1.1
v -0.6 0.1 -2
v -0.6 0.1 -2.1
v -0.6 0.2 0.7
v -0.6 0.2 0.6
v -0.6 0.2 0.5
v -0.6 0.2 0.4
v -0.6 0.2 -0.3
v -0.6 0.2 -0.5
v -0.6 0.2 -1
v -0.6 0.2 -1.1
v -0.6 0.2 -2
v -0.6 0.2 -2.1
v -0.6 0.3 0.7
v -0.6 0.3 0.6
v -0.6 0.3 0.5
v -0.6 0.3 0.4
v -0.6 0.3 -0.3
v -0.6 0.3 -0.4
v -0.6 0.4 0.5
v -0.6 0.4 0.4
v -0.6 0.4 0.3
v -0.6 0.4 0.1
v -0.6 0.4 -0.2
v -0.6 0.4 -0.4
v -0.6 0.4 -0.5
v -0.6 0.5 0.4
v -0.6 0.5 0.3
v -0.6 0.5 0.1
v -0.6 0.5 -0.2
v -0.6 0.5 -0.3
v -0.6 0.5 -0.4
v -0.6 0.5 -0.5
v -0.6 0.6 0.1
v -0.6 0.6 -0.2
v -0.6 0.6 -0.3
v -0.6 0.6 -0.4
v -0.5 0.2 -0.6
v -0.5 0.2 -0.7
v -0.5 0.2 -0.8
v -0.5 0.2 -0.9
v -0.5 0.3 0.7
v -0.5 0.3 0.5
v -0.5 0.3 -0.9
v -0.5 0.4 0.7
v -0.5 0.4 0.5
v -0.5 0.4 0.2
v -0.5 0.4 0.1
v -0.5 0.4 -0.5
v -0.5 0.4 -0.6
v -0.5 0.4 -0.7
v -0.5 0.4 -0.8
v -0.5 0.4 -0.9
v -0.5 0.5 1.7
v -0.5 0.5 1.5
v -0.5 0.5 0.2
v -0.5 0.5 0.1
v -0.5 0.5 -0.2
v -0.5 0.5 -0.3
v -0.5 0.5 -0.4
v -0.5 0.5 -0.5
v -0.5 0.5 -0.6
v -0.5 0.6 1.7
v -0.5 0.6 1.5
v -0.5 0.6 -0.2
v -0.5 0.6 -0.3
v -0.5 0.6 -0.4
v -0.5 0.6 -0.5
v -0.4 0 1.9
v -0.4 0 1.8
v -0.4 0 -1.9
v -0.4 0 -2
v -0.4 0.1 1.9
v -0.4 0.1 1.8
v -0.4 0.1 1
v -0.4 0.1 0.9
v -0.4 0.1 -1.9
v -0.4 0.1 -2
v -0.4 0.2 1
v -0.4 0.2 0.9
v -0.4 0.2 -0.9
v -0.4 0.2 -1
v -0.4 0.3 1.9
v -0.4 0.3 1.8
v -0.4 0.3 -0.0999999
v -0.4 0.3 -0.2
v -0.4 0.3 -0.7
v -0.4 0.3 -0.8
v -0.4 0.4 0.5
v -0.4 0.4 0.4
v -0.4 0.4 0.1
v -0.4 0.4 -0.0999999
v -0.4 0.4 -0.6
v -0.4 0.4 -0.7
v -0.4 0.4 -0.8
v -0.4 0.4 -0.9
v -0.4 0.4 -1
v -0.4 0.4 -1.6
v -0.4 0.4 -1.7
v -0.4 0.5 0.5
v -0.4 0.5 0.4
v -0.4 0.5 0.3
v -0.4 0.5 0.1
v -0.4 0.5 -0.2
v -0.4 0.5 -0.6
v -0.4 0.5 -0.8
v -0.4 0.5 -1.6
v -0.4 0.5 -1.7
v -0.4 0.6 0.4
v -0.4 0.6 0.3
v -0.3 0 2
v -0.3 0 1.9
v -0.3 0.1 2
v -0.3 0.1 1.9
v -0.3 0.1 0.8
v -0.3 0.1 0.7
v -0.3 0.1 -2
v -0.3 0.1 -2.1
v -0.3 0.2 0.8
v -0.3 0.2 0.7
v -0.3 0.2 0.2
v -0.3 0.2 0.1
v -0.3 0.2 -1.9
v -0.3 0.2 -2
v -0.3 0.2 -2.1
v -0.3 0.3 1.8
v -0.3 0.3 1.2
v -0.3 0.3 0.6
v -0.3 0.3 0.5
v -0.3 0.3 0.3
v -0.3 0.3 0.2
v -0.3 0.3 -1.9
v -0.3 0.3 -2
v -0.3 0.4 1.8
v -0.3 0.4 1.2
v -0.3 0.4 0.6
v -0.3 0.4 0.5
v -0.3 0.4 0.3
v -0.3 0.4 0.2
v -0.3 0.4 0.1
v -0.3 0.4 -0.5
v -0.3 0.4 -0.6
v -0.3 0.5 -0.5
v -0.3 0.5 -0.6
v -0.3 0.6 -0.5
v -0.3 0.6 -0.6
v -0.2 0.1 1.2
v -0.2 0.1 1.1
v -0.2 0.1 -1
v -0.2 0.1 -1.1
v -0.2 0.2 1.2
v -0.2 0.2 1.1
v -0.2 0.2 -1
v -0.2 0.2 -1.1
v -0.2 0.2 -1.4
v -0.2 0.2 -1.5
v -0.2 0.2 -1.6
v -0.2 0.2 -1.9
v -0.2 0.2 -2
v -0.2 0.2 -2.1
v -0.2 0.3 -1.5
v -0.2 0.3 -1.6
v -0.2 0.3 -1.9
v -0.2 0.3 -2
v -0.2 0.3 -2.1
v -0.2 0.4 1.8
v -0.2 0.4 1.3
v -0.2 0.4 0.3
v -0.2 0.4 0.2
v -0.2 0.4 0.1
v -0.2 0.4 -0.3
v -0.2 0.4 -0.4
v -0.2 0.5 1.8
v -0.2 0.5 1.3
v -0.2 0.5 0.4
v -0.2 0.5 0.3
v -0.2 0.5 0.2
v -0.2 0.5 0.1
v -0.2 0.5 -0.0999999
v -0.2 0.5 -0.3
v -0.2 0.5 -0.4
v -0.2 0.5 -1.4
v -0.2 0.5 -1.5
v -0.2 0.5 -1.6
v -0.2 0.5 -2
v -0.2 0.6 0.4
v -0.2 0.6 0.2
v -0.2 0.6 -0.0999999
v -0.0999999 0.1 2
v -0.0999999 0.1 1.9
v -0.0999999 0.1 -1.5
v -0.0999999 0.1 -1.6
v -0.0999999 0.2 2
v -0.0999999 0.2 1.9
v -0.0999999 0.2 0.8
v -0.0999999 0.2 0.7
v -0.0999999 0.2 -0.7
v -0.0999999 0.2 -0.8
v -0.0999999 0.2 -1
v -0.0999999 0.2 -1.1
v -0.0999999 0.3 1.9
v -0.0999999 0.3 1.8
v -0.0999999 0.3 0.8
v -0.0999999 0.3 0.7
v -0.0999999 0.3 -0.7
v -0.0999999 0.3 -0.8
v -0.0999999 0.3 -1
v -0.0999999 0.3 -1.1
v -0.0999999 0.3 -2
v -0.0999999 0.3 -2.1
v -0.0999999 0.4 1.9
v -0.0999999 0.4 1.8
v -0.0999999 0.4 0.6
v -0.0999999 0.4 0.5
v -0.0999999 0.5 1.8
v -0.0999999 0.5 1.6
v -0.0999999 0.5 0.6
v -0.0999999 0.5 0.5
v -0.0999999 0.5 -1.5
v -0.0999999 0.5 -1.6
v -0.0999999 0.5 -1.7
v -0.0999999 0.5 -2
v -0.0999999 0.5 -2.1
v -0.0999999 0.6 1.8
v -0.0999999 0.6 1.6
v -0.0999999 0.6 0.3
v -0.0999999 0.6 0.2
v -0.0999999 0.6 -1.7
v -0.0999999 0.6 -2
v -0.0999999 0.7 0.3
v -0.0999999 0.7 0.2
v 0 0.1 0.9
v 0 0.1 0.8
v 0 0.1 -1.1
v 0 0.1 -1.2
v 0 0.2 0.9
v 0 0.2 -0.0999999
v 0 0.2 -0.3
v 0 0.2 -1.1
v 0 0.2 -1.2
v 0 0.2 -1.3
v 0 0.3 1.3
v 0 0.3 1.2
v 0 0.3 0.9
v 0 0.3 0.8
v 0 0.4 1.3
v 0 0.4 1.2
v 0 0.4 -0.0999999
v 0 0.4 -1.2
v 0 0.4 -1.3
v 0 0.5 1.6
v 0 0.5 1.4
v 0 0.5 -0.0999999
v 0 0.5 -0.2
v 0 0.5 -0.3
v 0 0.5 -1.6
v 0 0.5 -1.7
v 0 0.6 1.6
v 0 0.6 1.5
v 0 0.6 1.4
v 0 0.6 -0.2
v 0 0.6 -0.3
v 0 0.6 -1.6
v 0 0.6 -1.7
v 0 0.7 1.6
v 0 0.7 1.5
v 0.1 0.1 -1.2
v 0.1 0.1 -1.4
v 0.1 0.2 -1.2
v 0.1 0.2 -1.3
v 0.1 0.3 -0.8
v 0.1 0.3 -0.9
v 0.1 0.4 0.6
v 0.1 0.4 0.5
v 0.1 0.4 0.2
v 0.1 0.4 0.1
v 0.1 0.4 0
v 0.1 0.4 -0.6
v 0.1 0.4 -0.7
v 0.1 0.4 -0.8
v 0.1 0.4 -0.9
v 0.1 0.4 -1.2
v 0.1 0.4 -1.3
v 0.1 0.4 -1.4
v 0.1 0.5 0.6
v 0.1 0.5 0.5
v 0.1 0.5 0.3
v 0.1 0.5 0.2
v 0.1 0.5 0.1
v 0.1 0.5 0
v 0.1 0.5 -0.0999999
v 0.1 0.5 -0.2
v 0.1 0.5 -0.6
v 0.1 0.5 -0.8
v 0.1 0.5 -1.2
v 0.1 0.5 -1.3
v 0.1 0.6 0.3
v 0.1 0.6 0.2
v 0.1 0.6 -0.0999999
v 0.1 0.6 -0.2
v 0.2 0.1 -2.1
v 0.2 0.1 -2.2
v 0.2 0.3 0.8
v 0.2 0.3 0.7
v 0.2 0.3 -2
v 0.2 0.3 -2.1
v 0.2 0.3 -2.2
v 0.2 0.4 0.8
v 0.2 0.4 0.7
v 0.2 0.4 0.5
v 0.2 0.4 0.4
v 0.2 0.4 0
v 0.2 0.4 -0.0999999
v 0.2 0.4 -1.5
v 0.2 0.4 -1.6
v 0.2 0.4 -2
v 0.2 0.4 -2.1
v 0.2 0.5 1.5
v 0.2 0.5 1.4
v 0.2 0.5 0.5
v 0.2 0.5 0.4
v 0.2 0.5 0.2
v 0.2 0.5 0.1
v 0.2 0.5 0
v 0.2 0.5 -0.0999999
v 0.2 0.6 1.5
v 0.2 0.6 1.4
v 0.2 0.6 0.2
v 0.2 0.6 0.1
v 0.2 0.6 -1.5
v 0.2 0.6 -1.6
v 0.3 0.2 -0.9
v 0.3 0.2 -1.2
v 0.3 0.3 1.3
v 0.3 0.3 1.2
v 0.3 0.3 -0.9
v 0.3 0.3 -1
v 0.3 0.3 -1.2
v 0.3 0.3 -1.3
v 0.3 0.3 -2.1
v 0.3 0.3 -2.2
v 0.3 0.4 1.3
v 0.3 0.4 1.2
v 0.3 0.4 -0.4
v 0.3 0.4 -0.5
v 0.3 0.4 -0.9
v 0.3 0.4 -1
v 0.3 0.4 -1.2
v 0.3 0.4 -1.3
v 0.3 0.4 -1.4
v 0.3 0.4 -1.5
v 0.3 0.4 -2.1
v 0.3 0.4 -2.2
v 0.3 0.5 -0.2
v 0.3 0.5 -0.3
v 0.3 0.5 -0.4
v 0.3 0.5 -0.5
v 0.3 0.5 -1.4
v 0.3 0.5 -1.5
v 0.3 0.5 -1.7
v 0.3 0.5 -1.8
v 0.3 0.6 1.7
v 0.3 0.6 1.6
v 0.3 0.6 -0.2
v 0.3 0.6 -0.4
v 0.3 0.6 -1.6
v 0.3 0.6 -1.7
v 0.3 0.6 -1.8
v 0.3 0.7 1.7
v 0.3 0.7 1.6
v 0.3 0.7 -1.6
v 0.3 0.7 -1.7
v 0.4 0.2 0.6
v 0.4 0.2 0.5
v 0.4 0.2 0.4
v 0.4 0.2 0.3
v 0.4 0.3 0.7
v 0.4 0.3 0.6
v 0.4 0.3 0.4
v 0.4 0.3 0.3
v 0.4 0.4 0.7
v 0.4 0.4 0.6
v 0.4 0.4 0.5
v 0.4 0.4 -0.7
v 0.4 0.4 -0.8
v 0.4 0.5 -0.7
v 0.4 0.5 -0.8
v 0.5 0.1 -1.2
v 0.5 0.1 -1.3
v 0.5 0.2 -1.2
v 0.5 0.2 -1.3
v 0.5 0.3 0.4
v 0.5 0.3 0.3
v 0.5 0.4 0.4
v 0.5 0.4 0.3
v 0.6 0.1 -1
v 0.6 0.1 -1.1
v 0.6 0.2 -1
v 0.6 0.2 -1.1
v 0.6 0.3 1.3
v 0.6 0.3 1.2
v 0.6 0.3 0.5
v 0.6 0.3 0.4
v 0.6 0.3 0.2
v 0.6 0.3 0.1
v 0.6 0.3 0
v 0.6 0.3 -0.0999999
v 0.6 0.3 -0.5
v 0.6 0.3 -0.6
v 0.6 0.4 1.3
v 0.6 0.4 1.2
v 0.6 0.4 0.5
v 0.6 0.4 0.4
v 0.6 0.4 0.2
v 0.6 0.4 0.1
v 0.6 0.4 0
v 0.6 0.4 -0.0999999
v 0.6 0.4 -0.5
v 0.6 0.4 -0.6
v 0.7 0.1 -0.9
v 0.7 0.1 -1
v 0.7 0.1 -1.3
v 0.7 0.1 -1.4
v 0.7 0.1 -2
v 0.7 0.1 -2.1
v 0.7 0.2 0.7
v 0.7 0.2 0.6
v 0.7 0.2 -0.9
v 0.7 0.2 -1
v 0.7 0.2 -1.3
v 0.7 0.2 -1.8
v 0.7 0.2 -2
v 0.7 0.3 0.7
v 0.7 0.3 0.6
v 0.7 0.3 -0.4
v 0.7 0.3 -0.5
v 0.7 0.3 -1.4
v 0.7 0.3 -1.8
v 0.7 0.3 -2.1
v 0.7 0.4 -0.4
v 0.7 0.4 -0.5
v 0.7 0.4 -1.8
v 0.7 0.4 -1.9
v 0.7 0.5 -1.3
v 0.7 0.5 -1.5
v 0.7 0.5 -1.8
v 0.7 0.5 -1.9
v 0.7 0.6 -1.5
v 0.7 0.6 -1.8
v 0.8 0.1 -2.1
v 0.8 0.1 -2.2
v 0.8 0.2 -0.8
v 0.8 0.2 -0.9
v 0.8 0.3 -0.8
v 0.8 0.3 -0.9
v 0.8 0.3 -1.8
v 0.8 0.3 -2
v 0.8 0.3 -2.1
v 0.8 0.3 -2.2
v 0.8 0.4 -1.8
v 0.8 0.4 -1.9
v 0.8 0.5 -1.8
v 0.8 0.5 -1.9
v 0.8 0.6 -1.5
v 0.8 0.6 -1.8
v 0.8 0.6 -2
v 0.8 0.7 -1.5
v 0.8 0.7 -1.8
v 0.9 0.1 1.9
v 0.9 0.1 1.8
v 0.9 0.1 1.3
v 0.9 0.1 0.8
v 0.9 0.1 -1
v 0.9 0.1 -1.1
v 0.9 0.2 1.9
v 0.9 0.2 1.8
v 0.9 0.2 1.7
v 0.9 0.2 1.3
v 0.9 0.2 0.6
v 0.9 0.2 0.5
v 0.9 0.2 0.3
v 0.9 0.2 0.2
v 0.9 0.2 0.1
v 0.9 0.2 -0.0999999
v 0.9 0.2 -0.2
v 0.9 0.2 -0.5
v 0.9 0.2 -0.7
v 0.9 0.2 -0.8
v 0.9 0.2 -1
v 0.9 0.3 1.7
v 0.9 0.3 1.6
v 0.9 0.3 1.2
v 0.9 0.3 1.1
v 0.9 0.3 0.7
v 0.9 0.3 0.6
v 0.9 0.3 0.5
v 0.9 0.3 0.3
v 0.9 0.3 0.2
v 0.9 0.3 0.1
v 0.9 0.3 0
v 0.9 0.3 -0.0999999
v 0.9 0.3 -0.2
v 0.9 0.3 -0.7
v 0.9 0.3 -0.8
v 0.9 0.3 -1
v 0.9 0.3 -1.1
v 0.9 0.3 -2
v 0.9 0.3 -2.1
v 0.9 0.4 1.3
v 0.9 0.4 1.2
v 0.9 0.4 1.1
v 0.9 0.4 0.8
v 0.9 0.4 -2
v 0.9 0.4 -2.1
v 0.9 0.5 1.6
v 0.9 0.5 1.3
v 0.9 0.5 0.7
v 0.9 0.5 -0.5
v 1 0 -1
v 1 0 -1.1
v 1 0.1 0.8
v 1 0.1 0.7
v 1 0.1 -1
v 1 0.1 -1.1
v 1 0.1 -1.2
v 1 0.2 1.8
v 1 0.2 1.7
v 1 0.2 0.7
v 1 0.3 1.7
v 1 0.3 1.2
v 1 0.3 1.1
v 1 0.3 -0.7
v 1 0.3 -0.8
v 1 0.3 -1
v 1 0.3 -1.1
v 1 0.3 -1.2
v 1 0.4 1.8
v 1 0.4 1.7
v 1 0.4 1.2
v 1 0.4 1.1
v 1 0.4 1
v 1 0.4 0.8
v 1 0.4 0.7
v 1 0.4 -1
v 1 0.4 -1.1
v 1 0.4 -1.7
v 1 0.4 -1.9
v 1 0.5 1.4
v 1 0.5 1.3
v 1 0.5 1.1
v 1 0.5 1
v 1 0.5 0.9
v 1 0.5 0.7
v 1 0.5 -0.3
v 1 0.5 -0.7
v 1 0.5 -0.8
v 1 0.5 -1.4
v 1 0.5 -1.5
v 1 0.6 1.4
v 1 0.6 1.3
v 1 0.6 -1.4
v 1 0.6 -1.5
v 1 0.6 -1.7
v 1 0.6 -1.9
v 1 0.8 0.9
v 1 0.8 -0.3
v 1.1 0.1 -0.8
v 1.1 0.1 -1
v 1.1 0.1 -1.2
v 1.1 0.1 -1.3
v 1.1 0.2 1.9
v 1.1 0.2 1.8
v 1.1 0.3 1.9
v 1.1 0.3 1.8
v 1.1 0.3 1.7
v 1.1 0.3 1.6
v 1.1 0.3 -1.1
v 1.1 0.3 -1.2
v 1.1 0.3 -1.3
v 1.1 0.4 1.7
v 1.1 0.4 1.6
v 1.1 0.4 1.3
v 1.1 0.4 1.1
v 1.1 0.4 1
v 1.1 0.4 0.9
v 1.1 0.4 -1
v 1.1 0.4 -1.1
v 1.1 0.4 -1.2
v 1.1 0.5 1.5
v 1.1 0.5 1.4
v 1.1 0.5 1.3
v 1.1 0.5 1.1
v 1.1 0.5 1
v 1.1 0.5 0.9
v 1.1 0.5 -0.7
v 1.1 0.5 -0.8
v 1.1 0.5 -1.1
v 1.1 0.6 1.5
v 1.1 0.6 1.4
v 1.1 0.6 -0.7
v 1.1 0.6 -0.8
v 1.2 0.2 -1.9
v 1.2 0.2 -2
v 1.2 0.3 -1.9
v 1.2 0.3 -2
v 1.2 0.4 0.9
v 1.2 0.4 0.7
v 1.2 0.4 -1.5
v 1.2 0.4 -1.6
v 1.2 0.5 1.6
v 1.2 0.5 1.5
v 1.2 0.5 1.3
v 1.2 0.5 1.2
v 1.2 0.5 1.1
v 1.2 0.5 0.9
v 1.2 0.5 0.7
v 1.2 0.5 -0.8
v 1.2 0.5 -1
v 1.2 0.5 -1.5
v 1.2 0.5 -1.6
v 1.2 0.6 1.6
v 1.2 0.6 1.5
v 1.2 0.6 1.3
v 1.2 0.6 1.2
v 1.2 0.6 1.1
v 1.2 0.6 -0.8
v 1.2 0.6 -1
v 1.2 0.7 1.5
v 1.2 0.7 1.3
v 1.3 0.1 -0.6
v 1.3 0.1 -0.7
v 1.3 0.2 -0.6
v 1.3 0.2 -1.4
v 1.3 0.2 -1.5
v 1.3 0.3 1.8
v 1.3 0.3 1.6
v 1.3 0.3 -1.4
v 1.3 0.3 -1.5
v 1.3 0.3 -1.7
v 1.3 0.3 -1.9
v 1.3 0.4 1.8
v 1.3 0.4 1.7
v 1.3 0.4 -1.1
v 1.3 0.4 -1.2
v 1.3 0.4 -1.7
v 1.3 0.4 -1.8
v 1.3 0.5 1.7
v 1.3 0.5 1.6
v 1.3 0.5 1.1
v 1.3 0.5 0.9
v 1.3 0.5 -0.6
v 1.3 0.5 -0.7
v 1.3 0.5 -1
v 1.3 0.5 -1.1
v 1.3 0.5 -1.2
v 1.3 0.5 -1.8
v 1.3 0.5 -1.9
v 1.3 0.6 1.1
v 1.3 0.6 0.9
v 1.3 0.6 -1
v 1.3 0.6 -1.1
v 1.4 0.1 -0.5
v 1.4 0.1 -0.6
v 1.4 0.3 1.9
v 1.4 0.3 1.8
v 1.4 0.3 -1.2
v 1.4 0.3 -1.4
v 1.4 0.4 1.9
v 1.4 0.4 1.8
v 1.4 0.4 -0.5
v 1.4 0.4 -0.6
v 1.4 0.4 -1.3
v 1.4 0.4 -1.4
v 1.4 0.5 -1.2
v 1.4 0.5 -1.3
v 1.5 0.1 1.4
v 1.5 0.1 1.3
v 1.5 0.1 1
v 1.5 0.1 0.6
v 1.5 0.1 0.4
v 1.5 0.1 0.2
v 1.5 0.1 0.1
v 1.5 0.1 0
v 1.5 0.1 -0.6
v 1.5 0.1 -0.7
v 1.5 0.2 1.4
v 1.5 0.2 1.3
v 1.5 0.2 1
v 1.5 0.2 0.6
v 1.5 0.2 0.5
v 1.5 0.2 0.4
v 1.5 0.2 0.1
v 1.5 0.2 0
v 1.5 0.2 -0.3
v 1.5 0.3 0.3
v 1.5 0.3 0.2
v 1.5 0.4 0.4
v 1.5 0.4 0.3
v 1.5 0.4 -0.3
v 1.5 0.4 -0.5
v 1.5 0.4 -0.6
v 1.5 0.4 -0.7
v 1.5 0.5 1.7
v 1.5 0.5 1.6
v 1.5 0.5 0.5
v 1.5 0.5 0.4
v 1.5 0.5 0
v 1.5 0.5 -0.5
v 1.5 0.5 -0.8
v 1.5 0.5 -0.9
v 1.5 0.6 1.7
v 1.5 0.6 1.6
v 1.5 0.6 -0.8
v 1.5 0.6 -0.9
v 1.5 0.6 -1.1
v 1.5 0.7 -0.9
v 1.5 0.7 -1.1
v 1.6 0.2 1
v 1.6 0.2 0.5
v 1.6 0.3 0.3
v 1.6 0.3 0.2
v 1.6 0.4 1
v 1.6 0.4 0.4
v 1.6 0.4 0.3
v 1.6 0.4 0.2
v 1.6 0.5 1
v 1.6 0.5 0.6
v 1.6 0.5 0.5
v 1.6 0.5 0.4
v 1.6 0.5 0.3
v 1.6 0.5 0
v 1.6 0.5 -0.3
v 1.6 0.5 -0.4
v 1.6 0.5 -0.5
v 1.6 0.6 0.6
v 1.6 0.6 0.5
v 1.6 0.6 0
v 1.6 0.6 -0.3
v 1.6 0.6 -0.4
v 1.6 0.6 -0.5
v 1.7 0.1 0.2
v 1.7 0.1 0.1
v 1.7 0.2 0.1
v 1.7 0.2 0
v 1.7 0.3 1.1
v 1.7 0.3 1
v 1.7 0.4 1.2
v 1.7 0.4 1.1
v 1.7 0.4 0.2
v 1.7 0.4 0.1
v 1.7 0.4 -0.5
v 1.7 0.4 -0.6
v 1.7 0.5 1.2
v 1.7 0.5 1
v 1.7 0.5 0.6
v 1.7 0.5 0.5
v 1.7 0.5 0.4
v 1.7 0.5 -0.3
v 1.7 0.5 -0.4
v 1.7 0.6 1
v 1.7 0.6 0.9
v 1.7 0.6 0.6
v 1.7 0.6 0.5
v 1.7 0.6 0.4
v 1.7 0.6 0.1
v 1.7 0.6 0
v 1.7 0.6 -0.2
v 1.7 0.6 -0.3
v 1.7 0.6 -0.4
v 1.7 0.6 -0.5
v 1.7 0.6 -0.6
v 1.7 0.7 0.9
v 1.7 0.7 0.6
v 1.7 0.7 -0.2
v 1.7 0.7 -0.3
v 1.8 0.5 0.6
v 1.8 0.5 0.5
v 1.8 0.6 0.5
v 1.8 0.6 0
v 1.8 0.6 -0.2
v 1.8 0.6 -0.3
v 1.8 0.6 -0.4
v 1.8 0.7 0.8
v 1.8 0.7 0.6
v 1.8 0.7 0.5
v 1.8 0.7 0
v 1.8 0.7 -0.2
v 1.8 0.7 -0.3
v 1.8 0.7 -0.4
v 1.8 0.8 0.8
v 1.8 0.8 0.6
v 1.9 0.6 0.5
v 1.9 0.6 0.4
v 1.9 0.7 0.5
v 1.9 0.7 0.4
v 2 0.4 0.4
v 2 0.4 0.3
v 2 0.6 0.4
v 2 0.6 0.3
v -2 0.4 0.2
v -2 0.4 0.1
v -2 0.5 0.2
v -2 0.5 0.1
v -1.9 0.4 0.1
v -1.9 0.4 -0.0999999
v -1.9 0.5 0.1
v -1.9 0.5 -0.0999999
v -1.7 0.4 0.9
v -1.7 0.4 0.8
v -1.7 0.5 1
v -1.7 0.5 0.9
v -1.7 0.5 0.8
v -1.7 0.5 -0.9
v -1.7 0.5 -1
v -1.7 0.6 1
v -1.7 0.6 0.9
v -1.7 0.6 -0.5
v -1.7 0.6 -0.6
v -1.7 0.6 -0.7
v -1.7 0.6 -0.8
v -1.7 0.6 -0.9
v -1.7 0.6 -1
v -1.7 0.7 -0.5
v -1.7 0.7 -0.6
v -1.7 0.7 -0.7
v -1.7 0.7 -0.8
v -1.6 0.1 1.6
v -1.6 0.1 1.5
v -1.6 0.1 -0.0999999
v -1.6 0.1 -0.2
v -1.6 0.1 -1.9
v -1.6 0.1 -2
v -1.6 0.2 -1.9
v -1.6 0.2 -2
v -1.6 0.3 1.6
v -1.6 0.3 1.5
v -1.6 0.3 1.4
v -1.6 0.3 1.3
v -1.6 0.3 -0.0999999
v -1.6 0.3 -0.2
v -1.6 0.3 -0.9
v -1.6 0.3 -1
v -1.6 0.4 1.4
v -1.6 0.4 1.3
v -1.6 0.4 -0.3
v -1.6 0.4 -0.5
v -1.6 0.4 -0.9
v -1.6 0.4 -1
v -1.6 0.4 -1.6
v -1.6 0.4 -1.7
v -1.6 0.5 -0.3
v -1.6 0.5 -0.4
v -1.6 0.5 -1.6
v -1.6 0.5 -1.7
v -1.6 0.6 -0.4
v -1.6 0.6 -0.5
v -1.6 0.6 -0.6
v -1.6 0.6 -0.7
v -1.6 0.6 -0.8
v -1.6 0.6 -0.9
v -1.6 0.7 -0.6
v -1.6 0.7 -0.7
v -1.6 0.7 -0.8
v -1.6 0.7 -0.9
v -1.5 0.2 -1.9
v -1.5 0.2 -2
v -1.5 0.3 0.6
v -1.5 0.3 0.5
v -1.5 0.3 -0.2
v -1.5 0.3 -0.3
v -1.5 0.3 -1.9
v -1.5 0.3 -2
v -1.5 0.4 0.6
v -1.5 0.4 0.5
v -1.5 0.4 0.4
v -1.5 0.4 -0.2
v -1.5 0.4 -0.3
v -1.5 0.4 -0.9
v -1.5 0.4 -1
v -1.5 0.5 0.5
v -1.5 0.5 0.4
v -1.5 0.5 0.1
v -1.5 0.5 -0.5
v -1.5 0.5 -0.9
v -1.5 0.5 -1
v -1.5 0.6 1.1
v -1.5 0.6 1
v -1.5 0.6 0.4
v -1.5 0.6 0.1
v -1.5 0.6 -0.5
v -1.5 0.6 -0.9
v -1.5 0.7 1.1
v -1.5 0.7 1
v -1.4 0.1 0.7
v -1.4 0.1 0.6
v -1.4 0.1 0
v -1.4 0.1 -0.0999999
v -1.4 0.1 -0.2
v -1.4 0.1 -0.3
v -1.4 0.1 -0.9
v -1.4 0.1 -1
v -1.4 0.2 0.6
v -1.4 0.2 0.5
v -1.4 0.2 -0.3
v -1.4 0.2 -0.9
v -1.4 0.3 0.6
v -1.4 0.3 0.5
v -1.4 0.3 -0.2
v -1.4 0.3 -0.3
v -1.4 0.3 -0.9
v -1.4 0.3 -1
v -1.4 0.4 -0.3
v -1.4 0.4 -0.5
v -1.4 0.5 0.9
v -1.4 0.5 0.7
v -1.4 0.5 0.6
v -1.4 0.5 0
v -1.4 0.5 -0.0999999
v -1.4 0.5 -0.5
v -1.4 0.5 -0.9
v -1.4 0.6 0.9
v -1.4 0.6 0.7
v -1.3 0.1 0.6
v -1.3 0.1 0.5
v -1.3 0.1 0.4
v -1.3 0.1 0
v -1.3 0.1 -0.3
v -1.3 0.1 -0.9
v -1.3 0.2 1.5
v -1.3 0.2 1.4
v -1.3 0.2 0.6
v -1.3 0.2 0.5
v -1.3 0.2 -0.3
v -1.3 0.2 -0.9
v -1.3 0.3 1.5
v -1.3 0.3 1.4
v -1.3 0.3 1.3
v -1.3 0.3 1.2
v -1.3 0.4 -1.1
v -1.3 0.4 -1.2
v -1.3 0.5 1.2
v -1.3 0.5 1.1
v -1.3 0.5 0.4
v -1.3 0.5 0
v -1.3 0.5 -1.1
v -1.3 0.5 -1.2
v -1.3 0.5 -1.4
v -1.3 0.6 1.1
v -1.3 0.6 0.9
v -1.3 0.6 -1.2
v -1.3 0.6 -1.3
v -1.3 0.6 -1.4
v -1.3 0.6 -1.7
v -1.3 0.7 1.3
v -1.3 0.7 0.9
v -1.3 0.7 -1.3
v -1.3 0.7 -1.7
v -1.2 0.2 1.4
v -1.2 0.2 1.3
v -1.2 0.2 0.8
v -1.2 0.2 0.7
v -1.2 0.2 0.5
v -1.2 0.2 0.4
v -1.2 0.2 -1
v -1.2 0.2 -1.1
v -1.2 0.3 1.4
v -1.2 0.3 1.3
v -1.2 0.3 -1
v -1.2 0.3 -1.1
v -1.2 0.4 1.2
v -1.2 0.4 1
v -1.2 0.5 1.2
v -1.2 0.5 1.1
v -1.2 0.5 1
v -1.2 0.5 0.9
v -1.2 0.5 0.8
v -1.2 0.5 0.7
v -1.2 0.5 0.5
v -1.2 0.5 0.4
v -1.2 0.5 -1.4
v -1.2 0.5 -1.8
v -1.2 0.6 1.1
v -1.2 0.6 0.9
v -1.2 0.6 -1.4
v -1.2 0.6 -1.8
v -1.1 0.1 1
v -1.1 0.1 0.9
v -1.1 0.1 0.7
v -1.1 0.1 0.4
v -1.1 0.1 -0.0999999
v -1.1 0.1 -0.3
v -1.1 0.1 -1
v -1.1 0.1 -1.1
v -1.1 0.1 -1.8
v -1.1 0.1 -1.9
v -1.1 0.2 0.9
v -1.1 0.2 0.8
v -1.1 0.2 0.7
v -1.1 0.2 0.4
v -1.1 0.2 -0.0999999
v -1.1 0.2 -0.3
v -1.1 0.2 -1
v -1.1 0.2 -1.1
v -1.1 0.2 -1.6
v -1.1 0.2 -1.8
v -1.1 0.2 -1.9
v -1.1 0.3 -1.6
v -1.1 0.3 -1.8
v -1.1 0.4 1
v -1.1 0.4 -1.1
v -1.1 0.4 -1.2
v -1.1 0.4 -1.8
v -1.1 0.4 -1.9
v -1.1 0.5 1
v -1.1 0.5 0.8
v -1.1 0.5 -1.2
v -1.1 0.5 -1.9
v -1 0.1 0.8
v -1 0.1 0.7
v -1 0.1 0.3
v -1 0.1 0.1
v -1 0.1 -0.5
v -1 0.1 -0.6
v -1 0.1 -1.1
v -1 0.1 -1.3
v -1 0.1 -1.4
v -1 0.1 -1.5
v -1 0.2 0.8
v -1 0.2 0.7
v -1 0.2 0.3
v -1 0.2 0.1
v -1 0.2 -0.4
v -1 0.2 -0.5
v -1 0.2 -0.6
v -1 0.2 -0.7
v -1 0.2 -0.8
v -1 0.2 -1.1
v -1 0.2 -1.3
v -1 0.2 -1.4
v -1 0.2 -1.5
v -1 0.3 -0.4
v -1 0.3 -0.6
v -1 0.3 -0.7
v -1 0.3 -0.8
v -0.9 0.1 0.5
v -0.9 0.1 0.4
v -0.9 0.2 0.5
v -0.9 0.2 0.4
v -0.9 0.5 -1.7
v -0.9 0.5 -1.9
v -0.9 0.6 1.4
v -0.9 0.6 1.3
v -0.9 0.6 -1.7
v -0.9 0.6 -1.9
v -0.9 0.7 1.4
v -0.9 0.7 1.3
v -0.8 0.2 -0.8
v -0.8 0.2 -0.9
v -0.8 0.3 -0.8
v -0.8 0.3 -0.9
v -0.8 0.6 1.5
v -0.8 0.6 1.4
v -0.8 0.7 1.5
v -0.8 0.7 1.4
v -0.7 0.2 -0.3
v -0.7 0.2 -0.5
v -0.7 0.3 -0.3
v -0.7 0.3 -0.4
v -0.7 0.3 -0.6
v -0.7 0.3 -0.7
v -0.7 0.4 1.1
v -0.7 0.4 1
v -0.7 0.4 0.1
v -0.7 0.4 -0.2
v -0.7 0.4 -0.4
v -0.7 0.4 -0.5
v -0.7 0.4 -0.6
v -0.7 0.4 -0.7
v -0.7 0.4 -1.3
v -0.7 0.4 -1.4
v -0.7 0.5 1.2
v -0.7 0.5 1.1
v -0.7 0.5 0.1
v -0.7 0.5 -0.0999999
v -0.7 0.5 -0.2
v -0.7 0.5 -0.3
v -0.7 0.5 -0.4
v -0.7 0.5 -0.6
v -0.7 0.5 -1.3
v -0.7 0.5 -1.4
v -0.7 0.5 -2
v -0.7 0.5 -2.1
v -0.7 0.6 1.2
v -0.7 0.6 1
v -0.7 0.6 -0.0999999
v -0.7 0.6 -0.3
v -0.7 0.6 -1.9
v -0.7 0.6 -2
v -0.7 0.6 -2.1
v -0.7 0.7 -1.9
v -0.7 0.7 -2
v -0.6 0.1 1.2
v -0.6 0.1 1
v -0.6 0.2 1.9
v -0.6 0.2 1.8
v -0.6 0.2 -0.6
v -0.6 0.2 -0.7
v -0.6 0.3 1.9
v -0.6 0.3 1.8
v -0.6 0.3 -0.6
v -0.6 0.3 -0.7
v -0.6 0.4 1.1
v -0.6 0.4 1
v -0.6 0.4 0.2
v -0.6 0.4 0.1
v -0.6 0.5 1.7
v -0.6 0.5 1.5
v -0.6 0.5 1.2
v -0.6 0.5 1.1
v -0.6 0.5 0.2
v -0.6 0.5 0.1
v -0.6 0.6 1.8
v -0.6 0.6 1.7
v -0.6 0.6 1.5
v -0.6 0.6 1.4
v -0.6 0.7 1.8
v -0.6 0.7 1.4
v -0.5 0.1 1.9
v -0.5 0.1 1.8
v -0.5 0.2 1.9
v -0.5 0.2 1.8
v -0.5 0.2 -0.9
v -0.5 0.2 -1
v -0.5 0.3 -0.0999999
v -0.5 0.3 -0.2
v -0.5 0.3 -0.7
v -0.5 0.3 -0.8
v -0.5 0.3 -0.9
v -0.5 0.3 -1
v -0.5 0.3 -2.1
v -0.5 0.3 -2.2
v -0.5 0.4 0.1
v -0.5 0.4 -0.0999999
v -0.5 0.4 -0.7
v -0.5 0.4 -0.8
v -0.5 0.4 -1.4
v -0.5 0.4 -1.7
v -0.5 0.5 1.3
v -0.5 0.5 1.2
v -0.5 0.5 0.1
v -0.5 0.5 -1.4
v -0.5 0.5 -1.5
v -0.5 0.5 -1.7
v -0.5 0.5 -2
v -0.5 0.5 -2.1
v -0.5 0.5 -2.2
v -0.5 0.6 1.3
v -0.5 0.6 1.2
v -0.5 0.6 0.1
v -0.5 0.6 -0.2
v -0.5 0.6 -1.5
v -0.5 0.6 -1.6
v -0.5 0.6 -1.9
v -0.5 0.6 -2
v -0.5 0.7 -1.6
v -0.5 0.7 -1.9
v -0.4 0.1 -1.2
v -0.4 0.1 -1.4
v -0.4 0.1 -2
v -0.4 0.1 -2.1
v -0.4 0.2 0.2
v -0.4 0.2 0.1
v -0.4 0.2 -1.9
v -0.4 0.2 -2
v -0.4 0.2 -2.1
v -0.4 0.3 1.8
v -0.4 0.3 1.2
v -0.4 0.3 0.6
v -0.4 0.3 0.5
v -0.4 0.3 0.3
v -0.4 0.3 0.2
v -0.4 0.3 -1.4
v -0.4 0.3 -1.5
v -0.4 0.3 -2
v -0.4 0.3 -2.1
v -0.4 0.4 0.6
v -0.4 0.4 0.5
v -0.4 0.4 -0.3
v -0.4 0.4 -0.4
v -0.4 0.4 -0.5
v -0.4 0.4 -0.6
v -0.4 0.4 -1.2
v -0.4 0.4 -1.5
v -0.4 0.5 1.3
v -0.4 0.5 1.2
v -0.4 0.5 0.3
v -0.4 0.5 0.1
v -0.4 0.5 -0.2
v -0.4 0.5 -0.3
v -0.4 0.5 -0.4
v -0.4 0.5 -0.5
v -0.4 0.5 -0.6
v -0.4 0.5 -1.9
v -0.4 0.5 -2.1
v -0.4 0.6 1.8
v -0.4 0.6 1.3
v -0.4 0.6 -0.2
v -0.4 0.6 -0.4
v -0.3 0.1 0.9
v -0.3 0.1 0.8
v -0.3 0.1 -1
v -0.3 0.1 -1.1
v -0.3 0.2 0.9
v -0.3 0.2 0.8
v -0.3 0.2 -1
v -0.3 0.2 -1.1
v -0.3 0.2 -1.4
v -0.3 0.2 -1.5
v -0.3 0.2 -1.6
v -0.3 0.2 -1.9
v -0.3 0.2 -2
v -0.3 0.2 -2.1
v -0.3 0.2 -2.2
v -0.3 0.3 -0.9
v -0.3 0.3 -1
v -0.3 0.3 -1.4
v -0.3 0.3 -1.5
v -0.3 0.3 -1.6
v -0.3 0.3 -1.9
v -0.3 0.3 -2
v -0.3 0.3 -2.2
v -0.3 0.4 -0.2
v -0.3 0.4 -0.3
v -0.3 0.4 -0.9
v -0.3 0.4 -1
v -0.3 0.4 -1.5
v -0.3 0.4 -1.6
v -0.3 0.5 0.4
v -0.3 0.5 0.3
v -0.3 0.5 -0.2
v -0.3 0.5 -0.3
v -0.3 0.5 -1.6
v -0.3 0.5 -1.9
v -0.3 0.6 0.4
v -0.3 0.6 0.3
v -0.2 0.1 -1.5
v -0.2 0.1 -1.6
v -0.2 0.2 -0.7
v -0.2 0.2 -0.8
v -0.2 0.3 -0.7
v -0.2 0.3 -0.8
v -0.2 0.3 -1.5
v -0.2 0.3 -1.6
v -0.2 0.4 -0.6
v -0.2 0.4 -0.7
v -0.2 0.5 -0.6
v -0.2 0.5 -0.7
v -0.0999999 0.2 -0.0999999
v -0.0999999 0.2 -0.3
v -0.0999999 0.2 -0.9
v -0.0999999 0.2 -1
v -0.0999999 0.3 1.3
v -0.0999999 0.3 1.2
v -0.0999999 0.3 -0.2
v -0.0999999 0.3 -0.3
v -0.0999999 0.3 -0.8
v -0.0999999 0.3 -0.9
v -0.0999999 0.3 -1
v -0.0999999 0.4 1.3
v -0.0999999 0.4 1.2
v -0.0999999 0.4 0.5
v -0.0999999 0.4 0.4
v -0.0999999 0.4 0.1
v -0.0999999 0.4 0
v -0.0999999 0.4 -0.0999999
v -0.0999999 0.4 -0.2
v -0.0999999 0.4 -0.3
v -0.0999999 0.4 -0.7
v -0.0999999 0.4 -0.8
v -0.0999999 0.4 -0.9
v -0.0999999 0.5 0.5
v -0.0999999 0.5 0.4
v -0.0999999 0.5 0.2
v -0.0999999 0.5 0.1
v -0.0999999 0.5 0
v -0.0999999 0.5 -0.0999999
v -0.0999999 0.5 -0.2
v -0.0999999 0.5 -0.4
v -0.0999999 0.5 -0.5
v -0.0999999 0.5 -0.7
v -0.0999999 0.5 -0.8
v -0.0999999 0.6 0.2
v -0.0999999 0.6 -0.0999999
v -0.0999999 0.6 -0.4
v -0.0999999 0.6 -0.5
v 0 0.3 -2
v 0 0.3 -2.1
v 0 0.4 0.6
v 0 0.4 0.5
v 0 0.4 0.2
v 0 0.4 0.1
v 0 0.4 0
v 0 0.4 -0.0999999
v 0 0.4 -1.4
v 0 0.4 -1.5
v 0 0.4 -2
v 0 0.4 -2.1
v 0 0.5 0.6
v 0 0.5 0.5
v 0 0.5 0.3
v 0 0.5 0.2
v 0 0.5 0.1
v 0 0.5 0
v 0 0.5 -0.0999999
v 0 0.5 -0.5
v 0 0.5 -0.6
v 0 0.5 -1.4
v 0 0.5 -1.5
v 0 0.6 0.3
v 0 0.6 -0.5
v 0 0.6 -0.6
v 0 0.7 0.3
v 0 0.7 0.2
v 0.1 0.1 1
v 0.1 0.1 0.9
v 0.1 0.2 1
v 0.1 0.2 0.9
v 0.1 0.2 -1
v 0.1 0.2 -1.1
v 0.1 0.3 -1
v 0.1 0.3 -1.1
v 0.1 0.4 -1.5
v 0.1 0.4 -1.6
v 0.1 0.5 1.5
v 0.1 0.5 1.4
v 0.1 0.5 0.4
v 0.1 0.5 0.3
v 0.1 0.5 -1.5
v 0.1 0.5 -1.6
v 0.1 0.5 -1.7
v 0.1 0.5 -1.8
v 0.1 0.6 1.5
v 0.1 0.6 1.4
v 0.1 0.6 0.4
v 0.1 0.6 0.3
v 0.1 0.6 -1.7
v 0.1 0.6 -1.8
v 0.2 0.1 -1.2
v 0.2 0.1 -1.3
v 0.2 0.2 -1.2
v 0.2 0.3 1.3
v 0.2 0.3 1.2
v 0.2 0.3 -0.8
v 0.2 0.3 -0.9
v 0.2 0.4 1.3
v 0.2 0.4 1.2
v 0.2 0.4 0.6
v 0.2 0.4 0.5
v 0.2 0.4 -0.4
v 0.2 0.4 -0.5
v 0.2 0.4 -0.6
v 0.2 0.4 -0.8
v 0.2 0.4 -0.9
v 0.2 0.4 -1.2
v 0.2 0.4 -1.3
v 0.2 0.4 -2
v 0.2 0.4 -2.1
v 0.2 0.5 0.6
v 0.2 0.5 0.5
v 0.2 0.5 -0.2
v 0.2 0.5 -0.3
v 0.2 0.5 -0.4
v 0.2 0.5 -0.5
v 0.2 0.5 -0.6
v 0.2 0.5 -0.8
v 0.2 0.5 -1.2
v 0.2 0.5 -1.3
v 0.2 0.5 -1.8
v 0.2 0.5 -2
v 0.2 0.5 -2.1
v 0.2 0.6 -0.2
v 0.2 0.6 -0.3
v 0.2 0.6 -1.8
v 0.2 0.6 -2
v 0.3 0.1 -1.3
v 0.3 0.1 -1.4
v 0.3 0.2 0.6
v 0.3 0.2 0.5
v 0.3 0.2 0.4
v 0.3 0.2 0.3
v 0.3 0.3 0.7
v 0.3 0.3 0.6
v 0.3 0.3 -0.5
v 0.3 0.3 -0.6
v 0.3 0.3 -1.3
v 0.3 0.3 -1.4
v 0.3 0.4 0.7
v 0.3 0.4 0.5
v 0.3 0.4 0.4
v 0.3 0.4 -0.6
v 0.3 0.5 0.5
v 0.3 0.5 0.4
v 0.3 0.5 0.3
v 0.3 0.5 0.2
v 0.3 0.5 0.1
v 0.3 0.5 -0.5
v 0.3 0.5 -0.6
v 0.3 0.5 -1.5
v 0.3 0.5 -1.6
v 0.3 0.6 1.6
v 0.3 0.6 1.5
v 0.3 0.6 0.3
v 0.3 0.6 0.2
v 0.3 0.6 0.1
v 0.3 0.6 -1.5
v 0.3 0.6 -1.6
v 0.3 0.7 1.6
v 0.3 0.7 1.5
v 0.4 0.2 0.9
v 0.4 0.2 0.8
v 0.4 0.2 -1
v 0.4 0.2 -1.2
v 0.4 0.3 1.9
v 0.4 0.3 1.8
v 0.4 0.3 0.9
v 0.4 0.3 0.8
v 0.4 0.3 0.3
v 0.4 0.3 0.2
v 0.4 0.3 -0.4
v 0.4 0.3 -0.5
v 0.4 0.3 -1
v 0.4 0.3 -1.2
v 0.4 0.3 -1.4
v 0.4 0.3 -2
v 0.4 0.3 -2.2
v 0.4 0.4 1.9
v 0.4 0.4 1.8
v 0.4 0.4 0.2
v 0.4 0.4 0.1
v 0.4 0.4 0
v 0.4 0.4 -0.0999999
v 0.4 0.4 -0.3
v 0.4 0.4 -0.4
v 0.4 0.4 -1.2
v 0.4 0.4 -1.4
v 0.4 0.4 -1.5
v 0.4 0.4 -1.9
v 0.4 0.4 -2
v 0.4 0.4 -2.2
v 0.4 0.5 0.3
v 0.4 0.5 0.1
v 0.4 0.5 0
v 0.4 0.5 -0.0999999
v 0.4 0.5 -0.2
v 0.4 0.5 -0.3
v 0.4 0.5 -0.4
v 0.4 0.5 -0.5
v 0.4 0.5 -1.4
v 0.4 0.5 -1.5
v 0.4 0.5 -1.6
v 0.4 0.5 -1.7
v 0.4 0.5 -1.8
v 0.4 0.5 -1.9
v 0.4 0.5 -2
v 0.4 0.6 1.7
v 0.4 0.6 1.6
v 0.4 0.6 -0.2
v 0.4 0.6 -0.4
v 0.4 0.6 -1.6
v 0.4 0.6 -1.7
v 0.4 0.6 -1.8
v 0.4 0.7 1.7
v 0.4 0.7 1.6
v 0.4 0.7 -1.6
v 0.4 0.7 -1.7
v 0.5 0 -1.9
v 0.5 0 -2
v 0.5 0.1 2
v 0.5 0.1 1.9
v 0.5 0.1 -1
v 0.5 0.1 -1.1
v 0.5 0.1 -1.9
v 0.5 0.1 -2
v 0.5 0.2 2
v 0.5 0.2 1.9
v 0.5 0.2 0.7
v 0.5 0.2 0.6
v 0.5 0.2 -1
v 0.5 0.2 -1.1
v 0.5 0.2 -2
v 0.5 0.2 -2.2
v 0.5 0.3 1.3
v 0.5 0.3 1.2
v 0.5 0.3 0.7
v 0.5 0.3 0.6
v 0.5 0.3 0.5
v 0.5 0.3 0.4
v 0.5 0.3 0.2
v 0.5 0.3 0.1
v 0.5 0.3 0
v 0.5 0.3 -0.0999999
v 0.5 0.3 -0.9
v 0.5 0.3 -1
v 0.5 0.3 -1.8
v 0.5 0.3 -2
v 0.5 0.3 -2.2
v 0.5 0.4 1.3
v 0.5 0.4 1.2
v 0.5 0.4 0.7
v 0.5 0.4 0.6
v 0.5 0.4 0.5
v 0.5 0.4 0.4
v 0.5 0.4 0.2
v 0.5 0.4 0.1
v 0.5 0.4 0
v 0.5 0.4 -0.0999999
v 0.5 0.4 -0.7
v 0.5 0.4 -0.8
v 0.5 0.4 -0.9
v 0.5 0.4 -1
v 0.5 0.4 -1.9
v 0.5 0.4 -2
v 0.5 0.5 1.8
v 0.5 0.5 1.7
v 0.5 0.5 1.6
v 0.5 0.5 1.4
v 0.5 0.5 0.1
v 0.5 0.5 0
v 0.5 0.5 -0.0999999
v 0.5 0.5 -0.2
v 0.5 0.5 -0.7
v 0.5 0.5 -0.8
v 0.5 0.5 -1.8
v 0.5 0.5 -1.9
v 0.5 0.6 1.8
v 0.5 0.6 1.7
v 0.5 0.6 1.6
v 0.5 0.6 1.4
v 0.5 0.6 -0.0999999
v 0.5 0.6 -0.2
v 0.6 0.1 0.9
v 0.6 0.1 0.8
v 0.6 0.1 -0.9
v 0.6 0.1 -1
v 0.6 0.1 -2
v 0.6 0.1 -2.2
v 0.6 0.2 0.9
v 0.6 0.2 0.8
v 0.6 0.2 -0.7
v 0.6 0.2 -0.8
v 0.6 0.2 -1
v 0.6 0.2 -1.8
v 0.6 0.2 -2
v 0.6 0.2 -2.2
v 0.6 0.3 0.8
v 0.6 0.3 0.7
v 0.6 0.3 0.6
v 0.6 0.3 0.5
v 0.6 0.3 0.1
v 0.6 0.3 0
v 0.6 0.3 -0.2
v 0.6 0.3 -0.4
v 0.6 0.3 -0.6
v 0.6 0.3 -0.7
v 0.6 0.3 -0.8
v 0.6 0.3 -0.9
v 0.6 0.3 -1
v 0.6 0.3 -1.4
v 0.6 0.3 -1.8
v 0.6 0.3 -2
v 0.6 0.4 1.6
v 0.6 0.4 1.5
v 0.6 0.4 0.8
v 0.6 0.4 0.7
v 0.6 0.4 0.6
v 0.6 0.4 0.5
v 0.6 0.4 0.1
v 0.6 0.4 0
v 0.6 0.4 -0.0999999
v 0.6 0.4 -0.2
v 0.6 0.4 -0.3
v 0.6 0.4 -0.4
v 0.6 0.4 -0.6
v 0.6 0.4 -0.7
v 0.6 0.4 -0.8
v 0.6 0.4 -1.4
v 0.6 0.4 -1.5
v 0.6 0.5 1.7
v 0.6 0.5 1.6
v 0.6 0.5 1.5
v 0.6 0.5 -0.0999999
v 0.6 0.5 -0.3
v 0.6 0.5 -1.5
v 0.6 0.5 -1.8
v 0.6 0.6 1.7
v 0.6 0.6 1.6
v 0.7 0 2
v 0.7 0 1.9
v 0.7 0.1 2
v 0.7 0.1 1.9
v 0.7 0.1 1.2
v 0.7 0.1 1.1
v 0.7 0.1 -1.1
v 0.7 0.1 -1.3
v 0.7 0.2 1.2
v 0.7 0.2 1.1
v 0.7 0.2 0.6
v 0.7 0.2 0.5
v 0.7 0.2 -0.5
v 0.7 0.2 -0.7
v 0.7 0.2 -0.8
v 0.7 0.2 -0.9
v 0.7 0.2 -1.1
v 0.7 0.2 -1.3
v 0.7 0.3 0.6
v 0.7 0.3 0.5
v 0.7 0.3 0.2
v 0.7 0.3 0.1
v 0.7 0.3 0
v 0.7 0.3 -0.0999999
v 0.7 0.3 -0.2
v 0.7 0.3 -0.6
v 0.7 0.3 -0.7
v 0.7 0.3 -0.8
v 0.7 0.3 -0.9
v 0.7 0.4 1.8
v 0.7 0.4 1.6
v 0.7 0.4 1.5
v 0.7 0.4 1.3
v 0.7 0.4 0.2
v 0.7 0.4 0.1
v 0.7 0.4 0
v 0.7 0.4 -0.2
v 0.7 0.4 -0.5
v 0.7 0.4 -0.6
v 0.7 0.5 1.8
v 0.7 0.5 1.6
v 0.7 0.5 1.5
v 0.7 0.5 1.3
v 0.8 0 1.9
v 0.8 0 1.8
v 0.8 0 -1.8
v 0.8 0 -1.9
v 0.8 0.1 1.3
v 0.8 0.1 1.2
v 0.8 0.1 0.8
v 0.8 0.1 0.7
v 0.8 0.1 -1
v 0.8 0.1 -1.1
v 0.8 0.1 -1.8
v 0.8 0.1 -1.9
v 0.8 0.2 1.8
v 0.8 0.2 1.3
v 0.8 0.2 0.3
v 0.8 0.2 0.1
v 0.8 0.2 -0.0999999
v 0.8 0.2 -0.2
v 0.8 0.2 -0.3
v 0.8 0.2 -0.5
v 0.8 0.2 -1
v 0.8 0.2 -1.1
v 0.8 0.3 1.9
v 0.8 0.3 1.8
v 0.8 0.3 0.8
v 0.8 0.3 0.7
v 0.8 0.3 0.5
v 0.8 0.3 0.3
v 0.8 0.3 0.1
v 0.8 0.3 -0.0999999
v 0.8 0.3 -0.3
v 0.8 0.3 -0.4
v 0.8 0.4 1.8
v 0.8 0.4 1.2
v 0.8 0.4 0.5
v 0.8 0.4 0.3
v 0.8 0.4 -0.4
v 0.8 0.4 -0.5
v 0.9 0 1.8
v 0.9 0 1.7
v 0.9 0 -1
v 0.9 0 -1.1
v 0.9 0.1 1.8
v 0.9 0.1 1.7
v 0.9 0.1 -0.9
v 0.9 0.1 -1
v 0.9 0.1 -1.1
v 0.9 0.2 -0.8
v 0.9 0.2 -0.9
v 0.9 0.2 -1
v 0.9 0.3 -0.8
v 0.9 0.3 -0.9
v 0.9 0.4 -1.7
v 0.9 0.4 -2
v 0.9 0.6 -1.8
v 0.9 0.6 -2
v 0.9 0.7 -1.7
v 0.9 0.7 -1.8
v 1 0 1.7
v 1 0 1.6
v 1 0 -1.7
v 1 0 -1.8
v 1 0.1 1.7
v 1 0.1 1.6
v 1 0.1 -0.8
v 1 0.1 -0.9
v 1 0.1 -1.7
v 1 0.1 -1.8
v 1 0.2 -0.8
v 1 0.2 -0.9
v 1 0.3 -1.3
v 1 0.3 -1.4
v 1 0.3 -1.9
v 1 0.3 -2
v 1 0.4 -1.9
v 1 0.4 -2
v 1 0.5 -1.3
v 1 0.5 -1.4
v 1 0.6 -1.5
v 1 0.6 -1.6
v 1 0.7 -1.5
v 1 0.7 -1.6
v 1.1 0.1 1.9
v 1.1 0.1 1.6
v 1.1 0.2 1.9
v 1.1 0.2 1.6
v 1.1 0.2 -1.9
v 1.1 0.2 -2
v 1.1 0.2 -2.1
v 1.1 0.2 -2.2
v 1.1 0.3 1.8
v 1.1 0.3 1.7
v 1.1 0.3 -1.9
v 1.1 0.3 -2
v 1.1 0.3 -2.1
v 1.1 0.3 -2.2
v 1.1 0.4 1.8
v 1.1 0.4 1.7
v 1.1 0.4 -1.4
v 1.1 0.4 -1.6
v 1.1 0.4 -2
v 1.1 0.4 -2.1
v 1.1 0.6 -1.4
v 1.1 0.6 -1.6
v 1.1 0.6 -1.7
v 1.1 0.7 -1.6
v 1.1 0.7 -1.7
v 1.2 0 -1.6
v 1.2 0 -1.7
v 1.2 0.1 -0.6
v 1.2 0.1 -0.7
v 1.2 0.1 -1.6
v 1.2 0.1 -1.7
v 1.2 0.1 -2.1
v 1.2 0.1 -2.2
v 1.2 0.2 -0.6
v 1.2 0.2 -0.7
v 1.2 0.2 -1.4
v 1.2 0.2 -1.5
v 1.2 0.2 -2
v 1.2 0.2 -2.1
v 1.2 0.2 -2.2
v 1.2 0.3 1.7
v 1.2 0.3 1.6
v 1.2 0.3 -1.4
v 1.2 0.3 -1.5
v 1.2 0.3 -1.6
v 1.2 0.3 -1.7
v 1.2 0.3 -1.9
v 1.2 0.3 -2
v 1.2 0.3 -2.1
v 1.2 0.4 1.7
v 1.2 0.4 1.6
v 1.2 0.4 -1.4
v 1.2 0.4 -1.5
v 1.2 0.4 -1.6
v 1.2 0.4 -1.7
v 1.2 0.4 -1.8
v 1.2 0.5 -1.7
v 1.2 0.5 -1.8
v 1.2 0.6 -1.7
v 1.2 0.6 -1.9
v 1.3 0 1.6
v 1.3 0 1.5
v 1.3 0 -1.5
v 1.3 0 -1.6
v 1.3 0.1 0.9
v 1.3 0.1 0.8
v 1.3 0.1 -0.5
v 1.3 0.1 -0.6
v 1.3 0.1 -1.5
v 1.3 0.1 -1.6
v 1.3 0.1 -1.9
v 1.3 0.1 -2.1
v 1.3 0.2 1.6
v 1.3 0.2 1.5
v 1.3 0.2 -0.5
v 1.3 0.2 -0.6
v 1.3 0.2 -2
v 1.3 0.2 -2.1
v 1.3 0.3 0.9
v 1.3 0.3 0.8
v 1.3 0.3 -1.6
v 1.3 0.3 -1.7
v 1.3 0.3 -1.9
v 1.3 0.3 -2
v 1.3 0.4 0.9
v 1.3 0.4 0.7
v 1.3 0.4 -1.5
v 1.3 0.4 -1.6
v 1.3 0.5 1.2
v 1.3 0.5 1.1
v 1.3 0.5 0.9
v 1.3 0.5 0.7
v 1.3 0.5 -0.3
v 1.3 0.5 -0.7
v 1.3 0.5 -0.9
v 1.3 0.5 -1.5
v 1.3 0.5 -1.6
v 1.3 0.5 -1.7
v 1.3 0.6 1.2
v 1.3 0.6 1.1
v 1.3 0.6 0.9
v 1.3 0.6 -0.7
v 1.3 0.6 -0.9
v 1.3 0.6 -1.6
v 1.3 0.6 -1.7
v 1.3 0.8 0.9
v 1.3 0.8 -0.3
v 1.4 0 1.5
v 1.4 0 1.4
v 1.4 0 -1.4
v 1.4 0 -1.5
v 1.4 0.1 1.4
v 1.4 0.1 1.3
v 1.4 0.1 1
v 1.4 0.1 0.9
v 1.4 0.1 0.8
v 1.4 0.1 0.7
v 1.4 0.1 0.6
v 1.4 0.1 0.4
v 1.4 0.1 0
v 1.4 0.1 -0.6
v 1.4 0.1 -0.7
v 1.4 0.1 -1.4
v 1.4 0.1 -1.5
v 1.4 0.1 -1.7
v 1.4 0.1 -1.9
v 1.4 0.2 1.9
v 1.4 0.2 1.8
v 1.4 0.2 1.5
v 1.4 0.2 1.3
v 1.4 0.2 0.6
v 1.4 0.2 0.4
v 1.4 0.2 0
v 1.4 0.2 -0.3
v 1.4 0.3 1.9
v 1.4 0.3 1.8
v 1.4 0.3 1
v 1.4 0.3 0.9
v 1.4 0.3 0.8
v 1.4 0.3 0.7
v 1.4 0.3 -1.7
v 1.4 0.4 1
v 1.4 0.4 0.9
v 1.4 0.4 0.8
v 1.4 0.4 0.7
v 1.4 0.4 -0.3
v 1.4 0.4 -0.5
v 1.4 0.4 -0.6
v 1.4 0.5 1.1
v 1.4 0.5 1
v 1.4 0.5 0.9
v 1.4 0.5 0.7
v 1.4 0.5 -0.5
v 1.4 0.5 -0.6
v 1.4 0.5 -0.7
v 1.4 0.5 -1.7
v 1.4 0.5 -1.9
v 1.4 0.6 1.1
v 1.4 0.6 0.9
v 1.5 0 1.4
v 1.5 0 1.3
v 1.5 0 -1.3
v 1.5 0 -1.4
v 1.5 0.1 1.4
v 1.5 0.1 1.3
v 1.5 0.1 1.2
v 1.5 0.1 1
v 1.5 0.1 -1.3
v 1.5 0.1 -1.4
v 1.5 0.2 1.2
v 1.5 0.2 1
v 1.5 0.2 -1.5
v 1.5 0.2 -1.7
v 1.5 0.3 1
v 1.5 0.3 0.9
v 1.5 0.3 0.8
v 1.5 0.3 0.7
v 1.5 0.3 -1.5
v 1.5 0.3 -1.7
v 1.5 0.4 1.1
v 1.5 0.4 1
v 1.5 0.4 0.9
v 1.5 0.4 0.8
v 1.5 0.4 0.7
v 1.5 0.5 1.3
v 1.5 0.5 1.2
v 1.5 0.5 1.1
v 1.5 0.5 1
v 1.5 0.6 1.4
v 1.5 0.6 1.3
v 1.5 0.6 1.2
v 1.5 0.7 1.4
v 1.5 0.7 1.3
v 1.6 0 1.3
v 1.6 0 1.2
v 1.6 0 1.1
v 1.6 0 -1.2
v 1.6 0 -1.3
v 1.6 0.1 1.4
v 1.6 0.1 1.3
v 1.6 0.1 1.2
v 1.6 0.1 1.1
v 1.6 0.1 -1.2
v 1.6 0.1 -1.3
v 1.6 0.1 -1.6
v 1.6 0.1 -1.7
v 1.6 0.2 1.8
v 1.6 0.2 1.7
v 1.6 0.2 1.4
v 1.6 0.2 1.3
v 1.6 0.2 1.2
v 1.6 0.2 -1.4
v 1.6 0.2 -1.5
v 1.6 0.2 -1.6
v 1.6 0.2 -1.7
v 1.6 0.3 1.9
v 1.6 0.3 1.8
v 1.6 0.3 1.7
v 1.6 0.3 1.1
v 1.6 0.3 1
v 1.6 0.3 -1.3
v 1.6 0.3 -1.4
v 1.6 0.3 -1.5
v 1.6 0.4 1.9
v 1.6 0.4 1.8
v 1.6 0.4 1.2
v 1.6 0.4 1.1
v 1.6 0.4 1
v 1.6 0.4 -1.3
v 1.6 0.4 -1.4
v 1.6 0.5 1.7
v 1.6 0.5 1.3
v 1.6 0.5 1.1
v 1.6 0.6 1.7
v 1.6 0.6 1.5
v 1.6 0.6 1.4
v 1.6 0.6 1.3
v 1.6 0.7 1.5
v 1.6 0.7 1.4
v 1.7 0 1.1
v 1.7 0 0.9
v 1.7 0 -1
v 1.7 0 -1.2
v 1.7 0.1 1.1
v 1.7 0.1 1
v 1.7 0.1 0.9
v 1.7 0.1 -1
v 1.7 0.1 -1.2
v 1.7 0.1 -1.4
v 1.7 0.1 -1.6
v 1.7 0.2 1.7
v 1.7 0.2 1.5
v 1.7 0.2 1
v 1.7 0.2 0.9
v 1.7 0.2 -1.3
v 1.7 0.2 -1.4
v 1.7 0.2 -1.6
v 1.7 0.3 1.8
v 1.7 0.3 1.7
v 1.7 0.3 1.5
v 1.7 0.3 -1.2
v 1.7 0.3 -1.3
v 1.7 0.3 -1.4
v 1.7 0.4 1.8
v 1.7 0.4 1.7
v 1.7 0.4 1.6
v 1.7 0.4 0.4
v 1.7 0.4 0.3
v 1.7 0.4 -0.7
v 1.7 0.4 -0.8
v 1.7 0.5 1.7
v 1.7 0.5 1.6
v 1.7 0.5 0.6
v 1.7 0.5 0.5
v 1.7 0.5 0.4
v 1.7 0.5 0.3
v 1.7 0.5 -0.7
v 1.7 0.5 -0.8
v 1.7 0.5 -0.9
v 1.7 0.5 -1.2
v 1.7 0.5 -1.3
v 1.7 0.6 0.6
v 1.7 0.6 0.5
v 1.7 0.6 -0.8
v 1.7 0.6 -0.9
v 1.7 0.6 -1.1
v 1.7 0.7 -0.9
v 1.7 0.7 -1.1
v 1.8 0 0.9
v 1.8 0 0.7
v 1.8 0 -0.8
v 1.8 0 -1
v 1.8 0.1 0.9
v 1.8 0.1 0.7
v 1.8 0.1 -0.8
v 1.8 0.1 -1
v 1.8 0.1 -1.1
v 1.8 0.1 -1.4
v 1.8 0.2 1.5
v 1.8 0.2 1.4
v 1.8 0.2 -1.3
v 1.8 0.2 -1.4
v 1.8 0.3 1.7
v 1.8 0.3 1.5
v 1.8 0.3 -1.2
v 1.8 0.3 -1.3
v 1.8 0.4 1.7
v 1.8 0.4 1.6
v 1.8 0.4 1.4
v 1.8 0.4 1.3
v 1.8 0.4 1.2
v 1.8 0.4 1.1
v 1.8 0.5 1.6
v 1.8 0.5 1.3
v 1.8 0.5 1.2
v 1.8 0.5 1.1
v 1.8 0.5 -0.9
v 1.8 0.5 -1.1
v 1.8 0.5 -1.2
v 1.8 0.6 -0.9
v 1.8 0.6 -1.1
v 1.9 0 0.7
v 1.9 0 0.4
v 1.9 0 -0.5
v 1.9 0 -0.8
v 1.9 0.1 0.7
v 1.9 0.1 0.4
v 1.9 0.1 -0.5
v 1.9 0.1 -0.6
v 1.9 0.1 -0.8
v 1.9 0.1 -0.9
v 1.9 0.2 1.4
v 1.9 0.2 1.3
v 1.9 0.3 1.2
v 1.9 0.3 1.1
v 1.9 0.3 -0.6
v 1.9 0.3 -0.8
v 1.9 0.4 1.4
v 1.9 0.4 1.3
v 1.9 0.4 1.2
v 1.9 0.4 1.1
v 1.9 0.4 -0.8
v 1.9 0.4 -0.9
v 1.9 0.4 -1
v 1.9 0.5 1
v 1.9 0.5 0.9
v 1.9 0.5 0.1
v 1.9 0.5 0
v 1.9 0.5 -0.8
v 1.9 0.5 -1
v 1.9 0.6 1
v 1.9 0.6 0.9
v 1.9 0.6 0.1
v 1.9 0.6 0
v 1.9 0.7 0.8
v 1.9 0.7 0.6
v 1.9 0.8 0.8
v 1.9 0.8 0.6
v 2 0 0.4
v 2 0 -0.5
v 2 0.1 0.4
v 2 0.1 0.3
v 2 0.1 0.2
v 2 0.1 0
v 2 0.1 -0.0999999
v 2 0.1 -0.5
v 2 0.1 -0.9
v 2 0.1 -1.1
v 2 0.2 1.2
v 2 0.2 1.1
v 2 0.2 0
v 2 0.2 -0.0999999
v 2 0.3 1.2
v 2 0.3 1.1
v 2 0.3 0.3
v 2 0.3 0.2
v 2 0.3 -0.6
v 2 0.3 -0.8
v 2 0.4 1.1
v 2 0.4 1
v 2 0.4 -0.6
v 2 0.4 -0.8
v 2 0.4 -0.9
v 2 0.4 -1
v 2 0.5 1.1
v 2 0.5 1
v 2 0.5 0.9
v 2 0.5 0.8
v 2 0.5 0
v 2 0.5 -0.0999999
v 2 0.5 -0.4
v 2 0.5 -0.6
v 2 0.5 -1
v 2 0.5 -1.1
v 2 0.6 0.8
v 2 0.6 0.4
v 2 0.6 -0.0999999
v 2 0.6 -0.3
v 2 0.6 -0.4
v 2 0.6 -0.6
v 2 0.7 0.9
v 2 0.7 0.4
v 2 0.7 0
v 2 0.7 -0.3
v 2.1 0.1 0.9
v 2.1 0.1 0.6
v 2.1 0.1 0.4
v 2.1 0.1 0.3
v 2.1 0.1 0.2
v 2.1 0.1 0
v 2.1 0.1 -0.2
v 2.1 0.1 -0.6
v 2.1 0.2 1.1
v 2.1 0.2 0.9
v 2.1 0.2 0.6
v 2.1 0.2 0.1
v 2.1 0.2 0
v 2.1 0.2 -0.2
v 2.1 0.2 -0.6
v 2.1 0.3 0.4
v 2.1 0.3 0.3
v 2.1 0.3 0.2
v 2.1 0.3 0.1
v 2.1 0.4 1.1
v 2.1 0.4 1
v 2.1 0.4 0.9
v 2.1 0.4 0.7
v 2.1 0.4 0.4
v 2.1 0.4 0.3
v 2.1 0.4 0.2
v 2.1 0.4 0.1
v 2.1 0.4 -0.2
v 2.1 0.5 1
v 2.1 0.5 0.8
v 2.1 0.5 0.7
v 2.1 0.5 0.4
v 2.1 0.5 0.1
v 2.1 0.5 -0.0999999
v 2.1 0.5 -0.2
v 2.1 0.5 -0.3
v 2.1 0.6 0.8
v 2.1 0.6 0.3
v 2.1 0.6 -0.0999999
v 2.1 0.6 -0.3
v 2.1 0.6 -0.4
v 2.1 0.7 -0.3
v 2.1 0.7 -0.4
v 2.2 0.1 0.6
v 2.2 0.1 0.4
v 2.2 0.1 -0.0999999
v 2.2 0.1 -0.2
v 2.2 0.2 0.9
v 2.2 0.2 0.6
v 2.2 0.2 0.4
v 2.2 0.2 -0.0999999
v 2.2 0.2 -0.2
v 2.2 0.2 -0.6
v 2.2 0.3 0.4
v 2.2 0.3 0.3
v 2.2 0.3 0.2
v 2.2 0.3 0.1
v 2.2 0.4 0.9
v 2.2 0.4 0.7
v 2.2 0.4 0.4
v 2.2 0.4 0.3
v 2.2 0.4 0.2
v 2.2 0.4 0.1
v 2.2 0.4 -0.2
v 2.2 0.5 0.7
v 2.2 0.5 0.6
v 2.2 0.5 -0.2
v 2.2 0.5 -0.3
v 2.2 0.5 -0.4
v 2.2 0.5 -0.6
v 2.2 0.6 -0.3
v 2.2 0.6 -0.4
v 2.3 0.2 0.6
v 2.3 0.2 0.4
v 2.3 0.2 0.1
v 2.3 0.2 -0.2
v 2.3 0.4 0.1
v 2.3 0.4 -0.2
v 2.3 0.5 0.6
v 2.3 0.5 0.4
v -0.3 0 2
v -0.3 0.1 2
v -0.0999999 0.1 2
v -0.0999999 0.2 2
v 0.5 0.1 2
v 0.5 0.2 2
v 0.7 0 2
v 0.7 0.1 2
v -1.3 0.1 1.9
v -1.3 0.2 1.9
v -1.2 0.2 1.9
v -1.2 0.3 1.9
v -0.6 0.2 1.9
v -0.6 0.3 1.9
v -0.5 0.1 1.9
v -0.5 0.2 1.9
v -0.4 0 1.9
v -0.4 0.1 1.9
v -0.4 0.3 1.9
v -0.3 0 1.9
v -0.3 0.1 1.9
v -0.0999999 0.1 1.9
v -0.0999999 0.2 1.9
v -0.0999999 0.3 1.9
v -0.0999999 0.4 1.9
v 0.4 0.3 1.9
v 0.4 0.4 1.9
v 0.5 0.1 1.9
v 0.5 0.2 1.9
v 0.7 0 1.9
v 0.7 0.1 1.9
v 0.8 0 1.9
v 0.8 0.3 1.9
v 0.9 0.1 1.9
v 0.9 0.2 1.9
v 1.1 0.1 1.9
v 1.1 0.2 1.9
v 1.1 0.3 1.9
v 1.4 0.2 1.9
v 1.4 0.3 1.9
v 1.4 0.4 1.9
v 1.6 0.3 1.9
v 1.6 0.4 1.9
v -1.1 0.3 1.8
v -1.1 0.4 1.8
v -0.9 0.4 1.8
v -0.9 0.6 1.8
v -0.7 0 1.8
v -0.7 0.1 1.8
v -0.7 0.6 1.8
v -0.7 0.7 1.8
v -0.6 0.2 1.8
v -0.6 0.3 1.8
v -0.6 0.6 1.8
v -0.6 0.7 1.8
v -0.5 0.1 1.8
v -0.5 0.2 1.8
v -0.4 0 1.8
v -0.4 0.1 1.8
v -0.4 0.3 1.8
v -0.4 0.6 1.8
v -0.3 0.3 1.8
v -0.3 0.4 1.8
v -0.2 0.4 1.8
v -0.2 0.5 1.8
v -0.0999999 0.3 1.8
v -0.0999999 0.4 1.8
v -0.0999999 0.5 1.8
v -0.0999999 0.6 1.8
v 0.4 0.3 1.8
v 0.4 0.4 1.8
v 0.5 0.5 1.8
v 0.5 0.6 1.8
v 0.7 0.4 1.8
v 0.7 0.5 1.8
v 0.8 0 1.8
v 0.8 0.2 1.8
v 0.8 0.3 1.8
v 0.8 0.4 1.8
v 0.9 0 1.8
v 0.9 0.1 1.8
v 0.9 0.2 1.8
v 1 0.2 1.8
v 1 0.4 1.8
v 1.1 0.2 1.8
v 1.1 0.3 1.8
v 1.1 0.4 1.8
v 1.3 0.3 1.8
v 1.3 0.4 1.8
v 1.4 0.2 1.8
v 1.4 0.3 1.8
v 1.4 0.4 1.8
v 1.6 0.2 1.8
v 1.6 0.3 1.8
v 1.6 0.4 1.8
v 1.7 0.3 1.8
v 1.7 0.4 1.8
v -1.2 0.3 1.7
v -1.2 0.4 1.7
v -1.1 0.3 1.7
v -1.1 0.4 1.7
v -1.1 0.5 1.7
v -1 0.6 1.7
v -1 0.7 1.7
v -0.9 0 1.7
v -0.9 0.1 1.7
v -0.9 0.4 1.7
v -0.9 0.5 1.7
v -0.9 0.6 1.7
v -0.7 0 1.7
v -0.7 0.1 1.7
v -0.7 0.6 1.7
v -0.7 0.7 1.7
v 0.3 0.6 1.7
v 0.3 0.7 1.7
v 0.4 0.6 1.7
v 0.4 0.7 1.7
v 0.5 0.5 1.7
v 0.5 0.6 1.7
v 0.6 0.5 1.7
v 0.6 0.6 1.7
v 0.9 0 1.7
v 0.9 0.1 1.7
v 0.9 0.2 1.7
v 0.9 0.3 1.7
v 1 0 1.7
v 1 0.1 1.7
v 1 0.2 1.7
v 1 0.3 1.7
v 1.1 0.3 1.7
v 1.1 0.4 1.7
v 1.2 0.3 1.7
v 1.2 0.4 1.7
v 1.3 0.4 1.7
v 1.3 0.5 1.7
v 1.5 0.5 1.7
v 1.5 0.6 1.7
v 1.6 0.2 1.7
v 1.6 0.3 1.7
v 1.6 0.5 1.7
v 1.6 0.6 1.7
v 1.7 0.2 1.7
v 1.7 0.3 1.7
v 1.7 0.4 1.7
v 1.7 0.5 1.7
v 1.8 0.3 1.7
v 1.8 0.4 1.7
v -1.8 0.1 1.6
v -1.8 0.2 1.6
v -1.7 0.2 1.6
v -1.7 0.3 1.6
v -1.6 0.1 1.6
v -1.6 0.3 1.6
v -1.2 0.4 1.6
v -1.2 0.5 1.6
v -1.1 0 1.6
v -1.1 0.1 1.6
v -1.1 0.4 1.6
v -1.1 0.5 1.6
v -1.1 0.6 1.6
v -1 0.6 1.6
v -0.9 0 1.6
v -0.9 0.1 1.6
v -0.9 0.5 1.6
v -0.9 0.6 1.6
v 0 0.6 1.6
v 0 0.7 1.6
v 0.3 0.6 1.6
v 0.3 0.7 1.6
v 0.9 0.3 1.6
v 0.9 0.5 1.6
v 1 0 1.6
v 1 0.1 1.6
v 1.1 0.1 1.6
v 1.1 0.2 1.6
v 1.1 0.3 1.6
v 1.1 0.4 1.6
v 1.2 0 1.6
v 1.2 0.1 1.6
v 1.2 0.3 1.6
v 1.2 0.4 1.6
v 1.2 0.5 1.6
v 1.2 0.6 1.6
v 1.3 0 1.6
v 1.3 0.2 1.6
v 1.3 0.3 1.6
v 1.3 0.5 1.6
v 1.5 0.5 1.6
v 1.5 0.6 1.6
v 1.7 0.4 1.6
v 1.7 0.5 1.6
v 1.8 0.4 1.6
v 1.8 0.5 1.6
v -1.9 0.1 1.5
v -1.9 0.2 1.5
v -1.8 0.1 1.5
v -1.8 0.2 1.5
v -1.8 0.3 1.5
v -1.7 0.2 1.5
v -1.7 0.3 1.5
v -1.6 0.1 1.5
v -1.6 0.3 1.5
v -1.3 0.1 1.5
v -1.3 0.2 1.5
v -1.3 0.3 1.5
v -1.2 0 1.5
v -1.2 0.1 1.5
v -1.1 0 1.5
v -1.1 0.1 1.5
v -1 0.6 1.5
v -1 0.7 1.5
v -0.9 0.6 1.5
v -0.9 0.7 1.5
v -0.6 0.5 1.5
v -0.6 0.6 1.5
v -0.5 0.5 1.5
v -0.5 0.6 1.5
v 0.6 0.4 1.5
v 0.6 0.5 1.5
v 0.7 0.4 1.5
v 0.7 0.5 1.5
v 1.1 0.5 1.5
v 1.1 0.6 1.5
v 1.2 0.5 1.5
v 1.2 0.6 1.5
v 1.2 0.7 1.5
v 1.3 0 1.5
v 1.3 0.2 1.5
v 1.4 0 1.5
v 1.4 0.2 1.5
v 1.6 0.6 1.5
v 1.6 0.7 1.5
v 1.7 0.2 1.5
v 1.7 0.3 1.5
v 1.8 0.2 1.5
v 1.8 0.3 1.5
v -1.7 0.3 1.4
v -1.7 0.4 1.4
v -1.6 0.3 1.4
v -1.6 0.4 1.4
v -1.3 0 1.4
v -1.3 0.1 1.4
v -1.3 0.2 1.4
v -1.3 0.3 1.4
v -1.2 0 1.4
v -1.2 0.1 1.4
v -1.2 0.2 1.4
v -1.2 0.3 1.4
v 1 0.5 1.4
v 1 0.6 1.4
v 1.1 0.5 1.4
v 1.1 0.6 1.4
v 1.4 0 1.4
v 1.4 0.1 1.4
v 1.5 0 1.4
v 1.5 0.1 1.4
v 1.5 0.2 1.4
v 1.6 0.1 1.4
v 1.6 0.2 1.4
v 1.8 0.2 1.4
v 1.8 0.4 1.4
v 1.9 0.2 1.4
v 1.9 0.4 1.4
v -2 0.1 1.3
v -2 0.2 1.3
v -1.9 0.1 1.3
v -1.9 0.2 1.3
v -1.7 0.4 1.3
v -1.7 0.5 1.3
v -1.6 0.3 1.3
v -1.6 0.4 1.3
v -1.5 0.5 1.3
v -1.5 0.7 1.3
v -1.4 0 1.3
v -1.4 0.1 1.3
v -1.3 0 1.3
v -1.3 0.1 1.3
v -1.3 0.3 1.3
v -1.3 0.7 1.3
v -1.2 0.2 1.3
v -1.2 0.3 1.3
v -1.1 0.2 1.3
v -1.1 0.3 1.3
v 1.4 0.1 1.3
v 1.4 0.2 1.3
v 1.5 0 1.3
v 1.5 0.1 1.3
v 1.5 0.2 1.3
v 1.6 0 1.3
v 1.6 0.1 1.3
v -1.9 0.2 1.2
v -1.9 0.3 1.2
v -1.8 0.2 1.2
v -1.8 0.3 1.2
v -1.8 0.5 1.2
v -1.7 0.3 1.2
v -1.7 0.5 1.2
v -1.6 0.5 1.2
v -1.6 0.7 1.2
v -1.5 0 1.2
v -1.5 0.1 1.2
v -1.5 0.5 1.2
v -1.5 0.7 1.2
v -1.4 0 1.2
v -1.4 0.1 1.2
v -1.3 0.3 1.2
v -1.3 0.5 1.2
v -1.2 0.4 1.2
v -1.2 0.5 1.2
v -1.1 0.3 1.2
v -1.1 0.4 1.2
v 1.6 0.2 1.2
v 1.6 0.4 1.2
v 1.7 0.4 1.2
v 1.7 0.5 1.2
v 1.8 0.4 1.2
v 1.8 0.5 1.2
v 1.9 0.3 1.2
v 1.9 0.4 1.2
v 2 0.2 1.2
v 2 0.3 1.2
v -1.7 0.5 1.1
v -1.7 0.6 1.1
v -1.6 0 1.1
v -1.6 0.1 1.1
v -1.6 0.5 1.1
v -1.6 0.6 1.1
v -1.5 0 1.1
v -1.5 0.1 1.1
v -1.3 0.5 1.1
v -1.3 0.6 1.1
v -1.2 0.5 1.1
v -1.2 0.6 1.1
v 0.9 0.3 1.1
v 0.9 0.4 1.1
v 1 0.3 1.1
v 1 0.4 1.1
v 1 0.5 1.1
v 1.1 0.4 1.1
v 1.1 0.5 1.1
v 1.3 0.5 1.1
v 1.3 0.6 1.1
v 1.4 0.5 1.1
v 1.4 0.6 1.1
v 1.6 0 1.1
v 1.6 0.1 1.1
v 1.7 0 1.1
v 1.7 0.1 1.1
v 1.8 0.4 1.1
v 1.8 0.5 1.1
v 1.9 0.3 1.1
v 1.9 0.4 1.1
v 2 0.2 1.1
v 2 0.3 1.1
v 2 0.4 1.1
v 2 0.5 1.1
v 2.1 0.2 1.1
v 2.1 0.4 1.1
v -2 0.1 1
v -2 0.5 1
v -1.9 0.1 1
v -1.9 0.3 1
v -1.8 0.3 1
v -1.8 0.5 1
v -1.8 0.6 1
v -1.7 0.5 1
v -1.7 0.6 1
v -1.5 0.6 1
v -1.5 0.7 1
v -1.4 0.6 1
v -1.4 0.7 1
v -1.2 0.4 1
v -1.2 0.5 1
v -1.1 0.4 1
v -1.1 0.5 1
v -0.4 0.1 1
v -0.4 0.2 1
v 0.1 0.1 1
v 0.1 0.2 1
v 1.5 0.1 1
v 1.5 0.2 1
v 1.6 0.3 1
v 1.6 0.4 1
v 1.6 0.5 1
v 1.7 0.1 1
v 1.7 0.2 1
v 1.7 0.3 1
v 1.7 0.5 1
v 1.7 0.6 1
v 1.9 0.5 1
v 1.9 0.6 1
v 2 0.4 1
v 2 0.5 1
v 2.1 0.4 1
v 2.1 0.5 1
v -1.7 0 0.9
v -1.7 0.1 0.9
v -1.6 0 0.9
v -1.6 0.1 0.9
v -1.1 0.1 0.9
v -1.1 0.2 0.9
v -0.4 0.1 0.9
v -0.4 0.2 0.9
v 0 0.2 0.9
v 0 0.3 0.9
v 0.1 0.1 0.9
v 0.1 0.2 0.9
v 0.4 0.2 0.9
v 0.4 0.3 0.9
v 0.6 0.1 0.9
v 0.6 0.2 0.9
v 1 0.5 0.9
v 1 0.8 0.9
v 1.1 0.5 0.9
v 1.1 0.6 0.9
v 1.1 0.7 0.9
v 1.2 0.6 0.9
v 1.2 0.7 0.9
v 1.3 0.5 0.9
v 1.3 0.6 0.9
v 1.3 0.8 0.9
v 1.7 0 0.9
v 1.7 0.1 0.9
v 1.7 0.2 0.9
v 1.7 0.6 0.9
v 1.7 0.7 0.9
v 1.8 0 0.9
v 1.8 0.1 0.9
v 1.9 0.5 0.9
v 1.9 0.6 0.9
v 2 0.5 0.9
v 2 0.7 0.9
v 2.1 0.1 0.9
v 2.1 0.2 0.9
v 2.1 0.4 0.9
v 2.2 0.2 0.9
v 2.2 0.4 0.9
v -2.1 0.1 0.8
v -2.1 0.2 0.8
v -2 0.1 0.8
v -2 0.2 0.8
v -0.3 0.1 0.8
v -0.3 0.2 0.8
v -0.0999999 0.2 0.8
v -0.0999999 0.3 0.8
v 0 0.1 0.8
v 0 0.3 0.8
v 0.2 0.3 0.8
v 0.2 0.4 0.8
v 0.4 0.2 0.8
v 0.4 0.3 0.8
v 0.6 0.1 0.8
v 0.6 0.2 0.8
v 0.6 0.3 0.8
v 0.6 0.4 0.8
v 0.8 0.1 0.8
v 0.8 0.3 0.8
v 1.3 0.1 0.8
v 1.3 0.3 0.8
v 1.4 0.1 0.8
v 1.4 0.3 0.8
v 1.4 0.4 0.8
v 1.5 0.3 0.8
v 1.5 0.4 0.8
v 1.8 0.7 0.8
v 1.8 0.8 0.8
v 1.9 0.7 0.8
v 1.9 0.8 0.8
v 2 0.5 0.8
v 2 0.6 0.8
v 2.1 0.5 0.8
v 2.1 0.6 0.8
v -1.8 0 0.7
v -1.8 0.1 0.7
v -1.7 0 0.7
v -1.7 0.1 0.7
v -0.7 0.1 0.7
v -0.7 0.2 0.7
v -0.6 0.2 0.7
v -0.6 0.3 0.7
v -0.5 0.3 0.7
v -0.5 0.4 0.7
v -0.3 0.1 0.7
v -0.3 0.2 0.7
v -0.0999999 0.2 0.7
v -0.0999999 0.3 0.7
v 0.2 0.3 0.7
v 0.2 0.4 0.7
v 0.8 0.1 0.7
v 0.8 0.3 0.7
v 0.9 0.2 0.7
v 0.9 0.3 0.7
v 0.9 0.5 0.7
v 1 0.1 0.7
v 1 0.2 0.7
v 1 0.4 0.7
v 1 0.5 0.7
v 1.2 0.4 0.7
v 1.2 0.5 0.7
v 1.3 0.4 0.7
v 1.3 0.5 0.7
v 1.4 0.4 0.7
v 1.4 0.5 0.7
v 1.8 0 0.7
v 1.8 0.1 0.7
v 1.9 0 0.7
v 1.9 0.1 0.7
v 2.1 0.4 0.7
v 2.1 0.5 0.7
v 2.2 0.4 0.7
v 2.2 0.5 0.7
v -1.4 0.1 0.6
v -1.4 0.2 0.6
v -1.3 0.1 0.6
v -1.3 0.2 0.6
v -0.8 0.1 0.6
v -0.8 0.2 0.6
v -0.7 0.1 0.6
v -0.7 0.2 0.6
v -0.7 0.3 0.6
v -0.6 0.2 0.6
v -0.6 0.3 0.6
v -0.0999999 0.4 0.6
v -0.0999999 0.5 0.6
v 0 0.4 0.6
v 0 0.5 0.6
v 0.1 0.4 0.6
v 0.1 0.5 0.6
v 0.2 0.4 0.6
v 0.2 0.5 0.6
v 0.5 0.2 0.6
v 0.5 0.3 0.6
v 0.5 0.4 0.6
v 0.6 0.3 0.6
v 0.6 0.4 0.6
v 0.7 0.2 0.6
v 0.7 0.3 0.6
v 1.4 0.1 0.6
v 1.4 0.2 0.6
v 1.5 0.1 0.6
v 1.5 0.2 0.6
v 1.6 0.5 0.6
v 1.6 0.6 0.6
v 1.7 0.5 0.6
v 1.7 0.6 0.6
v 2.1 0.1 0.6
v 2.1 0.2 0.6
v 2.2 0.1 0.6
v 2.2 0.2 0.6
v 2.2 0.5 0.6
v 2.3 0.2 0.6
v 2.3 0.5 0.6
v -2.2 0.1 0.5
v -2.2 0.2 0.5
v -2.1 0.1 0.5
v -2.1 0.2 0.5
v -2.1 0.3 0.5
v -2 0.2 0.5
v -2 0.3 0.5
v -2 0.4 0.5
v -1.9 0.4 0.5
v -1.9 0.5 0.5
v -1.8 0.3 0.5
v -1.8 0.4 0.5
v -1.5 0.3 0.5
v -1.5 0.4 0.5
v -1.5 0.5 0.5
v -1.4 0.2 0.5
v -1.4 0.3 0.5
v -1.3 0.1 0.5
v -1.3 0.2 0.5
v -1.3 0.4 0.5
v -1.3 0.5 0.5
v -1.2 0.1 0.5
v -1.2 0.2 0.5
v -1.2 0.5 0.5
v -1 0.1 0.5
v -1 0.2 0.5
v -0.9 0.1 0.5
v -0.9 0.2 0.5
v -0.6 0.3 0.5
v -0.6 0.4 0.5
v -0.5 0.3 0.5
v -0.5 0.4 0.5
v -0.4 0.3 0.5
v -0.4 0.4 0.5
v -0.4 0.5 0.5
v -0.3 0.3 0.5
v -0.3 0.4 0.5
v -0.3 0.5 0.5
v -0.2 0.4 0.5
v -0.2 0.5 0.5
v -0.0999999 0.4 0.5
v -0.0999999 0.5 0.5
v 0.2 0.4 0.5
v 0.2 0.5 0.5
v 0.3 0.2 0.5
v 0.3 0.4 0.5
v 0.3 0.5 0.5
v 0.4 0.2 0.5
v 0.4 0.4 0.5
v 0.6 0.3 0.5
v 0.6 0.4 0.5
v 0.7 0.2 0.5
v 0.7 0.3 0.5
v 0.8 0.3 0.5
v 0.8 0.4 0.5
v 0.9 0.2 0.5
v 0.9 0.3 0.5
v 1.5 0.2 0.5
v 1.5 0.5 0.5
v 1.6 0.2 0.5
v 1.6 0.5 0.5
v 1.7 0.5 0.5
v 1.7 0.6 0.5
v 1.8 0.5 0.5
v 1.8 0.6 0.5
v -1.9 0 0.4
v -1.9 0.1 0.4
v -1.8 0 0.4
v -1.8 0.1 0.4
v -1.8 0.5 0.4
v -1.8 0.6 0.4
v -1.5 0.4 0.4
v -1.5 0.5 0.4
v -1.5 0.6 0.4
v -1.3 0.4 0.4
v -1.3 0.5 0.4
v -1.1 0.1 0.4
v -1.1 0.2 0.4
v -1 0.1 0.4
v -1 0.2 0.4
v -0.9 0.1 0.4
v -0.9 0.2 0.4
v -0.8 0.1 0.4
v -0.8 0.2 0.4
v -0.8 0.3 0.4
v -0.8 0.4 0.4
v -0.6 0.2 0.4
v -0.6 0.3 0.4
v -0.6 0.4 0.4
v -0.6 0.5 0.4
v -0.4 0.4 0.4
v -0.4 0.5 0.4
v -0.4 0.6 0.4
v -0.3 0.5 0.4
v -0.3 0.6 0.4
v -0.2 0.5 0.4
v -0.2 0.6 0.4
v -0.0999999 0.4 0.4
v -0.0999999 0.5 0.4
v 0.1 0.5 0.4
v 0.1 0.6 0.4
v 0.2 0.4 0.4
v 0.2 0.5 0.4
v 0.5 0.3 0.4
v 0.5 0.4 0.4
v 0.6 0.3 0.4
v 0.6 0.4 0.4
v 1.9 0 0.4
v 1.9 0.1 0.4
v 2 0 0.4
v 2 0.1 0.4
v -1.9 0.5 0.3
v -1.9 0.6 0.3
v -1.8 0.5 0.3
v -1.8 0.6 0.3
v -0.9 0.2 0.3
v -0.9 0.3 0.3
v -0.8 0.2 0.3
v -0.8 0.3 0.3
v -0.7 0.4 0.3
v -0.7 0.5 0.3
v -0.6 0.4 0.3
v -0.6 0.5 0.3
v -0.0999999 0.6 0.3
v -0.0999999 0.7 0.3
v 0 0.6 0.3
v 0 0.7 0.3
v 0.1 0.5 0.3
v 0.1 0.6 0.3
v 0.2 0.5 0.3
v 0.2 0.6 0.3
v 0.3 0.2 0.3
v 0.3 0.5 0.3
v 0.3 0.6 0.3
v 0.4 0.2 0.3
v 0.4 0.3 0.3
v 0.4 0.5 0.3
v -2.1 0.3 0.2
v -2.1 0.5 0.2
v -2 0.3 0.2
v -2 0.4 0.2
v -2 0.5 0.2
v 0.4 0.3 0.2
v 0.4 0.4 0.2
v 0.5 0.3 0.2
v 0.5 0.4 0.2
v 0.6 0.3 0.2
v 0.6 0.4 0.2
v 0.7 0.3 0.2
v 0.7 0.4 0.2
v 2 0.1 0.2
v 2 0.3 0.2
v 2.1 0.1 0.2
v 2.1 0.3 0.2
v 2.1 0.4 0.2
v 2.2 0.3 0.2
v 2.2 0.4 0.2
v -2.2 0.1 0.1
v -2.2 0.5 0.1
v -2.1 0.1 0.1
v -2.1 0.5 0.1
v -2 0.4 0.1
v -2 0.5 0.1
v -1.9 0.4 0.1
v -1.9 0.5 0.1
v -1 0.1 0.1
v -1 0.2 0.1
v -1 0.5 0.1
v -0.9 0.1 0.1
v -0.9 0.3 0.1
v -0.8 0.3 0.1
v -0.8 0.4 0.1
v -0.7 0.4 0.1
v -0.7 0.5 0.1
v -0.6 0.4 0.1
v -0.6 0.5 0.1
v -0.6 0.6 0.1
v -0.5 0.4 0.1
v -0.5 0.5 0.1
v -0.5 0.6 0.1
v -0.4 0.2 0.1
v -0.4 0.5 0.1
v -0.3 0.2 0.1
v -0.3 0.4 0.1
v -0.2 0.4 0.1
v -0.2 0.5 0.1
v 0.4 0.4 0.1
v 0.4 0.5 0.1
v 0.5 0.3 0.1
v 0.5 0.4 0.1
v 0.5 0.5 0.1
v 0.6 0.3 0.1
v 0.6 0.4 0.1
v 0.8 0.2 0.1
v 0.8 0.3 0.1
v 0.9 0.2 0.1
v 0.9 0.3 0.1
v 1.5 0.1 0.1
v 1.5 0.2 0.1
v 1.7 0.1 0.1
v 1.7 0.2 0.1
v 1.7 0.4 0.1
v 1.7 0.6 0.1
v 1.9 0.5 0.1
v 1.9 0.6 0.1
v 2.1 0.2 0.1
v 2.1 0.3 0.1
v 2.1 0.4 0.1
v 2.1 0.5 0.1
v 2.2 0.3 0.1
v 2.2 0.4 0.1
v 2.3 0.2 0.1
v 2.3 0.4 0.1
v -0.0999999 0.4 0
v -0.0999999 0.5 0
v 0 0.4 0
v 0 0.5 0
v 0.6 0.3 0
v 0.6 0.4 0
v 0.7 0.3 0
v 0.7 0.4 0
v 1.4 0.1 0
v 1.4 0.2 0
v 1.5 0.1 0
v 1.5 0.2 0
v 1.5 0.5 0
v 1.6 0.5 0
v 1.6 0.6 0
v 1.7 0.2 0
v 1.7 0.6 0
v 1.8 0.6 0
v 1.8 0.7 0
v 1.9 0.5 0
v 1.9 0.6 0
v 2 0.5 0
v 2 0.7 0
v -0.8 0.5 -0.0999999
v -0.8 0.6 -0.0999999
v -0.7 0.5 -0.0999999
v -0.7 0.6 -0.0999999
v 0 0.4 -0.0999999
v 0 0.5 -0.0999999
v 0.1 0.5 -0.0999999
v 0.1 0.6 -0.0999999
v 0.2 0.4 -0.0999999
v 0.2 0.5 -0.0999999
v 0.2 0.6 -0.0999999
v 0.3 0.5 -0.0999999
v 0.3 0.6 -0.0999999
v 0.4 0.4 -0.0999999
v 0.4 0.5 -0.0999999
v 0.5 0.3 -0.0999999
v 0.5 0.4 -0.0999999
v 0.5 0.5 -0.0999999
v 0.5 0.6 -0.0999999
v 0.6 0.3 -0.0999999
v 0.6 0.4 -0.0999999
v 0.6 0.5 -0.0999999
v 2 0.1 -0.0999999
v 2 0.2 -0.0999999
v 2 0.5 -0.0999999
v 2 0.6 -0.0999999
v 2.1 0.5 -0.0999999
v 2.1 0.6 -0.0999999
v 2.2 0.1 -0.0999999
v 2.2 0.2 -0.0999999
v -2.1 0.3 -0.2
v -2.1 0.4 -0.2
v -2 0.3 -0.2
v -1.6 0.1 -0.2
v -1.6 0.3 -0.2
v -1.5 0.3 -0.2
v -1.5 0.4 -0.2
v -1.4 0.1 -0.2
v -1.4 0.3 -0.2
v -1 0.2 -0.2
v -1 0.3 -0.2
v -0.9 0.2 -0.2
v -0.9 0.3 -0.2
v -0.7 0.4 -0.2
v -0.7 0.5 -0.2
v -0.6 0.4 -0.2
v -0.6 0.5 -0.2
v -0.5 0.3 -0.2
v -0.5 0.6 -0.2
v -0.4 0.3 -0.2
v -0.4 0.5 -0.2
v -0.4 0.6 -0.2
v 0 0.5 -0.2
v 0 0.6 -0.2
v 0.1 0.5 -0.2
v 0.1 0.6 -0.2
v 1.7 0.6 -0.2
v 1.7 0.7 -0.2
v 1.8 0.6 -0.2
v 1.8 0.7 -0.2
v 2.1 0.4 -0.2
v 2.1 0.5 -0.2
v 2.2 0.4 -0.2
v 2.2 0.5 -0.2
v -2 0.4 -0.3
v -2 0.5 -0.3
v -1.6 0.4 -0.3
v -1.6 0.5 -0.3
v -1.5 0.3 -0.3
v -1.5 0.4 -0.3
v -1.4 0.1 -0.3
v -1.4 0.2 -0.3
v -1.4 0.3 -0.3
v -1.4 0.4 -0.3
v -1.3 0.1 -0.3
v -1.3 0.2 -0.3
v -1.1 0.1 -0.3
v -1.1 0.2 -0.3
v -1 0.1 -0.3
v -1 0.2 -0.3
v -0.6 0.5 -0.3
v -0.6 0.6 -0.3
v -0.5 0.5 -0.3
v -0.5 0.6 -0.3
v -0.2 0.4 -0.3
v -0.2 0.5 -0.3
v -0.0999999 0.2 -0.3
v -0.0999999 0.3 -0.3
v -0.0999999 0.4 -0.3
v 0 0.2 -0.3
v 0 0.5 -0.3
v 1.4 0.2 -0.3
v 1.4 0.4 -0.3
v 1.5 0.2 -0.3
v 1.5 0.4 -0.3
v 2 0.6 -0.3
v 2 0.7 -0.3
v 2.1 0.5 -0.3
v 2.1 0.6 -0.3
v 2.1 0.7 -0.3
v 2.2 0.5 -0.3
v 2.2 0.6 -0.3
v -1.9 0.5 -0.4
v -1.9 0.6 -0.4
v -1.6 0.5 -0.4
v -1.6 0.6 -0.4
v -1.1 0.2 -0.4
v -1.1 0.3 -0.4
v -1 0.2 -0.4
v -1 0.3 -0.4
v -0.4 0.4 -0.4
v -0.4 0.5 -0.4
v -0.4 0.6 -0.4
v -0.3 0.4 -0.4
v -0.3 0.5 -0.4
v -0.2 0.4 -0.4
v -0.2 0.5 -0.4
v -0.0999999 0.5 -0.4
v -0.0999999 0.6 -0.4
v 0.7 0.3 -0.4
v 0.7 0.4 -0.4
v 0.8 0.3 -0.4
v 0.8 0.4 -0.4
v 1.6 0.5 -0.4
v 1.6 0.6 -0.4
v 1.7 0.5 -0.4
v 1.7 0.6 -0.4
v -2.1 0.2 -0.5
v -2.1 0.3 -0.5
v -2.1 0.4 -0.5
v -2.1 0.5 -0.5
v -2 0.2 -0.5
v -2 0.3 -0.5
v -2 0.4 -0.5
v -2 0.5 -0.5
v -2 0.6 -0.5
v -1.9 0.5 -0.5
v -1.9 0.6 -0.5
v -1.8 0.6 -0.5
v -1.8 0.7 -0.5
v -1.7 0.6 -0.5
v -1.7 0.7 -0.5
v -1.6 0.4 -0.5
v -1.6 0.6 -0.5
v -1.5 0.5 -0.5
v -1.5 0.6 -0.5
v -1.4 0.4 -0.5
v -1.4 0.5 -0.5
v -0.7 0.2 -0.5
v -0.7 0.4 -0.5
v -0.6 0.2 -0.5
v -0.6 0.4 -0.5
v -0.0999999 0.5 -0.5
v -0.0999999 0.6 -0.5
v 0 0.5 -0.5
v 0 0.6 -0.5
v 0.2 0.4 -0.5
v 0.2 0.5 -0.5
v 0.3 0.4 -0.5
v 0.3 0.5 -0.5
v 0.6 0.3 -0.5
v 0.6 0.4 -0.5
v 0.7 0.3 -0.5
v 0.7 0.4 -0.5
v -1.9 0.6 -0.6
v -1.9 0.7 -0.6
v -1.8 0.6 -0.6
v -1.8 0.7 -0.6
v -1.7 0.6 -0.6
v -1.7 0.7 -0.6
v -1.6 0.6 -0.6
v -1.6 0.7 -0.6
v -1 0.1 -0.6
v -1 0.2 -0.6
v -0.9 0.1 -0.6
v -0.9 0.2 -0.6
v -0.4 0.4 -0.6
v -0.4 0.5 -0.6
v -0.3 0.4 -0.6
v -0.3 0.5 -0.6
v 0.3 0.3 -0.6
v 0.3 0.4 -0.6
v 0.4 0.3 -0.6
v 0.4 0.4 -0.6
v 0.6 0.3 -0.6
v 0.6 0.4 -0.6
v 1.3 0.1 -0.6
v 1.3 0.2 -0.6
v 1.3 0.5 -0.6
v 1.4 0.1 -0.6
v 1.4 0.4 -0.6
v 1.4 0.5 -0.6
v -1.2 0.2 -0.7
v -1.2 0.3 -0.7
v -1 0.2 -0.7
v -1 0.3 -0.7
v -0.7 0.3 -0.7
v -0.7 0.4 -0.7
v -0.6 0.2 -0.7
v -0.6 0.3 -0.7
v -0.5 0.2 -0.7
v -0.5 0.4 -0.7
v -0.2 0.4 -0.7
v -0.2 0.5 -0.7
v -0.0999999 0.4 -0.7
v -0.0999999 0.5 -0.7
v 0.4 0.4 -0.7
v 0.4 0.5 -0.7
v 0.5 0.4 -0.7
v 0.5 0.5 -0.7
v 0.9 0.2 -0.7
v 0.9 0.3 -0.7
v 1 0.3 -0.7
v 1 0.5 -0.7
v 1.1 0.2 -0.7
v 1.1 0.5 -0.7
v 1.1 0.6 -0.7
v 1.2 0.1 -0.7
v 1.2 0.2 -0.7
v 1.3 0.1 -0.7
v 1.3 0.5 -0.7
v 1.3 0.6 -0.7
v 1.4 0.1 -0.7
v 1.4 0.5 -0.7
v 1.5 0.1 -0.7
v 1.5 0.4 -0.7
v 1.7 0.4 -0.7
v 1.7 0.5 -0.7
v -1.7 0.6 -0.8
v -1.7 0.7 -0.8
v -1.6 0.6 -0.8
v -1.6 0.7 -0.8
v -1 0.2 -0.8
v -1 0.3 -0.8
v -0.8 0.2 -0.8
v -0.8 0.3 -0.8
v -0.5 0.3 -0.8
v -0.5 0.4 -0.8
v -0.4 0.3 -0.8
v -0.4 0.4 -0.8
v -0.2 0.2 -0.8
v -0.2 0.3 -0.8
v -0.0999999 0.2 -0.8
v -0.0999999 0.3 -0.8
v 0.6 0.2 -0.8
v 0.6 0.3 -0.8
v 0.7 0.2 -0.8
v 0.7 0.3 -0.8
v 0.8 0.2 -0.8
v 0.8 0.3 -0.8
v 0.9 0.2 -0.8
v 0.9 0.3 -0.8
v 1.5 0.5 -0.8
v 1.5 0.6 -0.8
v 1.7 0.4 -0.8
v 1.7 0.5 -0.8
v 1.7 0.6 -0.8
v 1.9 0.4 -0.8
v 1.9 0.5 -0.8
v -0.8 0.2 -0.9
v -0.8 0.3 -0.9
v -0.5 0.2 -0.9
v -0.5 0.3 -0.9
v 0.3 0.3 -0.9
v 0.3 0.4 -0.9
v 0.5 0.3 -0.9
v 0.5 0.4 -0.9
v 1.3 0.5 -0.9
v 1.3 0.6 -0.9
v 1.5 0.5 -0.9
v 1.5 0.6 -0.9
v 1.5 0.7 -0.9
v 1.7 0.5 -0.9
v 1.7 0.6 -0.9
v 1.7 0.7 -0.9
v 1.8 0.5 -0.9
v 1.8 0.6 -0.9
v 1.9 0.1 -0.9
v 1.9 0.4 -0.9
v 2 0.1 -0.9
v 2 0.4 -0.9
v -1.8 0.1 -1
v -1.8 0.2 -1
v -1.7 0.1 -1
v -1.7 0.2 -1
v -1.4 0.1 -1
v -1.4 0.3 -1
v -1.2 0.2 -1
v -1.2 0.3 -1
v -1.1 0.1 -1
v -1.1 0.2 -1
v -0.0999999 0.2 -1
v -0.0999999 0.3 -1
v 0.1 0.2 -1
v 0.1 0.3 -1
v 0.6 0.1 -1
v 0.6 0.2 -1
v 0.7 0.1 -1
v 0.7 0.2 -1
v 0.9 0.1 -1
v 0.9 0.2 -1
v 0.9 0.3 -1
v 1 0.3 -1
v 1 0.4 -1
v 1.1 0.1 -1
v 1.1 0.4 -1
v 1.9 0.4 -1
v 1.9 0.5 -1
v 2 0.4 -1
v 2 0.5 -1
v -1.8 0.3 -1.1
v -1.8 0.4 -1.1
v -1.7 0.4 -1.1
v -1.7 0.5 -1.1
v -1.3 0.4 -1.1
v -1.3 0.5 -1.1
v -1.2 0.2 -1.1
v -1.2 0.3 -1.1
v -1.1 0.1 -1.1
v -1.1 0.2 -1.1
v -1.1 0.4 -1.1
v -1 0.1 -1.1
v -1 0.2 -1.1
v 0.5 0.1 -1.1
v 0.5 0.2 -1.1
v 0.6 0.1 -1.1
v 0.6 0.2 -1.1
v 0.9 0 -1.1
v 0.9 0.1 -1.1
v 1 0 -1.1
v 1 0.1 -1.1
v -1.6 0.5 -1.2
v -1.6 0.6 -1.2
v -1.3 0.4 -1.2
v -1.3 0.5 -1.2
v -1.3 0.6 -1.2
v -1.1 0.4 -1.2
v -1.1 0.5 -1.2
v -0.8 0.1 -1.2
v -0.8 0.4 -1.2
v -0.4 0.1 -1.2
v -0.4 0.4 -1.2
v 0 0.2 -1.2
v 0 0.4 -1.2
v 0.1 0.2 -1.2
v 0.1 0.4 -1.2
v 0.1 0.5 -1.2
v 0.2 0.2 -1.2
v 0.2 0.4 -1.2
v 0.2 0.5 -1.2
v 0.3 0.3 -1.2
v 0.3 0.4 -1.2
v 0.4 0.3 -1.2
v 0.4 0.4 -1.2
v -1.9 0.1 -1.3
v -1.9 0.2 -1.3
v -1.8 0.1 -1.3
v -1.8 0.2 -1.3
v -1.7 0.5 -1.3
v -1.7 0.6 -1.3
v -1.6 0.5 -1.3
v -1.6 0.6 -1.3
v -1.5 0.6 -1.3
v -1.5 0.7 -1.3
v -1.3 0.6 -1.3
v -1.3 0.7 -1.3
v -1 0.1 -1.3
v -1 0.2 -1.3
v -1 0.3 -1.3
v -1 0.4 -1.3
v -0.9 0.2 -1.3
v -0.9 0.3 -1.3
v -0.8 0.1 -1.3
v -0.8 0.4 -1.3
v -0.8 0.5 -1.3
v -0.7 0.4 -1.3
v -0.7 0.5 -1.3
v 0.2 0.1 -1.3
v 0.2 0.4 -1.3
v 0.3 0.1 -1.3
v 0.3 0.3 -1.3
v 0.3 0.4 -1.3
v 0.7 0.1 -1.3
v 0.7 0.2 -1.3
v 0.7 0.5 -1.3
v 1 0.3 -1.3
v 1 0.5 -1.3
v 1.1 0.1 -1.3
v 1.1 0.3 -1.3
v -1.8 0.4 -1.4
v -1.8 0.5 -1.4
v -1.7 0.4 -1.4
v -1.7 0.5 -1.4
v -1.6 0.6 -1.4
v -1.6 0.7 -1.4
v -1.5 0.6 -1.4
v -1.5 0.7 -1.4
v -1.3 0.5 -1.4
v -1.3 0.6 -1.4
v -1.2 0.5 -1.4
v -1.2 0.6 -1.4
v -0.7 0.4 -1.4
v -0.7 0.5 -1.4
v -0.5 0.4 -1.4
v -0.5 0.5 -1.4
v -0.4 0.1 -1.4
v -0.4 0.3 -1.4
v -0.3 0.2 -1.4
v -0.3 0.3 -1.4
v -0.2 0.2 -1.4
v -0.2 0.5 -1.4
v 0 0.4 -1.4
v 0 0.5 -1.4
v 0.1 0.1 -1.4
v 0.1 0.4 -1.4
v 0.3 0.1 -1.4
v 0.3 0.3 -1.4
v 0.3 0.4 -1.4
v 0.3 0.5 -1.4
v 0.4 0.3 -1.4
v 0.4 0.4 -1.4
v 0.4 0.5 -1.4
v 0.6 0.3 -1.4
v 0.6 0.4 -1.4
v 0.7 0.1 -1.4
v 0.7 0.3 -1.4
v 1 0.3 -1.4
v 1 0.5 -1.4
v 1 0.6 -1.4
v 1.1 0.4 -1.4
v 1.1 0.6 -1.4
v 1.2 0.3 -1.4
v 1.2 0.4 -1.4
v -1 0.1 -1.5
v -1 0.2 -1.5
v -1 0.3 -1.5
v -1 0.4 -1.5
v -0.9 0.1 -1.5
v -0.9 0.2 -1.5
v -0.9 0.3 -1.5
v -0.9 0.4 -1.5
v -0.9 0.6 -1.5
v -0.8 0.2 -1.5
v -0.8 0.3 -1.5
v -0.8 0.4 -1.5
v -0.8 0.5 -1.5
v -0.5 0.5 -1.5
v -0.5 0.6 -1.5
v -0.4 0.3 -1.5
v -0.4 0.4 -1.5
v -0.3 0.2 -1.5
v -0.3 0.3 -1.5
v -0.3 0.4 -1.5
v -0.2 0.2 -1.5
v -0.2 0.3 -1.5
v 0 0.4 -1.5
v 0 0.5 -1.5
v 0.1 0.4 -1.5
v 0.1 0.5 -1.5
v 0.2 0.4 -1.5
v 0.2 0.6 -1.5
v 0.3 0.4 -1.5
v 0.3 0.5 -1.5
v 0.3 0.6 -1.5
v 0.4 0.4 -1.5
v 0.4 0.5 -1.5
v 0.6 0.4 -1.5
v 0.6 0.5 -1.5
v 0.7 0.5 -1.5
v 0.7 0.6 -1.5
v 0.8 0.6 -1.5
v 0.8 0.7 -1.5
v 1 0.5 -1.5
v 1 0.6 -1.5
v 1 0.7 -1.5
v 1.2 0.2 -1.5
v 1.2 0.3 -1.5
v 1.2 0.4 -1.5
v 1.2 0.5 -1.5
v 1.3 0.2 -1.5
v 1.3 0.3 -1.5
v 1.3 0.4 -1.5
v 1.3 0.5 -1.5
v -1.1 0.2 -1.6
v -1.1 0.3 -1.6
v -1 0.3 -1.6
v -1 0.4 -1.6
v -1 0.6 -1.6
v -0.9 0.2 -1.6
v -0.9 0.3 -1.6
v -0.9 0.4 -1.6
v -0.9 0.6 -1.6
v -0.7 0.6 -1.6
v -0.7 0.7 -1.6
v -0.5 0.6 -1.6
v -0.5 0.7 -1.6
v -0.4 0.4 -1.6
v -0.4 0.5 -1.6
v -0.3 0.4 -1.6
v -0.3 0.5 -1.6
v -0.2 0.1 -1.6
v -0.2 0.3 -1.6
v -0.2 0.5 -1.6
v -0.0999999 0.1 -1.6
v -0.0999999 0.5 -1.6
v 0 0.5 -1.6
v 0 0.6 -1.6
v 0.1 0.4 -1.6
v 0.1 0.5 -1.6
v 0.2 0.4 -1.6
v 0.2 0.6 -1.6
v 0.3 0.5 -1.6
v 0.3 0.6 -1.6
v 0.3 0.7 -1.6
v 0.4 0.5 -1.6
v 0.4 0.6 -1.6
v 0.4 0.7 -1.6
v 1 0.6 -1.6
v 1 0.7 -1.6
v 1.1 0.4 -1.6
v 1.1 0.6 -1.6
v 1.1 0.7 -1.6
v 1.2 0.3 -1.6
v 1.2 0.4 -1.6
v 1.2 0.5 -1.6
v 1.3 0.3 -1.6
v 1.3 0.4 -1.6
v 1.3 0.5 -1.6
v 1.3 0.6 -1.6
v -0.8 0.6 -1.7
v -0.8 0.7 -1.7
v -0.7 0.6 -1.7
v -0.7 0.7 -1.7
v -0.5 0.4 -1.7
v -0.5 0.5 -1.7
v -0.4 0.4 -1.7
v -0.4 0.5 -1.7
v -0.0999999 0.5 -1.7
v -0.0999999 0.6 -1.7
v 0 0.5 -1.7
v 0 0.6 -1.7
v 1.3 0.3 -1.7
v 1.3 0.5 -1.7
v 1.4 0.3 -1.7
v 1.4 0.5 -1.7
v -1.1 0.3 -1.8
v -1.1 0.4 -1.8
v -1 0.3 -1.8
v -1 0.4 -1.8
v 0.1 0.5 -1.8
v 0.1 0.6 -1.8
v 0.2 0.5 -1.8
v 0.2 0.6 -1.8
v -0.3 0.2 -1.9
v -0.3 0.3 -1.9
v -0.2 0.2 -1.9
v -0.2 0.3 -1.9
v -0.4 0.2 -2
v -0.4 0.3 -2
v -0.3 0.2 -2
v -0.3 0.3 -2
v 1 0.3 -2
v 1 0.4 -2
v 1.1 0.2 -2
v 1.1 0.3 -2
v 1.1 0.4 -2
v 1.2 0.2 -2
v 1.2 0.3 -2
v -0.6 0.5 1.7
v -0.6 0.6 1.7
v -0.5 0.5 1.7
v -0.5 0.6 1.7
v 1 0.3 1.7
v 1 0.4 1.7
v 1.1 0.3 1.7
v 1.1 0.4 1.7
v -1 0.6 1.6
v -1 0.7 1.6
v -0.9 0.6 1.6
v -0.9 0.7 1.6
v -0.0999999 0.5 1.6
v -0.0999999 0.6 1.6
v 0 0.5 1.6
v 0 0.6 1.6
v 0.3 0.6 1.6
v 0.3 0.7 1.6
v 0.4 0.6 1.6
v 0.4 0.7 1.6
v 0.5 0.5 1.6
v 0.5 0.6 1.6
v 0.6 0.4 1.6
v 0.6 0.5 1.6
v 0.6 0.6 1.6
v 0.7 0.4 1.6
v 0.7 0.5 1.6
v -1.2 0.4 1.5
v -1.2 0.5 1.5
v -1.1 0.4 1.5
v -1.1 0.5 1.5
v -0.8 0.6 1.5
v -0.8 0.7 1.5
v -0.7 0.6 1.5
v -0.7 0.7 1.5
v 0 0.6 1.5
v 0 0.7 1.5
v 0.1 0.5 1.5
v 0.1 0.6 1.5
v 0.2 0.5 1.5
v 0.2 0.6 1.5
v 0.3 0.6 1.5
v 0.3 0.7 1.5
v -1.2 0.2 1.4
v -1.2 0.3 1.4
v -1.2 0.4 1.4
v -1.1 0.2 1.4
v -1.1 0.4 1.4
v -0.9 0.6 1.4
v -0.9 0.7 1.4
v -0.8 0.6 1.4
v -0.8 0.7 1.4
v -0.7 0.6 1.4
v -0.7 0.7 1.4
v -0.6 0.6 1.4
v -0.6 0.7 1.4
v 0 0.5 1.4
v 0 0.6 1.4
v 0.1 0.5 1.4
v 0.1 0.6 1.4
v 0.2 0.5 1.4
v 0.2 0.6 1.4
v 0.5 0.5 1.4
v 0.5 0.6 1.4
v 1.5 0.6 1.4
v 1.5 0.7 1.4
v 1.6 0.6 1.4
v 1.6 0.7 1.4
v -1.1 0.4 1.3
v -1.1 0.6 1.3
v -1 0.4 1.3
v -1 0.5 1.3
v -1 0.6 1.3
v -1 0.7 1.3
v -0.9 0.5 1.3
v -0.9 0.6 1.3
v -0.9 0.7 1.3
v -0.5 0.5 1.3
v -0.5 0.6 1.3
v -0.4 0.5 1.3
v -0.4 0.6 1.3
v -0.2 0.4 1.3
v -0.2 0.5 1.3
v -0.0999999 0.3 1.3
v -0.0999999 0.4 1.3
v 0 0.3 1.3
v 0 0.4 1.3
v 0.2 0.3 1.3
v 0.2 0.4 1.3
v 0.3 0.3 1.3
v 0.3 0.4 1.3
v 0.5 0.3 1.3
v 0.5 0.4 1.3
v 0.6 0.3 1.3
v 0.6 0.4 1.3
v 0.7 0.4 1.3
v 0.7 0.5 1.3
v 0.8 0.1 1.3
v 0.8 0.2 1.3
v 0.9 0.1 1.3
v 0.9 0.2 1.3
v 0.9 0.4 1.3
v 0.9 0.5 1.3
v 1 0.5 1.3
v 1 0.6 1.3
v 1.1 0.4 1.3
v 1.1 0.5 1.3
v 1.2 0.5 1.3
v 1.2 0.6 1.3
v 1.2 0.7 1.3
v 1.5 0.5 1.3
v 1.5 0.6 1.3
v 1.5 0.7 1.3
v 1.6 0.2 1.3
v 1.6 0.5 1.3
v 1.6 0.6 1.3
v 1.8 0.4 1.3
v 1.8 0.5 1.3
v 1.9 0.2 1.3
v 1.9 0.4 1.3
v -1 0.4 1.2
v -1 0.5 1.2
v -0.9 0.4 1.2
v -0.9 0.5 1.2
v -0.7 0.5 1.2
v -0.7 0.6 1.2
v -0.6 0.1 1.2
v -0.6 0.5 1.2
v -0.5 0.5 1.2
v -0.5 0.6 1.2
v -0.4 0.3 1.2
v -0.4 0.5 1.2
v -0.3 0.3 1.2
v -0.3 0.4 1.2
v -0.2 0.1 1.2
v -0.2 0.2 1.2
v -0.0999999 0.3 1.2
v -0.0999999 0.4 1.2
v 0 0.3 1.2
v 0 0.4 1.2
v 0.2 0.3 1.2
v 0.2 0.4 1.2
v 0.3 0.3 1.2
v 0.3 0.4 1.2
v 0.5 0.3 1.2
v 0.5 0.4 1.2
v 0.6 0.3 1.2
v 0.6 0.4 1.2
v 0.7 0.1 1.2
v 0.7 0.2 1.2
v 0.8 0.1 1.2
v 0.8 0.4 1.2
v 0.9 0.3 1.2
v 0.9 0.4 1.2
v 1 0.3 1.2
v 1 0.4 1.2
v 1.3 0.5 1.2
v 1.3 0.6 1.2
v 1.5 0.1 1.2
v 1.5 0.2 1.2
v 1.5 0.5 1.2
v 1.5 0.6 1.2
v 1.6 0.1 1.2
v 1.6 0.2 1.2
v -2 0.1 1.1
v -2 0.2 1.1
v -1.9 0.1 1.1
v -1.9 0.2 1.1
v -1.5 0.6 1.1
v -1.5 0.7 1.1
v -1.4 0.6 1.1
v -1.4 0.7 1.1
v -0.9 0.5 1.1
v -0.9 0.6 1.1
v -0.8 0.5 1.1
v -0.8 0.6 1.1
v -0.7 0.4 1.1
v -0.7 0.5 1.1
v -0.6 0.4 1.1
v -0.6 0.5 1.1
v -0.2 0.1 1.1
v -0.2 0.2 1.1
v 0.7 0.1 1.1
v 0.7 0.2 1.1
v 1.2 0.5 1.1
v 1.2 0.6 1.1
v 1.3 0.5 1.1
v 1.3 0.6 1.1
v 1.5 0.4 1.1
v 1.5 0.5 1.1
v 1.6 0.3 1.1
v 1.6 0.4 1.1
v 1.6 0.5 1.1
v 1.7 0.3 1.1
v 1.7 0.4 1.1
v -1.7 0.5 1
v -1.7 0.6 1
v -1.6 0.5 1
v -1.6 0.6 1
v -1.1 0.1 1
v -1.1 0.4 1
v -0.9 0.4 1
v -0.9 0.5 1
v -0.8 0.5 1
v -0.8 0.6 1
v -0.7 0.4 1
v -0.7 0.6 1
v -0.6 0.1 1
v -0.6 0.4 1
v 1 0.4 1
v 1 0.5 1
v 1.1 0.4 1
v 1.1 0.5 1
v 1.4 0.1 1
v 1.4 0.3 1
v 1.4 0.4 1
v 1.4 0.5 1
v 1.5 0.1 1
v 1.5 0.2 1
v 1.5 0.3 1
v 1.5 0.4 1
v 1.5 0.5 1
v 1.6 0.2 1
v 1.6 0.4 1
v -1.8 0.5 0.9
v -1.8 0.6 0.9
v -1.7 0.4 0.9
v -1.7 0.5 0.9
v -1.7 0.6 0.9
v -1.6 0.4 0.9
v -1.6 0.5 0.9
v -1.6 0.7 0.9
v -1.5 0.5 0.9
v -1.5 0.6 0.9
v -1.4 0.5 0.9
v -1.4 0.6 0.9
v -1.3 0.6 0.9
v -1.3 0.7 0.9
v -1.2 0.5 0.9
v -1.2 0.6 0.9
v -0.3 0.1 0.9
v -0.3 0.2 0.9
v 0 0.1 0.9
v 0 0.2 0.9
v 1.1 0.4 0.9
v 1.1 0.5 0.9
v 1.2 0.4 0.9
v 1.2 0.5 0.9
v 1.3 0.1 0.9
v 1.3 0.3 0.9
v 1.3 0.4 0.9
v 1.3 0.5 0.9
v 1.3 0.6 0.9
v 1.4 0.1 0.9
v 1.4 0.3 0.9
v 1.4 0.4 0.9
v 1.4 0.5 0.9
v 1.4 0.6 0.9
v 1.5 0.3 0.9
v 1.5 0.4 0.9
v -2 0.3 0.8
v -2 0.5 0.8
v -1.9 0.3 0.8
v -1.9 0.4 0.8
v -1.7 0.4 0.8
v -1.7 0.5 0.8
v -1.2 0.2 0.8
v -1.2 0.5 0.8
v -1.1 0.2 0.8
v -1.1 0.5 0.8
v -1 0.1 0.8
v -1 0.2 0.8
v -0.3 0.1 0.8
v -0.3 0.2 0.8
v 0.9 0.1 0.8
v 0.9 0.4 0.8
v 1 0.1 0.8
v 1 0.4 0.8
v -1.9 0.3 0.7
v -1.9 0.4 0.7
v -1.8 0.3 0.7
v -1.8 0.4 0.7
v -1.5 0.5 0.7
v -1.5 0.6 0.7
v -1.4 0.1 0.7
v -1.4 0.5 0.7
v -1.4 0.6 0.7
v -1.2 0.1 0.7
v -1.2 0.2 0.7
v -1.2 0.5 0.7
v -1.1 0.1 0.7
v -1.1 0.2 0.7
v -1 0.1 0.7
v -1 0.2 0.7
v 0.3 0.3 0.7
v 0.3 0.4 0.7
v 0.4 0.3 0.7
v 0.4 0.4 0.7
v 0.5 0.2 0.7
v 0.5 0.3 0.7
v 0.5 0.4 0.7
v 0.6 0.3 0.7
v 0.6 0.4 0.7
v 0.7 0.2 0.7
v 0.7 0.3 0.7
v 1.4 0.3 0.7
v 1.4 0.4 0.7
v 1.5 0.3 0.7
v 1.5 0.4 0.7
v -1.6 0.4 0.6
v -1.6 0.5 0.6
v -1.5 0.3 0.6
v -1.5 0.4 0.6
v -1.4 0.3 0.6
v -1.4 0.5 0.6
v -0.4 0.3 0.6
v -0.4 0.4 0.6
v -0.3 0.3 0.6
v -0.3 0.4 0.6
v 0.3 0.2 0.6
v 0.3 0.3 0.6
v 0.4 0.2 0.6
v 0.4 0.3 0.6
v 0.7 0.2 0.6
v 0.7 0.3 0.6
v 0.9 0.2 0.6
v 0.9 0.3 0.6
v 1.7 0.5 0.6
v 1.7 0.6 0.6
v 1.7 0.7 0.6
v 1.8 0.5 0.6
v 1.8 0.7 0.6
v 1.8 0.8 0.6
v 1.9 0.7 0.6
v 1.9 0.8 0.6
v -0.7 0.2 0.5
v -0.7 0.3 0.5
v -0.6 0.2 0.5
v -0.6 0.3 0.5
v -0.0999999 0.4 0.5
v -0.0999999 0.5 0.5
v 0 0.4 0.5
v 0 0.5 0.5
v 0.1 0.4 0.5
v 0.1 0.5 0.5
v 0.2 0.4 0.5
v 0.2 0.5 0.5
v 0.5 0.3 0.5
v 0.5 0.4 0.5
v 0.6 0.3 0.5
v 0.6 0.4 0.5
v 1.6 0.5 0.5
v 1.6 0.6 0.5
v 1.7 0.5 0.5
v 1.7 0.6 0.5
v 1.8 0.6 0.5
v 1.8 0.7 0.5
v 1.9 0.6 0.5
v 1.9 0.7 0.5
v -1.3 0.1 0.4
v -1.3 0.5 0.4
v -1.2 0.1 0.4
v -1.2 0.2 0.4
v -1.2 0.5 0.4
v 0.3 0.2 0.4
v 0.3 0.4 0.4
v 0.4 0.2 0.4
v 0.4 0.3 0.4
v 0.5 0.3 0.4
v 0.5 0.4 0.4
v 1.4 0.1 0.4
v 1.4 0.2 0.4
v 1.5 0.1 0.4
v 1.5 0.2 0.4
v 1.5 0.4 0.4
v 1.5 0.5 0.4
v 1.6 0.4 0.4
v 1.6 0.5 0.4
v 1.7 0.4 0.4
v 1.7 0.5 0.4
v 1.7 0.6 0.4
v 1.9 0.6 0.4
v 1.9 0.7 0.4
v 2 0.4 0.4
v 2 0.6 0.4
v 2 0.7 0.4
v 2.1 0.1 0.4
v 2.1 0.3 0.4
v 2.1 0.4 0.4
v 2.1 0.5 0.4
v 2.2 0.1 0.4
v 2.2 0.2 0.4
v 2.2 0.3 0.4
v 2.2 0.4 0.4
v 2.3 0.2 0.4
v 2.3 0.5 0.4
v -2.2 0.1 0.3
v -2.2 0.2 0.3
v -2.1 0.1 0.3
v -2.1 0.2 0.3
v -1 0.1 0.3
v -1 0.2 0.3
v -0.9 0.1 0.3
v -0.9 0.2 0.3
v -0.4 0.3 0.3
v -0.4 0.5 0.3
v -0.4 0.6 0.3
v -0.3 0.3 0.3
v -0.3 0.4 0.3
v -0.3 0.5 0.3
v -0.3 0.6 0.3
v -0.2 0.4 0.3
v -0.2 0.5 0.3
v 0 0.5 0.3
v 0 0.6 0.3
v 0.1 0.5 0.3
v 0.1 0.6 0.3
v 0.5 0.3 0.3
v 0.5 0.4 0.3
v 0.8 0.2 0.3
v 0.8 0.3 0.3
v 0.8 0.4 0.3
v 0.9 0.2 0.3
v 0.9 0.3 0.3
v 1.5 0.3 0.3
v 1.5 0.4 0.3
v 1.6 0.3 0.3
v 1.6 0.4 0.3
v 1.6 0.5 0.3
v 1.7 0.4 0.3
v 1.7 0.5 0.3
v 2 0.1 0.3
v 2 0.3 0.3
v 2 0.4 0.3
v 2 0.6 0.3
v 2.1 0.1 0.3
v 2.1 0.3 0.3
v 2.1 0.4 0.3
v 2.1 0.6 0.3
v 2.2 0.3 0.3
v 2.2 0.4 0.3
v -0.6 0.4 0.2
v -0.6 0.5 0.2
v -0.5 0.4 0.2
v -0.5 0.5 0.2
v -0.4 0.2 0.2
v -0.4 0.3 0.2
v -0.3 0.2 0.2
v -0.3 0.3 0.2
v -0.0999999 0.5 0.2
v -0.0999999 0.6 0.2
v -0.0999999 0.7 0.2
v 0 0.4 0.2
v 0 0.5 0.2
v 0 0.7 0.2
v 0.1 0.4 0.2
v 0.1 0.5 0.2
v 0.1 0.6 0.2
v 0.2 0.5 0.2
v 0.2 0.6 0.2
v 1.5 0.1 0.2
v 1.5 0.3 0.2
v 1.6 0.3 0.2
v 1.6 0.4 0.2
v 1.7 0.1 0.2
v 1.7 0.4 0.2
v -1.9 0.4 0.1
v -1.9 0.5 0.1
v -1.9 0.6 0.1
v -1.8 0.4 0.1
v -1.8 0.5 0.1
v -1.5 0.5 0.1
v -1.5 0.6 0.1
v -0.7 0.4 0.1
v -0.7 0.5 0.1
v -0.6 0.4 0.1
v -0.6 0.5 0.1
v -0.5 0.4 0.1
v -0.5 0.5 0.1
v -0.4 0.4 0.1
v -0.4 0.5 0.1
v -0.0999999 0.4 0.1
v -0.0999999 0.5 0.1
v 0 0.4 0.1
v 0 0.5 0.1
v 0.2 0.5 0.1
v 0.2 0.6 0.1
v 0.3 0.5 0.1
v 0.3 0.6 0.1
v 0.6 0.3 0.1
v 0.6 0.4 0.1
v 0.7 0.3 0.1
v 0.7 0.4 0.1
v -2.2 0.1 0
v -2.2 0.5 0
v -2.1 0.1 0
v -2.1 0.4 0
v -2 0.4 0
v -2 0.5 0
v -1.8 0.4 0
v -1.8 0.5 0
v -1.6 0.4 0
v -1.6 0.5 0
v -1.4 0.1 0
v -1.4 0.5 0
v -1.3 0.1 0
v -1.3 0.5 0
v -1 0.2 0
v -1 0.5 0
v -0.9 0.2 0
v -0.9 0.5 0
v 0.1 0.4 0
v 0.1 0.5 0
v 0.2 0.4 0
v 0.2 0.5 0
v 0.4 0.4 0
v 0.4 0.5 0
v 0.5 0.3 0
v 0.5 0.4 0
v 0.5 0.5 0
v 0.6 0.3 0
v 0.6 0.4 0
v 2 0.1 0
v 2 0.2 0
v 2.1 0.1 0
v 2.1 0.2 0
v -2.1 0.1 -0.0999999
v -2.1 0.4 -0.0999999
v -2 0.1 -0.0999999
v -2 0.3 -0.0999999
v -2 0.4 -0.0999999
v -2 0.5 -0.0999999
v -1.9 0.4 -0.0999999
v -1.9 0.5 -0.0999999
v -1.6 0.1 -0.0999999
v -1.6 0.3 -0.0999999
v -1.6 0.4 -0.0999999
v -1.6 0.5 -0.0999999
v -1.4 0.1 -0.0999999
v -1.4 0.5 -0.0999999
v -1.1 0.1 -0.0999999
v -1.1 0.2 -0.0999999
v -1 0.1 -0.0999999
v -1 0.2 -0.0999999
v -0.5 0.3 -0.0999999
v -0.5 0.4 -0.0999999
v -0.4 0.3 -0.0999999
v -0.4 0.4 -0.0999999
v -0.2 0.5 -0.0999999
v -0.2 0.6 -0.0999999
v -0.0999999 0.2 -0.0999999
v -0.0999999 0.4 -0.0999999
v -0.0999999 0.5 -0.0999999
v -0.0999999 0.6 -0.0999999
v 0 0.2 -0.0999999
v 0 0.4 -0.0999999
v 0 0.5 -0.0999999
v 0.8 0.2 -0.0999999
v 0.8 0.3 -0.0999999
v 0.9 0.2 -0.0999999
v 0.9 0.3 -0.0999999
v -0.9 0.3 -0.2
v -0.9 0.5 -0.2
v -0.8 0.3 -0.2
v -0.8 0.5 -0.2
v -0.6 0.5 -0.2
v -0.6 0.6 -0.2
v -0.5 0.5 -0.2
v -0.5 0.6 -0.2
v -0.3 0.4 -0.2
v -0.3 0.5 -0.2
v -0.0999999 0.4 -0.2
v -0.0999999 0.5 -0.2
v 0.2 0.5 -0.2
v 0.2 0.6 -0.2
v 0.3 0.5 -0.2
v 0.3 0.6 -0.2
v 0.4 0.5 -0.2
v 0.4 0.6 -0.2
v 0.5 0.5 -0.2
v 0.5 0.6 -0.2
v 0.6 0.3 -0.2
v 0.6 0.4 -0.2
v 0.7 0.3 -0.2
v 0.7 0.4 -0.2
v 2.1 0.1 -0.2
v 2.1 0.2 -0.2
v 2.2 0.1 -0.2
v 2.2 0.2 -0.2
v 2.2 0.4 -0.2
v 2.3 0.2 -0.2
v 2.3 0.4 -0.2
v -0.8 0.5 -0.3
v -0.8 0.6 -0.3
v -0.7 0.2 -0.3
v -0.7 0.3 -0.3
v -0.7 0.5 -0.3
v -0.7 0.6 -0.3
v -0.6 0.2 -0.3
v -0.6 0.3 -0.3
v -0.4 0.4 -0.3
v -0.4 0.5 -0.3
v -0.3 0.4 -0.3
v -0.3 0.5 -0.3
v 0 0.5 -0.3
v 0 0.6 -0.3
v 0.1 0.5 -0.3
v 0.1 0.6 -0.3
v 0.2 0.5 -0.3
v 0.2 0.6 -0.3
v 0.4 0.4 -0.3
v 0.4 0.5 -0.3
v 0.6 0.4 -0.3
v 0.6 0.5 -0.3
v 1 0.5 -0.3
v 1 0.8 -0.3
v 1.1 0.6 -0.3
v 1.1 0.7 -0.3
v 1.2 0.6 -0.3
v 1.2 0.7 -0.3
v 1.3 0.5 -0.3
v 1.3 0.8 -0.3
v 1.6 0.5 -0.3
v 1.6 0.6 -0.3
v 1.7 0.5 -0.3
v 1.7 0.6 -0.3
v 1.7 0.7 -0.3
v 1.8 0.6 -0.3
v 1.8 0.7 -0.3
v -1 0.2 -0.4
v -1 0.3 -0.4
v -0.9 0.2 -0.4
v -0.9 0.3 -0.4
v -0.7 0.3 -0.4
v -0.7 0.4 -0.4
v -0.7 0.5 -0.4
v -0.6 0.3 -0.4
v -0.6 0.4 -0.4
v -0.6 0.5 -0.4
v -0.6 0.6 -0.4
v -0.5 0.5 -0.4
v -0.5 0.6 -0.4
v 0.2 0.4 -0.4
v 0.2 0.5 -0.4
v 0.3 0.4 -0.4
v 0.3 0.5 -0.4
v 0.3 0.6 -0.4
v 0.4 0.3 -0.4
v 0.4 0.4 -0.4
v 0.4 0.5 -0.4
v 0.4 0.6 -0.4
v 0.6 0.3 -0.4
v 0.6 0.4 -0.4
v 1.8 0.6 -0.4
v 1.8 0.7 -0.4
v 2 0.5 -0.4
v 2 0.6 -0.4
v 2.1 0.6 -0.4
v 2.1 0.7 -0.4
v 2.2 0.5 -0.4
v 2.2 0.6 -0.4
v -1.9 0 -0.5
v -1.9 0.1 -0.5
v -1.8 0 -0.5
v -1.8 0.1 -0.5
v -1 0.1 -0.5
v -1 0.2 -0.5
v -0.9 0.1 -0.5
v -0.9 0.2 -0.5
v -0.6 0.4 -0.5
v -0.6 0.5 -0.5
v -0.5 0.4 -0.5
v -0.5 0.5 -0.5
v -0.5 0.6 -0.5
v -0.4 0.4 -0.5
v -0.4 0.5 -0.5
v -0.3 0.4 -0.5
v -0.3 0.5 -0.5
v -0.3 0.6 -0.5
v 0.3 0.3 -0.5
v 0.3 0.5 -0.5
v 0.4 0.3 -0.5
v 0.4 0.5 -0.5
v 0.7 0.2 -0.5
v 0.7 0.4 -0.5
v 0.8 0.2 -0.5
v 0.8 0.4 -0.5
v 0.9 0.2 -0.5
v 0.9 0.5 -0.5
v 1 0.3 -0.5
v 1 0.4 -0.5
v 1.1 0.3 -0.5
v 1.1 0.4 -0.5
v 1.2 0.3 -0.5
v 1.2 0.4 -0.5
v 1.3 0.1 -0.5
v 1.3 0.2 -0.5
v 1.3 0.3 -0.5
v 1.3 0.4 -0.5
v 1.4 0.1 -0.5
v 1.4 0.4 -0.5
v 1.4 0.5 -0.5
v 1.5 0.4 -0.5
v 1.5 0.5 -0.5
v 1.6 0.5 -0.5
v 1.6 0.6 -0.5
v 1.7 0.4 -0.5
v 1.7 0.6 -0.5
v 1.9 0 -0.5
v 1.9 0.1 -0.5
v 2 0 -0.5
v 2 0.1 -0.5
v -1.1 0.2 -0.6
v -1.1 0.3 -0.6
v -1 0.2 -0.6
v -1 0.3 -0.6
v -0.9 0.2 -0.6
v -0.9 0.3 -0.6
v -0.8 0.2 -0.6
v -0.8 0.3 -0.6
v -0.8 0.4 -0.6
v -0.8 0.5 -0.6
v -0.7 0.3 -0.6
v -0.7 0.4 -0.6
v -0.7 0.5 -0.6
v -0.6 0.2 -0.6
v -0.6 0.3 -0.6
v -0.5 0.2 -0.6
v -0.5 0.4 -0.6
v -0.5 0.5 -0.6
v -0.4 0.4 -0.6
v -0.4 0.5 -0.6
v -0.3 0.5 -0.6
v -0.3 0.6 -0.6
v -0.2 0.4 -0.6
v -0.2 0.5 -0.6
v 0 0.5 -0.6
v 0 0.6 -0.6
v 0.1 0.4 -0.6
v 0.1 0.5 -0.6
v 0.2 0.4 -0.6
v 0.2 0.5 -0.6
v 0.3 0.4 -0.6
v 0.3 0.5 -0.6
v 0.6 0.3 -0.6
v 0.6 0.4 -0.6
v 0.7 0.3 -0.6
v 0.7 0.4 -0.6
v 1.2 0.1 -0.6
v 1.2 0.2 -0.6
v 1.3 0.1 -0.6
v 1.3 0.2 -0.6
v 1.4 0.1 -0.6
v 1.4 0.4 -0.6
v 1.5 0.1 -0.6
v 1.5 0.4 -0.6
v 1.7 0.4 -0.6
v 1.7 0.6 -0.6
v 1.9 0.1 -0.6
v 1.9 0.3 -0.6
v 2 0.3 -0.6
v 2 0.4 -0.6
v 2 0.5 -0.6
v 2 0.6 -0.6
v 2.1 0.1 -0.6
v 2.1 0.2 -0.6
v 2.2 0.2 -0.6
v 2.2 0.5 -0.6
v -1.7 0.6 -0.7
v -1.7 0.7 -0.7
v -1.6 0.6 -0.7
v -1.6 0.7 -0.7
v -0.8 0.3 -0.7
v -0.8 0.4 -0.7
v -0.7 0.3 -0.7
v -0.7 0.4 -0.7
v -0.5 0.3 -0.7
v -0.5 0.4 -0.7
v -0.4 0.3 -0.7
v -0.4 0.4 -0.7
v -0.2 0.2 -0.7
v -0.2 0.3 -0.7
v -0.0999999 0.2 -0.7
v -0.0999999 0.3 -0.7
v 0.6 0.2 -0.7
v 0.6 0.3 -0.7
v 0.7 0.2 -0.7
v 0.7 0.3 -0.7
v -2.1 0.4 -0.8
v -2.1 0.5 -0.8
v -2 0.4 -0.8
v -2 0.5 -0.8
v -2 0.6 -0.8
v -1.9 0.5 -0.8
v -1.9 0.6 -0.8
v -1.9 0.7 -0.8
v -1.8 0 -0.8
v -1.8 0.1 -0.8
v -1.8 0.6 -0.8
v -1.8 0.7 -0.8
v -1.7 0 -0.8
v -1.7 0.1 -0.8
v -1.2 0.1 -0.8
v -1.2 0.3 -0.8
v -1.1 0.1 -0.8
v -1.1 0.3 -0.8
v -0.8 0.2 -0.8
v -0.8 0.3 -0.8
v -0.7 0.3 -0.8
v -0.7 0.4 -0.8
v -0.5 0.2 -0.8
v -0.5 0.4 -0.8
v -0.4 0.4 -0.8
v -0.4 0.5 -0.8
v -0.2 0.4 -0.8
v -0.2 0.5 -0.8
v -0.0999999 0.3 -0.8
v -0.0999999 0.4 -0.8
v -0.0999999 0.5 -0.8
v 0 0.3 -0.8
v 0 0.4 -0.8
v 0.1 0.3 -0.8
v 0.1 0.4 -0.8
v 0.1 0.5 -0.8
v 0.2 0.3 -0.8
v 0.2 0.4 -0.8
v 0.2 0.5 -0.8
v 0.3 0.3 -0.8
v 0.3 0.4 -0.8
v 0.4 0.3 -0.8
v 0.4 0.4 -0.8
v 0.4 0.5 -0.8
v 0.5 0.4 -0.8
v 0.5 0.5 -0.8
v 0.6 0.3 -0.8
v 0.6 0.4 -0.8
v 0.9 0.2 -0.8
v 0.9 0.3 -0.8
v 1 0.1 -0.8
v 1 0.2 -0.8
v 1 0.3 -0.8
v 1 0.5 -0.8
v 1.1 0.1 -0.8
v 1.1 0.5 -0.8
v 1.1 0.6 -0.8
v 1.2 0.5 -0.8
v 1.2 0.6 -0.8
v 1.8 0 -0.8
v 1.8 0.1 -0.8
v 1.9 0 -0.8
v 1.9 0.1 -0.8
v 1.9 0.3 -0.8
v 1.9 0.4 -0.8
v 2 0.3 -0.8
v 2 0.4 -0.8
v -2 0.1 -0.9
v -2 0.2 -0.9
v -2 0.4 -0.9
v -2 0.5 -0.9
v -1.9 0.5 -0.9
v -1.9 0.6 -0.9
v -1.8 0.4 -0.9
v -1.8 0.6 -0.9
v -1.8 0.7 -0.9
v -1.7 0.1 -0.9
v -1.7 0.2 -0.9
v -1.7 0.5 -0.9
v -1.7 0.6 -0.9
v -1.6 0.3 -0.9
v -1.6 0.4 -0.9
v -1.6 0.6 -0.9
v -1.6 0.7 -0.9
v -1.5 0.4 -0.9
v -1.5 0.5 -0.9
v -1.5 0.6 -0.9
v -1.4 0.1 -0.9
v -1.4 0.2 -0.9
v -1.4 0.3 -0.9
v -1.4 0.5 -0.9
v -1.3 0.1 -0.9
v -1.3 0.2 -0.9
v -1.1 0.1 -0.9
v -1.1 0.3 -0.9
v -0.9 0.1 -0.9
v -0.9 0.3 -0.9
v -0.5 0.2 -0.9
v -0.5 0.3 -0.9
v -0.5 0.4 -0.9
v -0.4 0.2 -0.9
v -0.4 0.4 -0.9
v -0.3 0.3 -0.9
v -0.3 0.4 -0.9
v -0.0999999 0.2 -0.9
v -0.0999999 0.3 -0.9
v -0.0999999 0.4 -0.9
v 0.1 0.3 -0.9
v 0.1 0.4 -0.9
v 0.2 0.3 -0.9
v 0.2 0.4 -0.9
v 0.3 0.2 -0.9
v 0.3 0.3 -0.9
v 0.6 0.1 -0.9
v 0.6 0.3 -0.9
v 0.7 0.1 -0.9
v 0.7 0.2 -0.9
v 0.7 0.3 -0.9
v 0.8 0.2 -0.9
v 0.8 0.3 -0.9
v 0.9 0.1 -0.9
v 0.9 0.2 -0.9
v 0.9 0.3 -0.9
v 1 0.1 -0.9
v 1 0.2 -0.9
v -2.1 0.2 -1
v -2.1 0.4 -1
v -1.9 0.2 -1
v -1.9 0.3 -1
v -1.8 0.4 -1
v -1.8 0.6 -1
v -1.7 0 -1
v -1.7 0.1 -1
v -1.7 0.5 -1
v -1.7 0.6 -1
v -1.6 0 -1
v -1.6 0.1 -1
v -1.6 0.3 -1
v -1.6 0.4 -1
v -1.5 0.4 -1
v -1.5 0.5 -1
v -0.9 0.1 -1
v -0.9 0.3 -1
v -0.6 0.1 -1
v -0.6 0.2 -1
v -0.5 0.2 -1
v -0.5 0.3 -1
v -0.4 0.2 -1
v -0.4 0.4 -1
v -0.3 0.1 -1
v -0.3 0.2 -1
v -0.3 0.3 -1
v -0.3 0.4 -1
v -0.2 0.1 -1
v -0.2 0.2 -1
v -0.0999999 0.2 -1
v -0.0999999 0.3 -1
v 0.3 0.3 -1
v 0.3 0.4 -1
v 0.4 0.2 -1
v 0.4 0.3 -1
v 0.5 0.1 -1
v 0.5 0.2 -1
v 0.5 0.3 -1
v 0.5 0.4 -1
v 0.6 0.1 -1
v 0.6 0.2 -1
v 0.6 0.3 -1
v 0.8 0.1 -1
v 0.8 0.2 -1
v 0.9 0 -1
v 0.9 0.1 -1
v 0.9 0.2 -1
v 1 0 -1
v 1 0.1 -1
v 1.2 0.5 -1
v 1.2 0.6 -1
v 1.3 0.5 -1
v 1.3 0.6 -1
v 1.7 0 -1
v 1.7 0.1 -1
v 1.8 0 -1
v 1.8 0.1 -1
v -0.6 0.1 -1.1
v -0.6 0.2 -1.1
v -0.3 0.1 -1.1
v -0.3 0.2 -1.1
v -0.2 0.1 -1.1
v -0.2 0.2 -1.1
v -0.0999999 0.2 -1.1
v -0.0999999 0.3 -1.1
v 0 0.1 -1.1
v 0 0.2 -1.1
v 0.1 0.2 -1.1
v 0.1 0.3 -1.1
v 0.7 0.1 -1.1
v 0.7 0.2 -1.1
v 0.8 0.1 -1.1
v 0.8 0.2 -1.1
v 0.9 0.1 -1.1
v 0.9 0.3 -1.1
v 1 0.1 -1.1
v 1 0.3 -1.1
v 1 0.4 -1.1
v 1.1 0.3 -1.1
v 1.1 0.4 -1.1
v 1.1 0.5 -1.1
v 1.3 0.4 -1.1
v 1.3 0.5 -1.1
v 1.3 0.6 -1.1
v 1.5 0.6 -1.1
v 1.5 0.7 -1.1
v 1.7 0.6 -1.1
v 1.7 0.7 -1.1
v 1.8 0.1 -1.1
v 1.8 0.5 -1.1
v 1.8 0.6 -1.1
v 2 0.1 -1.1
v 2 0.5 -1.1
v -1.6 0 -1.2
v -1.6 0.1 -1.2
v -1.5 0 -1.2
v -1.5 0.1 -1.2
v 0 0.1 -1.2
v 0 0.2 -1.2
v 0.1 0.1 -1.2
v 0.1 0.2 -1.2
v 0.2 0.1 -1.2
v 0.2 0.2 -1.2
v 0.3 0.2 -1.2
v 0.3 0.3 -1.2
v 0.4 0.2 -1.2
v 0.4 0.3 -1.2
v 0.5 0.1 -1.2
v 0.5 0.2 -1.2
v 1 0.1 -1.2
v 1 0.3 -1.2
v 1.1 0.1 -1.2
v 1.1 0.3 -1.2
v 1.1 0.4 -1.2
v 1.3 0.4 -1.2
v 1.3 0.5 -1.2
v 1.4 0.3 -1.2
v 1.4 0.5 -1.2
v 1.6 0 -1.2
v 1.6 0.1 -1.2
v 1.7 0 -1.2
v 1.7 0.1 -1.2
v 1.7 0.3 -1.2
v 1.7 0.5 -1.2
v 1.8 0.3 -1.2
v 1.8 0.5 -1.2
v -1.5 0 -1.3
v -1.5 0.1 -1.3
v -1.4 0 -1.3
v -1.4 0.1 -1.3
v 0 0.2 -1.3
v 0 0.4 -1.3
v 0.1 0.2 -1.3
v 0.1 0.4 -1.3
v 0.1 0.5 -1.3
v 0.2 0.4 -1.3
v 0.2 0.5 -1.3
v 0.5 0.1 -1.3
v 0.5 0.2 -1.3
v 0.7 0.1 -1.3
v 0.7 0.2 -1.3
v 1.4 0.4 -1.3
v 1.4 0.5 -1.3
v 1.5 0 -1.3
v 1.5 0.1 -1.3
v 1.6 0 -1.3
v 1.6 0.1 -1.3
v 1.6 0.3 -1.3
v 1.6 0.4 -1.3
v 1.7 0.2 -1.3
v 1.7 0.3 -1.3
v 1.7 0.5 -1.3
v 1.8 0.2 -1.3
v 1.8 0.3 -1.3
v -1.4 0 -1.4
v -1.4 0.1 -1.4
v -1.3 0 -1.4
v -1.3 0.1 -1.4
v -1 0.1 -1.4
v -1 0.2 -1.4
v -1 0.3 -1.4
v -1 0.4 -1.4
v -0.9 0.1 -1.4
v -0.9 0.2 -1.4
v -0.9 0.3 -1.4
v -0.9 0.4 -1.4
v -0.8 0.2 -1.4
v -0.8 0.3 -1.4
v 1.2 0.2 -1.4
v 1.2 0.3 -1.4
v 1.3 0.2 -1.4
v 1.3 0.3 -1.4
v 1.4 0 -1.4
v 1.4 0.1 -1.4
v 1.4 0.3 -1.4
v 1.4 0.4 -1.4
v 1.5 0 -1.4
v 1.5 0.1 -1.4
v 1.6 0.2 -1.4
v 1.6 0.3 -1.4
v 1.6 0.4 -1.4
v 1.7 0.1 -1.4
v 1.7 0.2 -1.4
v 1.7 0.3 -1.4
v 1.8 0.1 -1.4
v 1.8 0.2 -1.4
v -1.3 0 -1.5
v -1.3 0.1 -1.5
v -1.2 0 -1.5
v -1.2 0.1 -1.5
v -0.2 0.1 -1.5
v -0.2 0.3 -1.5
v -0.2 0.5 -1.5
v -0.0999999 0.1 -1.5
v -0.0999999 0.5 -1.5
v 1.3 0 -1.5
v 1.3 0.1 -1.5
v 1.4 0 -1.5
v 1.4 0.1 -1.5
v 1.5 0.2 -1.5
v 1.5 0.3 -1.5
v 1.6 0.2 -1.5
v 1.6 0.3 -1.5
v -1.7 0.5 -1.6
v -1.7 0.6 -1.6
v -1.6 0.4 -1.6
v -1.6 0.5 -1.6
v -1.6 0.6 -1.6
v -1.6 0.7 -1.6
v -1.5 0.4 -1.6
v -1.5 0.5 -1.6
v -1.4 0.6 -1.6
v -1.4 0.7 -1.6
v -0.3 0.2 -1.6
v -0.3 0.3 -1.6
v -0.2 0.2 -1.6
v -0.2 0.3 -1.6
v 1.2 0 -1.6
v 1.2 0.1 -1.6
v 1.3 0 -1.6
v 1.3 0.1 -1.6
v 1.6 0.1 -1.6
v 1.6 0.2 -1.6
v 1.7 0.1 -1.6
v 1.7 0.2 -1.6
v -1.9 0.1 -1.7
v -1.9 0.2 -1.7
v -1.8 0.1 -1.7
v -1.8 0.2 -1.7
v -1.8 0.3 -1.7
v -1.8 0.5 -1.7
v -1.7 0.3 -1.7
v -1.7 0.4 -1.7
v -1.6 0.4 -1.7
v -1.6 0.5 -1.7
v -1.6 0.6 -1.7
v -1.5 0.5 -1.7
v -1.4 0.5 -1.7
v -1.4 0.6 -1.7
v -1.4 0.7 -1.7
v -1.3 0.6 -1.7
v -1.3 0.7 -1.7
v -1.2 0 -1.7
v -1.2 0.1 -1.7
v -1.1 0 -1.7
v -1.1 0.1 -1.7
v -0.9 0 -1.7
v -0.9 0.1 -1.7
v -0.9 0.5 -1.7
v -0.9 0.6 -1.7
v -0.8 0.5 -1.7
v -0.8 0.6 -1.7
v 0.1 0.5 -1.7
v 0.1 0.6 -1.7
v 0.3 0.5 -1.7
v 0.3 0.6 -1.7
v 0.3 0.7 -1.7
v 0.4 0.6 -1.7
v 0.4 0.7 -1.7
v 0.9 0.4 -1.7
v 0.9 0.7 -1.7
v 1 0 -1.7
v 1 0.1 -1.7
v 1 0.4 -1.7
v 1 0.6 -1.7
v 1.1 0.6 -1.7
v 1.1 0.7 -1.7
v 1.2 0 -1.7
v 1.2 0.1 -1.7
v 1.2 0.3 -1.7
v 1.2 0.4 -1.7
v 1.2 0.5 -1.7
v 1.2 0.6 -1.7
v 1.3 0.3 -1.7
v 1.3 0.4 -1.7
v 1.3 0.5 -1.7
v 1.3 0.6 -1.7
v 1.4 0.1 -1.7
v 1.4 0.3 -1.7
v 1.5 0.2 -1.7
v 1.5 0.3 -1.7
v 1.6 0.1 -1.7
v 1.6 0.2 -1.7
v -1.5 0.4 -1.8
v -1.5 0.5 -1.8
v -1.4 0.4 -1.8
v -1.4 0.5 -1.8
v -1.4 0.6 -1.8
v -1.2 0.5 -1.8
v -1.2 0.6 -1.8
v -1.1 0.1 -1.8
v -1.1 0.2 -1.8
v -1 0.1 -1.8
v -1 0.2 -1.8
v -0.9 0 -1.8
v -0.9 0.1 -1.8
v -0.7 0 -1.8
v -0.7 0.1 -1.8
v 0.3 0.5 -1.8
v 0.3 0.6 -1.8
v 0.4 0.5 -1.8
v 0.4 0.6 -1.8
v 0.5 0.3 -1.8
v 0.5 0.5 -1.8
v 0.6 0.2 -1.8
v 0.6 0.3 -1.8
v 0.6 0.5 -1.8
v 0.7 0.2 -1.8
v 0.7 0.3 -1.8
v 0.7 0.4 -1.8
v 0.7 0.5 -1.8
v 0.7 0.6 -1.8
v 0.8 0 -1.8
v 0.8 0.1 -1.8
v 0.8 0.3 -1.8
v 0.8 0.4 -1.8
v 0.8 0.5 -1.8
v 0.8 0.6 -1.8
v 0.8 0.7 -1.8
v 0.9 0.6 -1.8
v 0.9 0.7 -1.8
v 1 0 -1.8
v 1 0.1 -1.8
v 1.2 0.4 -1.8
v 1.2 0.5 -1.8
v 1.3 0.4 -1.8
v 1.3 0.5 -1.8
v -1.9 0.2 -1.9
v -1.9 0.3 -1.9
v -1.8 0.1 -1.9
v -1.8 0.2 -1.9
v -1.7 0.1 -1.9
v -1.7 0.3 -1.9
v -1.7 0.4 -1.9
v -1.6 0.1 -1.9
v -1.6 0.2 -1.9
v -1.5 0.2 -1.9
v -1.5 0.3 -1.9
v -1.4 0.4 -1.9
v -1.4 0.5 -1.9
v -1.1 0.1 -1.9
v -1.1 0.2 -1.9
v -1.1 0.4 -1.9
v -1.1 0.5 -1.9
v -1 0.1 -1.9
v -1 0.2 -1.9
v -1 0.4 -1.9
v -1 0.5 -1.9
v -1 0.6 -1.9
v -0.9 0.5 -1.9
v -0.9 0.6 -1.9
v -0.8 0.1 -1.9
v -0.8 0.2 -1.9
v -0.7 0 -1.9
v -0.7 0.1 -1.9
v -0.7 0.6 -1.9
v -0.7 0.7 -1.9
v -0.5 0.6 -1.9
v -0.5 0.7 -1.9
v -0.4 0 -1.9
v -0.4 0.1 -1.9
v -0.4 0.2 -1.9
v -0.4 0.5 -1.9
v -0.3 0.2 -1.9
v -0.3 0.3 -1.9
v -0.3 0.5 -1.9
v 0.4 0.4 -1.9
v 0.4 0.5 -1.9
v 0.5 0 -1.9
v 0.5 0.1 -1.9
v 0.5 0.4 -1.9
v 0.5 0.5 -1.9
v 0.7 0.4 -1.9
v 0.7 0.5 -1.9
v 0.8 0 -1.9
v 0.8 0.1 -1.9
v 0.8 0.4 -1.9
v 0.8 0.5 -1.9
v 1 0.3 -1.9
v 1 0.4 -1.9
v 1 0.6 -1.9
v 1.1 0.2 -1.9
v 1.1 0.3 -1.9
v 1.2 0.2 -1.9
v 1.2 0.3 -1.9
v 1.2 0.6 -1.9
v 1.3 0.1 -1.9
v 1.3 0.3 -1.9
v 1.3 0.5 -1.9
v 1.4 0.1 -1.9
v 1.4 0.5 -1.9
v -1.7 0.1 -2
v -1.7 0.3 -2
v -1.6 0.1 -2
v -1.6 0.2 -2
v -1.5 0.2 -2
v -1.5 0.3 -2
v -1 0.4 -2
v -1 0.5 -2
v -0.9 0.4 -2
v -0.9 0.5 -2
v -0.8 0.1 -2
v -0.8 0.2 -2
v -0.8 0.6 -2
v -0.8 0.7 -2
v -0.7 0.5 -2
v -0.7 0.6 -2
v -0.7 0.7 -2
v -0.6 0.1 -2
v -0.6 0.2 -2
v -0.5 0.5 -2
v -0.5 0.6 -2
v -0.4 0 -2
v -0.4 0.1 -2
v -0.4 0.2 -2
v -0.3 0.1 -2
v -0.3 0.2 -2
v -0.3 0.3 -2
v -0.2 0.2 -2
v -0.2 0.3 -2
v -0.2 0.5 -2
v -0.0999999 0.3 -2
v -0.0999999 0.5 -2
v -0.0999999 0.6 -2
v 0 0.3 -2
v 0 0.4 -2
v 0.2 0.3 -2
v 0.2 0.4 -2
v 0.2 0.5 -2
v 0.2 0.6 -2
v 0.4 0.3 -2
v 0.4 0.4 -2
v 0.4 0.5 -2
v 0.5 0 -2
v 0.5 0.1 -2
v 0.5 0.2 -2
v 0.5 0.3 -2
v 0.5 0.4 -2
v 0.6 0.1 -2
v 0.6 0.2 -2
v 0.6 0.3 -2
v 0.7 0.1 -2
v 0.7 0.2 -2
v 0.8 0.3 -2
v 0.8 0.6 -2
v 0.9 0.3 -2
v 0.9 0.4 -2
v 0.9 0.6 -2
v 1.2 0.2 -2
v 1.2 0.3 -2
v 1.3 0.2 -2
v 1.3 0.3 -2
v -1 0.2 -2.1
v -1 0.4 -2.1
v -0.9 0.2 -2.1
v -0.9 0.4 -2.1
v -0.9 0.5 -2.1
v -0.8 0.4 -2.1
v -0.8 0.5 -2.1
v -0.8 0.6 -2.1
v -0.7 0.5 -2.1
v -0.7 0.6 -2.1
v -0.6 0.1 -2.1
v -0.6 0.2 -2.1
v -0.5 0.3 -2.1
v -0.5 0.5 -2.1
v -0.4 0.1 -2.1
v -0.4 0.2 -2.1
v -0.4 0.3 -2.1
v -0.4 0.5 -2.1
v -0.3 0.1 -2.1
v -0.3 0.2 -2.1
v -0.2 0.2 -2.1
v -0.2 0.3 -2.1
v -0.0999999 0.3 -2.1
v -0.0999999 0.5 -2.1
v 0 0.3 -2.1
v 0 0.4 -2.1
v 0.2 0.1 -2.1
v 0.2 0.3 -2.1
v 0.2 0.4 -2.1
v 0.2 0.5 -2.1
v 0.3 0.3 -2.1
v 0.3 0.4 -2.1
v 0.7 0.1 -2.1
v 0.7 0.3 -2.1
v 0.8 0.1 -2.1
v 0.8 0.3 -2.1
v 0.9 0.3 -2.1
v 0.9 0.4 -2.1
v 1.1 0.2 -2.1
v 1.1 0.3 -2.1
v 1.1 0.4 -2.1
v 1.2 0.1 -2.1
v 1.2 0.2 -2.1
v 1.2 0.3 -2.1
v 1.3 0.1 -2.1
v 1.3 0.2 -2.1
v -0.9 0.2 -2.2
v -0.9 0.4 -2.2
v -0.8 0.4 -2.2
v -0.8 0.5 -2.2
v -0.5 0.3 -2.2
v -0.5 0.5 -2.2
v -0.3 0.2 -2.2
v -0.3 0.3 -2.2
v 0.2 0.1 -2.2
v 0.2 0.3 -2.2
v 0.3 0.3 -2.2
v 0.3 0.4 -2.2
v 0.4 0.3 -2.2
v 0.4 0.4 -2.2
v 0.5 0.2 -2.2
v 0.5 0.3 -2.2
v 0.6 0.1 -2.2
v 0.6 0.2 -2.2
v 0.8 0.1 -2.2
v 0.8 0.3 -2.2
v 1.1 0.2 -2.2
v 1.1 0.3 -2.2
v 1.2 0.1 -2.2
v 1.2 0.2 -2.2
v -0.3 0 2
v 0.7 0 2
v -0.4 0 1.9
v -0.3 0 1.9
v 0.5 0 1.9
v 0.7 0 1.9
v 0.8 0 1.9
v -0.7 0 1.8
v -0.4 0 1.8
v 0.5 0 1.8
v 0.8 0 1.8
v 0.9 0 1.8
v -0.9 0 1.7
v -0.7 0 1.7
v 0.8 0 1.7
v 0.9 0 1.7
v 1 0 1.7
v -1.1 0 1.6
v -0.9 0 1.6
v 1 0 1.6
v 1.2 0 1.6
v 1.3 0 1.6
v -1.2 0 1.5
v -1.1 0 1.5
v 1.2 0 1.5
v 1.3 0 1.5
v 1.4 0 1.5
v -1.3 0 1.4
v -1.2 0 1.4
v 1.3 0 1.4
v 1.4 0 1.4
v 1.5 0 1.4
v -1.4 0 1.3
v -1.3 0 1.3
v 1.4 0 1.3
v 1.5 0 1.3
v 1.6 0 1.3
v -1.5 0 1.2
v -1.4 0 1.2
v 1.5 0 1.2
v 1.6 0 1.2
v -1.6 0 1.1
v -1.5 0 1.1
v 1.6 0 1.1
v 1.7 0 1.1
v -1.7 0 0.9
v -1.6 0 0.9
v 1.7 0 0.9
v 1.8 0 0.9
v -1.8 0 0.7
v -1.7 0 0.7
v 1.8 0 0.7
v 1.9 0 0.7
v -1.9 0 0.4
v -1.8 0 0.4
v 1.9 0 0.4
v 2 0 0.4
v -1.9 0 -0.5
v -1.8 0 -0.5
v 1.9 0 -0.5
v 2 0 -0.5
v -1.8 0 -0.8
v -1.7 0 -0.8
v 1.8 0 -0.8
v 1.9 0 -0.8
v -1.7 0 -1
v -1.6 0 -1
v 0.9 0 -1
v 1 0 -1
v 1.7 0 -1
v 1.8 0 -1
v 0.9 0 -1.1
v 1 0 -1.1
v -1.6 0 -1.2
v -1.5 0 -1.2
v 1.6 0 -1.2
v 1.7 0 -1.2
v -1.5 0 -1.3
v -1.4 0 -1.3
v 1.5 0 -1.3
v 1.6 0 -1.3
v -1.4 0 -1.4
v -1.3 0 -1.4
v 1.4 0 -1.4
v 1.5 0 -1.4
v -1.3 0 -1.5
v -1.2 0 -1.5
v 1.3 0 -1.5
v 1.4 0 -1.5
v -1.2 0 -1.6
v -1.1 0 -1.6
v 1.2 0 -1.6
v 1.3 0 -1.6
v -1.2 0 -1.7
v -1.1 0 -1.7
v -0.9 0 -1.7
v 1 0 -1.7
v 1.2 0 -1.7
v -0.9 0 -1.8
v -0.7 0 -1.8
v 0.8 0 -1.8
v 1 0 -1.8
v -0.7 0 -1.9
v -0.4 0 -1.9
v 0.5 0 -1.9
v 0.8 0 -1.9
v -0.4 0 -2
v 0.5 0 -2
v -1.3 0.1 1.9
v -0.5 0.1 1.9
v 0.9 0.1 1.9
v 1.1 0.1 1.9
v -0.7 0.1 1.8
v -0.5 0.1 1.8
v 0.9 0.1 1.8
v -0.9 0.1 1.7
v -0.7 0.1 1.7
v 0.9 0.1 1.7
v 1 0.1 1.7
v -1.8 0.1 1.6
v -1.6 0.1 1.6
v -1.1 0.1 1.6
v -0.9 0.1 1.6
v 1 0.1 1.6
v 1.1 0.1 1.6
v -1.9 0.1 1.5
v -1.8 0.1 1.5
v -1.6 0.1 1.5
v -1.3 0.1 1.5
v -1.2 0.1 1.5
v -1.1 0.1 1.5
v -1.3 0.1 1.4
v -1.2 0.1 1.4
v 1.5 0.1 1.4
v 1.6 0.1 1.4
v -2 0.1 1.3
v -1.9 0.1 1.3
v -1.4 0.1 1.3
v -1.3 0.1 1.3
v 1.5 0.1 1.3
v 1.6 0.1 1.3
v -1.5 0.1 1.2
v -1.4 0.1 1.2
v -2 0.1 1.1
v -1.9 0.1 1.1
v -1.6 0.1 1.1
v -1.5 0.1 1.1
v -2 0.1 1
v -1.9 0.1 1
v -1.7 0.1 0.9
v -1.6 0.1 0.9
v 1.8 0.1 0.9
v 2.1 0.1 0.9
v -2.1 0.1 0.8
v -2 0.1 0.8
v -1.8 0.1 0.7
v -1.7 0.1 0.7
v 1.8 0.1 0.7
v 1.9 0.1 0.7
v 2.1 0.1 0.6
v 2.2 0.1 0.6
v -2.2 0.1 0.5
v -2.1 0.1 0.5
v -1.9 0.1 0.4
v -1.8 0.1 0.4
v 1.9 0.1 0.4
v 2 0.1 0.4
v 2.1 0.1 0.4
v 2.2 0.1 0.4
v -2.2 0.1 0.3
v -2.1 0.1 0.3
v 2 0.1 0.3
v 2.1 0.1 0.3
v 2 0.1 0.2
v 2.1 0.1 0.2
v -2.2 0.1 0.1
v -2.1 0.1 0.1
v -2.2 0.1 0
v -2.1 0.1 0
v 2 0.1 0
v 2.1 0.1 0
v -2.1 0.1 -0.0999999
v -2 0.1 -0.0999999
v 2 0.1 -0.0999999
v 2.2 0.1 -0.0999999
v 2.1 0.1 -0.2
v 2.2 0.1 -0.2
v -1.9 0.1 -0.5
v -1.8 0.1 -0.5
v 1.9 0.1 -0.5
v 2 0.1 -0.5
v 1.9 0.1 -0.6
v 2.1 0.1 -0.6
v -1.8 0.1 -0.8
v -1.7 0.1 -0.8
v 1.8 0.1 -0.8
v 1.9 0.1 -0.8
v -2 0.1 -0.9
v -1.7 0.1 -0.9
v 1.9 0.1 -0.9
v 2 0.1 -0.9
v -1.8 0.1 -1
v -1.7 0.1 -1
v -1.6 0.1 -1
v 0.9 0.1 -1
v 1 0.1 -1
v 1.7 0.1 -1
v 1.8 0.1 -1
v 0.9 0.1 -1.1
v 1 0.1 -1.1
v 1.8 0.1 -1.1
v 2 0.1 -1.1
v -1.6 0.1 -1.2
v -1.5 0.1 -1.2
v 1.6 0.1 -1.2
v 1.7 0.1 -1.2
v -1.9 0.1 -1.3
v -1.8 0.1 -1.3
v -1.5 0.1 -1.3
v -1.4 0.1 -1.3
v 1.5 0.1 -1.3
v 1.6 0.1 -1.3
v -1.4 0.1 -1.4
v -1.3 0.1 -1.4
v 1.4 0.1 -1.4
v 1.5 0.1 -1.4
v 1.7 0.1 -1.4
v 1.8 0.1 -1.4
v -1.3 0.1 -1.5
v -1.2 0.1 -1.5
v 1.3 0.1 -1.5
v 1.4 0.1 -1.5
v -1.2 0.1 -1.6
v 1.2 0.1 -1.6
v 1.3 0.1 -1.6
v 1.6 0.1 -1.6
v 1.7 0.1 -1.6
v -1.9 0.1 -1.7
v -1.8 0.1 -1.7
v -1.2 0.1 -1.7
v -1.1 0.1 -1.7
v -0.9 0.1 -1.7
v 1 0.1 -1.7
v 1.2 0.1 -1.7
v 1.4 0.1 -1.7
v 1.6 0.1 -1.7
v -1.1 0.1 -1.8
v -1 0.1 -1.8
v -0.9 0.1 -1.8
v -0.7 0.1 -1.8
v 0.8 0.1 -1.8
v 1 0.1 -1.8
v -1.8 0.1 -1.9
v -1.7 0.1 -1.9
v -1.6 0.1 -1.9
v -1.1 0.1 -1.9
v -1 0.1 -1.9
v -0.8 0.1 -1.9
v -0.7 0.1 -1.9
v -0.4 0.1 -1.9
v 0.5 0.1 -1.9
v 0.8 0.1 -1.9
v 1.3 0.1 -1.9
v 1.4 0.1 -1.9
v -1.7 0.1 -2
v -1.6 0.1 -2
v -0.8 0.1 -2
v -0.6 0.1 -2
v -0.4 0.1 -2
v -0.3 0.1 -2
v 0.5 0.1 -2
v 0.6 0.1 -2
v 0.7 0.1 -2
v -0.6 0.1 -2.1
v -0.4 0.1 -2.1
v -0.3 0.1 -2.1
v 0.2 0.1 -2.1
v 0.7 0.1 -2.1
v 0.8 0.1 -2.1
v 1.2 0.1 -2.1
v 1.3 0.1 -2.1
v 0.2 0.1 -2.2
v 0.6 0.1 -2.2
v 0.8 0.1 -2.2
v 1.2 0.1 -2.2
v 1.1 0.2 1.9
v 1.4 0.2 1.9
v 1.4 0.2 1.8
v 1.6 0.2 1.8
v 1.6 0.2 1.7
v 1.7 0.2 1.7
v 1.1 0.2 1.6
v 1.3 0.2 1.6
v 1.3 0.2 1.5
v 1.4 0.2 1.5
v 1.7 0.2 1.5
v 1.8 0.2 1.5
v 1.5 0.2 1.4
v 1.6 0.2 1.4
v 1.8 0.2 1.4
v 1.9 0.2 1.4
v 1.4 0.2 1.3
v 1.5 0.2 1.3
v 1.6 0.2 1.3
v 1.9 0.2 1.3
v 1.5 0.2 1.2
v 1.6 0.2 1.2
v 2 0.2 1.2
v 2 0.2 1.1
v 2.1 0.2 1.1
v 1.5 0.2 1
v 1.7 0.2 1
v 1.7 0.2 0.9
v 2.1 0.2 0.9
v 2.2 0.2 0.9
v 2.1 0.2 0.6
v 2.2 0.2 0.6
v 2.3 0.2 0.6
v 2.2 0.2 0.4
v 2.3 0.2 0.4
v 2.1 0.2 0.1
v 2.3 0.2 0.1
v 2 0.2 0
v 2.1 0.2 0
v 2 0.2 -0.0999999
v 2.2 0.2 -0.0999999
v 2.1 0.2 -0.2
v 2.2 0.2 -0.2
v 2.3 0.2 -0.2
v -2.1 0.2 -0.5
v -2 0.2 -0.5
v 2.1 0.2 -0.6
v 2.2 0.2 -0.6
v -2 0.2 -0.9
v -1.7 0.2 -0.9
v -2.1 0.2 -1
v -1.9 0.2 -1
v -1.8 0.2 -1
v -1.7 0.2 -1
v 0 0.2 -1.2
v 0.1 0.2 -1.2
v -1.9 0.2 -1.3
v -1.8 0.2 -1.3
v 0 0.2 -1.3
v 0.1 0.2 -1.3
v -1.9 0.2 -1.7
v -1.8 0.2 -1.7
v -1.1 0.2 -1.8
v -1 0.2 -1.8
v -1.9 0.2 -1.9
v -1.8 0.2 -1.9
v -1.6 0.2 -1.9
v -1.5 0.2 -1.9
v -1.1 0.2 -1.9
v -1 0.2 -1.9
v -0.8 0.2 -1.9
v -1.6 0.2 -2
v -1.5 0.2 -2
v -0.8 0.2 -2
v -0.6 0.2 -2
v -0.4 0.2 -2
v -0.3 0.2 -2
v -1 0.2 -2.1
v -0.9 0.2 -2.1
v -0.6 0.2 -2.1
v -0.4 0.2 -2.1
v -0.3 0.2 -2.1
v -0.9 0.2 -2.2
v -0.3 0.2 -2.2
v 1.4 0.3 1.9
v 1.6 0.3 1.9
v 1.4 0.3 1.8
v 1.6 0.3 1.8
v 1.7 0.3 1.8
v 1.6 0.3 1.7
v 1.7 0.3 1.7
v 1.8 0.3 1.7
v 1.7 0.3 1.5
v 1.8 0.3 1.5
v 1.4 0.3 1
v 1.5 0.3 1
v 1.3 0.3 0.9
v 1.4 0.3 0.9
v 1.5 0.3 0.9
v 1.3 0.3 0.8
v 1.4 0.3 0.8
v 1.5 0.3 0.8
v 1.4 0.3 0.7
v 1.5 0.3 0.7
v 2.1 0.3 0.4
v 2.2 0.3 0.4
v 2 0.3 0.3
v 2.1 0.3 0.3
v 2.2 0.3 0.3
v 2 0.3 0.2
v 2.1 0.3 0.2
v 2.2 0.3 0.2
v 2.1 0.3 0.1
v 2.2 0.3 0.1
v -2.1 0.3 -0.2
v -2 0.3 -0.2
v -0.7 0.3 -0.3
v -0.6 0.3 -0.3
v -0.7 0.3 -0.4
v -0.6 0.3 -0.4
v -2.1 0.3 -0.5
v -2 0.3 -0.5
v 1.9 0.3 -0.6
v 2 0.3 -0.6
v -0.2 0.3 -0.7
v -0.0999999 0.3 -0.7
v -0.2 0.3 -0.8
v -0.0999999 0.3 -0.8
v 1.9 0.3 -0.8
v 2 0.3 -0.8
v 0.3 0.3 -1.2
v 0.4 0.3 -1.2
v -1 0.3 -1.3
v -0.9 0.3 -1.3
v 0.3 0.3 -1.3
v -1 0.3 -1.4
v -0.9 0.3 -1.4
v -0.8 0.3 -1.4
v 0.3 0.3 -1.4
v 0.4 0.3 -1.4
v -1 0.3 -1.5
v -0.9 0.3 -1.5
v -0.8 0.3 -1.5
v -1 0.3 -1.6
v -0.9 0.3 -1.6
v -1.6 0.4 -0.9
v -1.5 0.4 -0.9
v -1.6 0.4 -1
v -1.5 0.4 -1
v 1.2 0.4 -1.5
v 1.3 0.4 -1.5
v 1.2 0.4 -1.6
v 1.3 0.4 -1.6
v 1.2 0.4 -1.7
v 1.3 0.4 -1.7
v 0.7 0.4 -1.8
v 0.8 0.4 -1.8
v 1.2 0.4 -1.8
v 1.3 0.4 -1.8
v 0.7 0.4 -1.9
v 0.8 0.4 -1.9
v 0 0.4 -2
v 0.2 0.4 -2
v 0 0.4 -2.1
v 0.2 0.4 -2.1
v 1 0.5 0.9
v 1.1 0.5 0.9
v 1.2 0.5 0.9
v 1 0.5 0.7
v 1.2 0.5 0.7
v -1.6 0.5 -1.6
v -1.5 0.5 -1.6
v -1.6 0.5 -1.7
v -1.5 0.5 -1.7
v -1 0.6 1.7
v -0.9 0.6 1.7
v -1 0.6 1.6
v -0.9 0.6 1.6
v -0.3 0.1 2
v -0.0999999 0.1 2
v 0.5 0.1 2
v 0.7 0.1 2
v -0.3 0.1 1.9
v -0.0999999 0.1 1.9
v 0.5 0.1 1.9
v 0.7 0.1 1.9
v 1.4 0.1 1.4
v 1.5 0.1 1.4
v 0.8 0.1 1.3
v 0.9 0.1 1.3
v 1.4 0.1 1.3
v 1.5 0.1 1.3
v -0.6 0.1 1.2
v -0.2 0.1 1.2
v 0.7 0.1 1.2
v 0.8 0.1 1.2
v 1.5 0.1 1.2
v 1.6 0.1 1.2
v -0.2 0.1 1.1
v 0.7 0.1 1.1
v 1.6 0.1 1.1
v 1.7 0.1 1.1
v -1.1 0.1 1
v -0.6 0.1 1
v -0.4 0.1 1
v 0.1 0.1 1
v 1.4 0.1 1
v 1.5 0.1 1
v 1.7 0.1 1
v -1.1 0.1 0.9
v -0.4 0.1 0.9
v -0.3 0.1 0.9
v 0 0.1 0.9
v 0.1 0.1 0.9
v 0.6 0.1 0.9
v 1.3 0.1 0.9
v 1.4 0.1 0.9
v -1 0.1 0.8
v -0.3 0.1 0.8
v 0 0.1 0.8
v 0.6 0.1 0.8
v 0.8 0.1 0.8
v 0.9 0.1 0.8
v 1 0.1 0.8
v 1.3 0.1 0.8
v 1.4 0.1 0.8
v -1.4 0.1 0.7
v -1.2 0.1 0.7
v -1.1 0.1 0.7
v -1 0.1 0.7
v -0.7 0.1 0.7
v -0.3 0.1 0.7
v 0.8 0.1 0.7
v 1 0.1 0.7
v 1.4 0.1 0.7
v -1.4 0.1 0.6
v -1.3 0.1 0.6
v -0.8 0.1 0.6
v -0.7 0.1 0.6
v 1.4 0.1 0.6
v 1.5 0.1 0.6
v -1.3 0.1 0.5
v -1.2 0.1 0.5
v -1 0.1 0.5
v -0.9 0.1 0.5
v -1.3 0.1 0.4
v -1.2 0.1 0.4
v -1.1 0.1 0.4
v -1 0.1 0.4
v -0.9 0.1 0.4
v -0.8 0.1 0.4
v 1.4 0.1 0.4
v 1.5 0.1 0.4
v -1 0.1 0.3
v -0.9 0.1 0.3
v 1.5 0.1 0.2
v 1.7 0.1 0.2
v -1 0.1 0.1
v -0.9 0.1 0.1
v 1.5 0.1 0.1
v 1.7 0.1 0.1
v -1.4 0.1 0
v -1.3 0.1 0
v 1.4 0.1 0
v 1.5 0.1 0
v -1.6 0.1 -0.0999999
v -1.4 0.1 -0.0999999
v -1.1 0.1 -0.0999999
v -1 0.1 -0.0999999
v -1.6 0.1 -0.2
v -1.4 0.1 -0.2
v -1.4 0.1 -0.3
v -1.3 0.1 -0.3
v -1.1 0.1 -0.3
v -1 0.1 -0.3
v -1 0.1 -0.5
v -0.9 0.1 -0.5
v 1.3 0.1 -0.5
v 1.4 0.1 -0.5
v -1 0.1 -0.6
v -0.9 0.1 -0.6
v 1.2 0.1 -0.6
v 1.3 0.1 -0.6
v 1.4 0.1 -0.6
v 1.5 0.1 -0.6
v 1.2 0.1 -0.7
v 1.3 0.1 -0.7
v 1.4 0.1 -0.7
v 1.5 0.1 -0.7
v -1.2 0.1 -0.8
v -1.1 0.1 -0.8
v 1 0.1 -0.8
v 1.1 0.1 -0.8
v -1.4 0.1 -0.9
v -1.3 0.1 -0.9
v -1.1 0.1 -0.9
v -0.9 0.1 -0.9
v 0.6 0.1 -0.9
v 0.7 0.1 -0.9
v 0.9 0.1 -0.9
v 1 0.1 -0.9
v -1.4 0.1 -1
v -1.1 0.1 -1
v -0.9 0.1 -1
v -0.6 0.1 -1
v -0.3 0.1 -1
v -0.2 0.1 -1
v 0.5 0.1 -1
v 0.6 0.1 -1
v 0.7 0.1 -1
v 0.8 0.1 -1
v 0.9 0.1 -1
v 1.1 0.1 -1
v -1.1 0.1 -1.1
v -1 0.1 -1.1
v -0.6 0.1 -1.1
v -0.3 0.1 -1.1
v -0.2 0.1 -1.1
v 0 0.1 -1.1
v 0.5 0.1 -1.1
v 0.6 0.1 -1.1
v 0.7 0.1 -1.1
v 0.8 0.1 -1.1
v 0.9 0.1 -1.1
v 1 0.1 -1.1
v -0.8 0.1 -1.2
v -0.4 0.1 -1.2
v 0 0.1 -1.2
v 0.1 0.1 -1.2
v 0.2 0.1 -1.2
v 0.5 0.1 -1.2
v 1 0.1 -1.2
v 1.1 0.1 -1.2
v -1 0.1 -1.3
v -0.8 0.1 -1.3
v 0.2 0.1 -1.3
v 0.3 0.1 -1.3
v 0.5 0.1 -1.3
v 0.7 0.1 -1.3
v 1.1 0.1 -1.3
v -1 0.1 -1.4
v -0.9 0.1 -1.4
v -0.4 0.1 -1.4
v 0.1 0.1 -1.4
v 0.3 0.1 -1.4
v 0.7 0.1 -1.4
v -1 0.1 -1.5
v -0.9 0.1 -1.5
v -0.2 0.1 -1.5
v -0.0999999 0.1 -1.5
v -0.2 0.1 -1.6
v -0.0999999 0.1 -1.6
v -0.0999999 0.2 2
v 0.5 0.2 2
v -1.3 0.2 1.9
v -1.2 0.2 1.9
v -0.6 0.2 1.9
v -0.5 0.2 1.9
v -0.0999999 0.2 1.9
v 0.5 0.2 1.9
v 0.9 0.2 1.9
v 1.1 0.2 1.9
v -0.6 0.2 1.8
v -0.5 0.2 1.8
v 0.8 0.2 1.8
v 0.9 0.2 1.8
v 1 0.2 1.8
v 1.1 0.2 1.8
v 0.9 0.2 1.7
v 1 0.2 1.7
v -1.8 0.2 1.6
v -1.7 0.2 1.6
v -1.9 0.2 1.5
v -1.8 0.2 1.5
v -1.7 0.2 1.5
v -1.3 0.2 1.5
v -1.3 0.2 1.4
v -1.2 0.2 1.4
v -1.1 0.2 1.4
v -2 0.2 1.3
v -1.9 0.2 1.3
v -1.2 0.2 1.3
v -1.1 0.2 1.3
v 0.8 0.2 1.3
v 0.9 0.2 1.3
v -1.9 0.2 1.2
v -1.8 0.2 1.2
v -0.2 0.2 1.2
v 0.7 0.2 1.2
v -2 0.2 1.1
v -1.9 0.2 1.1
v -0.2 0.2 1.1
v 0.7 0.2 1.1
v -0.4 0.2 1
v 0.1 0.2 1
v 1.5 0.2 1
v 1.6 0.2 1
v -1.1 0.2 0.9
v -0.4 0.2 0.9
v -0.3 0.2 0.9
v 0 0.2 0.9
v 0.1 0.2 0.9
v 0.4 0.2 0.9
v 0.6 0.2 0.9
v -2.1 0.2 0.8
v -2 0.2 0.8
v -1.2 0.2 0.8
v -1.1 0.2 0.8
v -1 0.2 0.8
v -0.3 0.2 0.8
v -0.0999999 0.2 0.8
v 0.4 0.2 0.8
v 0.6 0.2 0.8
v -1.2 0.2 0.7
v -1.1 0.2 0.7
v -1 0.2 0.7
v -0.7 0.2 0.7
v -0.6 0.2 0.7
v -0.3 0.2 0.7
v -0.0999999 0.2 0.7
v 0.5 0.2 0.7
v 0.7 0.2 0.7
v -1.4 0.2 0.6
v -1.3 0.2 0.6
v -0.8 0.2 0.6
v -0.7 0.2 0.6
v -0.6 0.2 0.6
v 0.3 0.2 0.6
v 0.4 0.2 0.6
v 0.5 0.2 0.6
v 0.7 0.2 0.6
v 0.9 0.2 0.6
v 1.4 0.2 0.6
v 1.5 0.2 0.6
v -2.2 0.2 0.5
v -2.1 0.2 0.5
v -2 0.2 0.5
v -1.4 0.2 0.5
v -1.3 0.2 0.5
v -1.2 0.2 0.5
v -1 0.2 0.5
v -0.9 0.2 0.5
v -0.7 0.2 0.5
v -0.6 0.2 0.5
v 0.3 0.2 0.5
v 0.4 0.2 0.5
v 0.7 0.2 0.5
v 0.9 0.2 0.5
v 1.5 0.2 0.5
v 1.6 0.2 0.5
v -1.2 0.2 0.4
v -1.1 0.2 0.4
v -1 0.2 0.4
v -0.9 0.2 0.4
v -0.8 0.2 0.4
v -0.6 0.2 0.4
v 0.3 0.2 0.4
v 0.4 0.2 0.4
v 1.4 0.2 0.4
v 1.5 0.2 0.4
v -2.2 0.2 0.3
v -2.1 0.2 0.3
v -1 0.2 0.3
v -0.9 0.2 0.3
v -0.8 0.2 0.3
v 0.3 0.2 0.3
v 0.4 0.2 0.3
v 0.8 0.2 0.3
v 0.9 0.2 0.3
v -0.4 0.2 0.2
v -0.3 0.2 0.2
v 0.9 0.2 0.2
v -1 0.2 0.1
v -0.4 0.2 0.1
v -0.3 0.2 0.1
v 0.8 0.2 0.1
v 0.9 0.2 0.1
v 1.5 0.2 0.1
v 1.7 0.2 0.1
v -1 0.2 0
v -0.9 0.2 0
v 1.4 0.2 0
v 1.5 0.2 0
v 1.7 0.2 0
v -1.1 0.2 -0.0999999
v -1 0.2 -0.0999999
v -0.0999999 0.2 -0.0999999
v 0 0.2 -0.0999999
v 0.8 0.2 -0.0999999
v 0.9 0.2 -0.0999999
v -1 0.2 -0.2
v -0.9 0.2 -0.2
v 0.8 0.2 -0.2
v 0.9 0.2 -0.2
v -1.4 0.2 -0.3
v -1.3 0.2 -0.3
v -1.1 0.2 -0.3
v -1 0.2 -0.3
v -0.7 0.2 -0.3
v -0.6 0.2 -0.3
v -0.0999999 0.2 -0.3
v 0 0.2 -0.3
v 0.8 0.2 -0.3
v 1.4 0.2 -0.3
v 1.5 0.2 -0.3
v -1.1 0.2 -0.4
v -1 0.2 -0.4
v -0.9 0.2 -0.4
v -1 0.2 -0.5
v -0.9 0.2 -0.5
v -0.7 0.2 -0.5
v -0.6 0.2 -0.5
v 0.7 0.2 -0.5
v 0.8 0.2 -0.5
v 0.9 0.2 -0.5
v 1.3 0.2 -0.5
v -1.1 0.2 -0.6
v -1 0.2 -0.6
v -0.9 0.2 -0.6
v -0.8 0.2 -0.6
v -0.6 0.2 -0.6
v -0.5 0.2 -0.6
v 1.2 0.2 -0.6
v 1.3 0.2 -0.6
v -1.2 0.2 -0.7
v -1 0.2 -0.7
v -0.6 0.2 -0.7
v -0.5 0.2 -0.7
v -0.2 0.2 -0.7
v -0.0999999 0.2 -0.7
v 0.6 0.2 -0.7
v 0.7 0.2 -0.7
v 0.9 0.2 -0.7
v 1.1 0.2 -0.7
v 1.2 0.2 -0.7
v -1 0.2 -0.8
v -0.8 0.2 -0.8
v -0.5 0.2 -0.8
v -0.2 0.2 -0.8
v -0.0999999 0.2 -0.8
v 0.6 0.2 -0.8
v 0.7 0.2 -0.8
v 0.8 0.2 -0.8
v 0.9 0.2 -0.8
v 1 0.2 -0.8
v -1.4 0.2 -0.9
v -1.3 0.2 -0.9
v -0.8 0.2 -0.9
v -0.5 0.2 -0.9
v -0.4 0.2 -0.9
v -0.0999999 0.2 -0.9
v 0.3 0.2 -0.9
v 0.7 0.2 -0.9
v 0.8 0.2 -0.9
v 0.9 0.2 -0.9
v 1 0.2 -0.9
v -1.2 0.2 -1
v -1.1 0.2 -1
v -0.6 0.2 -1
v -0.5 0.2 -1
v -0.4 0.2 -1
v -0.3 0.2 -1
v -0.2 0.2 -1
v -0.0999999 0.2 -1
v 0.1 0.2 -1
v 0.4 0.2 -1
v 0.5 0.2 -1
v 0.6 0.2 -1
v 0.7 0.2 -1
v 0.8 0.2 -1
v 0.9 0.2 -1
v -1.2 0.2 -1.1
v -1.1 0.2 -1.1
v -1 0.2 -1.1
v -0.6 0.2 -1.1
v -0.3 0.2 -1.1
v -0.2 0.2 -1.1
v -0.0999999 0.2 -1.1
v 0 0.2 -1.1
v 0.1 0.2 -1.1
v 0.5 0.2 -1.1
v 0.6 0.2 -1.1
v 0.7 0.2 -1.1
v 0.8 0.2 -1.1
v 0 0.2 -1.2
v 0.1 0.2 -1.2
v 0.2 0.2 -1.2
v 0.3 0.2 -1.2
v 0.4 0.2 -1.2
v 0.5 0.2 -1.2
v -1 0.2 -1.3
v -0.9 0.2 -1.3
v 0.5 0.2 -1.3
v 0.7 0.2 -1.3
v 1.7 0.2 -1.3
v 1.8 0.2 -1.3
v -1 0.2 -1.4
v -0.9 0.2 -1.4
v -0.8 0.2 -1.4
v -0.3 0.2 -1.4
v -0.2 0.2 -1.4
v 1.2 0.2 -1.4
v 1.3 0.2 -1.4
v 1.6 0.2 -1.4
v 1.7 0.2 -1.4
v 1.8 0.2 -1.4
v -1 0.2 -1.5
v -0.9 0.2 -1.5
v -0.8 0.2 -1.5
v -0.3 0.2 -1.5
v -0.2 0.2 -1.5
v 1.2 0.2 -1.5
v 1.3 0.2 -1.5
v 1.5 0.2 -1.5
v 1.6 0.2 -1.5
v -1.1 0.2 -1.6
v -0.9 0.2 -1.6
v -0.3 0.2 -1.6
v -0.2 0.2 -1.6
v 1.6 0.2 -1.6
v 1.7 0.2 -1.6
v 1.5 0.2 -1.7
v 1.6 0.2 -1.7
v 0.6 0.2 -1.8
v 0.7 0.2 -1.8
v -0.4 0.2 -1.9
v -0.3 0.2 -1.9
v -0.2 0.2 -1.9
v 1.1 0.2 -1.9
v 1.2 0.2 -1.9
v -0.4 0.2 -2
v -0.3 0.2 -2
v -0.2 0.2 -2
v 0.5 0.2 -2
v 0.6 0.2 -2
v 0.7 0.2 -2
v 1.1 0.2 -2
v 1.2 0.2 -2
v 1.3 0.2 -2
v -0.3 0.2 -2.1
v -0.2 0.2 -2.1
v 1.1 0.2 -2.1
v 1.2 0.2 -2.1
v 1.3 0.2 -2.1
v 0.5 0.2 -2.2
v 0.6 0.2 -2.2
v 1.1 0.2 -2.2
v 1.2 0.2 -2.2
v -1.2 0.3 1.9
v -0.6 0.3 1.9
v -0.4 0.3 1.9
v -0.0999999 0.3 1.9
v 0.4 0.3 1.9
v 0.8 0.3 1.9
v 1.1 0.3 1.9
v 1.4 0.3 1.9
v -1.1 0.3 1.8
v -0.6 0.3 1.8
v -0.4 0.3 1.8
v -0.3 0.3 1.8
v -0.0999999 0.3 1.8
v 0.4 0.3 1.8
v 0.8 0.3 1.8
v 1.1 0.3 1.8
v 1.3 0.3 1.8
v 1.4 0.3 1.8
v -1.2 0.3 1.7
v -1.1 0.3 1.7
v 0.9 0.3 1.7
v 1 0.3 1.7
v 1.1 0.3 1.7
v 1.2 0.3 1.7
v -1.7 0.3 1.6
v -1.6 0.3 1.6
v 0.9 0.3 1.6
v 1.1 0.3 1.6
v 1.2 0.3 1.6
v 1.3 0.3 1.6
v -1.8 0.3 1.5
v -1.7 0.3 1.5
v -1.6 0.3 1.5
v -1.3 0.3 1.5
v -1.7 0.3 1.4
v -1.6 0.3 1.4
v -1.3 0.3 1.4
v -1.2 0.3 1.4
v -1.6 0.3 1.3
v -1.3 0.3 1.3
v -1.2 0.3 1.3
v -1.1 0.3 1.3
v -0.0999999 0.3 1.3
v 0 0.3 1.3
v 0.2 0.3 1.3
v 0.3 0.3 1.3
v 0.5 0.3 1.3
v 0.6 0.3 1.3
v -1.9 0.3 1.2
v -1.8 0.3 1.2
v -1.7 0.3 1.2
v -1.3 0.3 1.2
v -1.1 0.3 1.2
v -0.4 0.3 1.2
v -0.3 0.3 1.2
v -0.0999999 0.3 1.2
v 0 0.3 1.2
v 0.2 0.3 1.2
v 0.3 0.3 1.2
v 0.5 0.3 1.2
v 0.6 0.3 1.2
v 0.9 0.3 1.2
v 1 0.3 1.2
v 1.9 0.3 1.2
v 2 0.3 1.2
v 0.9 0.3 1.1
v 1 0.3 1.1
v 1.6 0.3 1.1
v 1.7 0.3 1.1
v 1.9 0.3 1.1
v 2 0.3 1.1
v -1.9 0.3 1
v -1.8 0.3 1
v 1.6 0.3 1
v 1.7 0.3 1
v 0 0.3 0.9
v 0.4 0.3 0.9
v -2 0.3 0.8
v -1.9 0.3 0.8
v -0.0999999 0.3 0.8
v 0 0.3 0.8
v 0.2 0.3 0.8
v 0.4 0.3 0.8
v 0.6 0.3 0.8
v 0.8 0.3 0.8
v -1.9 0.3 0.7
v -1.8 0.3 0.7
v -0.6 0.3 0.7
v -0.5 0.3 0.7
v -0.0999999 0.3 0.7
v 0.2 0.3 0.7
v 0.3 0.3 0.7
v 0.4 0.3 0.7
v 0.6 0.3 0.7
v 0.7 0.3 0.7
v 0.8 0.3 0.7
v 0.9 0.3 0.7
v -1.5 0.3 0.6
v -1.4 0.3 0.6
v -0.7 0.3 0.6
v -0.6 0.3 0.6
v -0.4 0.3 0.6
v -0.3 0.3 0.6
v 0.3 0.3 0.6
v 0.4 0.3 0.6
v 0.6 0.3 0.6
v 0.7 0.3 0.6
v 0.9 0.3 0.6
v -2.1 0.3 0.5
v -2 0.3 0.5
v -1.8 0.3 0.5
v -1.5 0.3 0.5
v -1.4 0.3 0.5
v -0.7 0.3 0.5
v -0.6 0.3 0.5
v -0.5 0.3 0.5
v -0.4 0.3 0.5
v -0.3 0.3 0.5
v 0.5 0.3 0.5
v 0.6 0.3 0.5
v 0.7 0.3 0.5
v 0.8 0.3 0.5
v 0.9 0.3 0.5
v 0.4 0.3 0.4
v 0.5 0.3 0.4
v 0.6 0.3 0.4
v -0.9 0.3 0.3
v -0.8 0.3 0.3
v -0.4 0.3 0.3
v -0.3 0.3 0.3
v 0.4 0.3 0.3
v 0.5 0.3 0.3
v 0.8 0.3 0.3
v 0.9 0.3 0.3
v 1.5 0.3 0.3
v 1.6 0.3 0.3
v -2.1 0.3 0.2
v -2 0.3 0.2
v -0.8 0.3 0.2
v -0.4 0.3 0.2
v -0.3 0.3 0.2
v 0.4 0.3 0.2
v 0.5 0.3 0.2
v 0.6 0.3 0.2
v 0.7 0.3 0.2
v 1.5 0.3 0.2
v 1.6 0.3 0.2
v -0.9 0.3 0.1
v -0.8 0.3 0.1
v 0.5 0.3 0.1
v 0.6 0.3 0.1
v 0.7 0.3 0.1
v 0.8 0.3 0.1
v 0.9 0.3 0.1
v 0.5 0.3 0
v 0.6 0.3 0
v 0.7 0.3 0
v 0.8 0.3 0
v 0.9 0.3 0
v -2 0.3 -0.0999999
v -1.6 0.3 -0.0999999
v -0.5 0.3 -0.0999999
v -0.4 0.3 -0.0999999
v 0.5 0.3 -0.0999999
v 0.6 0.3 -0.0999999
v 0.7 0.3 -0.0999999
v 0.8 0.3 -0.0999999
v 0.9 0.3 -0.0999999
v -2 0.3 -0.2
v -1.6 0.3 -0.2
v -1.5 0.3 -0.2
v -1.4 0.3 -0.2
v -1 0.3 -0.2
v -0.9 0.3 -0.2
v -0.8 0.3 -0.2
v -0.5 0.3 -0.2
v -0.4 0.3 -0.2
v 0.6 0.3 -0.2
v 0.7 0.3 -0.2
v -1.5 0.3 -0.3
v -1.4 0.3 -0.3
v 0.7 0.3 -0.3
v 0.8 0.3 -0.3
v -1.1 0.3 -0.4
v -1 0.3 -0.4
v -0.9 0.3 -0.4
v 0.4 0.3 -0.4
v 0.6 0.3 -0.4
v 0.7 0.3 -0.4
v 0.8 0.3 -0.4
v 0.3 0.3 -0.5
v 0.4 0.3 -0.5
v 0.6 0.3 -0.5
v 0.7 0.3 -0.5
v -1.1 0.3 -0.6
v -1 0.3 -0.6
v -0.9 0.3 -0.6
v -0.8 0.3 -0.6
v -0.7 0.3 -0.6
v -0.6 0.3 -0.6
v 0.3 0.3 -0.6
v 0.4 0.3 -0.6
v 0.6 0.3 -0.6
v 0.7 0.3 -0.6
v -1.2 0.3 -0.7
v -1 0.3 -0.7
v -0.8 0.3 -0.7
v -0.7 0.3 -0.7
v -0.6 0.3 -0.7
v -0.5 0.3 -0.7
v -0.4 0.3 -0.7
v 0.6 0.3 -0.7
v 0.7 0.3 -0.7
v 0.9 0.3 -0.7
v 1 0.3 -0.7
v -1.2 0.3 -0.8
v -1.1 0.3 -0.8
v -1 0.3 -0.8
v -0.8 0.3 -0.8
v -0.7 0.3 -0.8
v -0.5 0.3 -0.8
v -0.4 0.3 -0.8
v -0.0999999 0.3 -0.8
v 0 0.3 -0.8
v 0.1 0.3 -0.8
v 0.2 0.3 -0.8
v 0.3 0.3 -0.8
v 0.4 0.3 -0.8
v 0.6 0.3 -0.8
v 0.7 0.3 -0.8
v 0.8 0.3 -0.8
v 0.9 0.3 -0.8
v 1 0.3 -0.8
v -1.6 0.3 -0.9
v -1.4 0.3 -0.9
v -1.1 0.3 -0.9
v -0.9 0.3 -0.9
v -0.8 0.3 -0.9
v -0.5 0.3 -0.9
v -0.3 0.3 -0.9
v -0.0999999 0.3 -0.9
v 0.1 0.3 -0.9
v 0.2 0.3 -0.9
v 0.3 0.3 -0.9
v 0.5 0.3 -0.9
v 0.6 0.3 -0.9
v 0.7 0.3 -0.9
v 0.8 0.3 -0.9
v 0.9 0.3 -0.9
v -1.9 0.3 -1
v -1.6 0.3 -1
v -1.4 0.3 -1
v -1.2 0.3 -1
v -0.9 0.3 -1
v -0.5 0.3 -1
v -0.3 0.3 -1
v -0.0999999 0.3 -1
v 0.1 0.3 -1
v 0.3 0.3 -1
v 0.4 0.3 -1
v 0.5 0.3 -1
v 0.6 0.3 -1
v 0.9 0.3 -1
v 1 0.3 -1
v -1.8 0.3 -1.1
v -1.2 0.3 -1.1
v -0.0999999 0.3 -1.1
v 0.1 0.3 -1.1
v 0.9 0.3 -1.1
v 1 0.3 -1.1
v 1.1 0.3 -1.1
v 0.3 0.3 -1.2
v 0.4 0.3 -1.2
v 1 0.3 -1.2
v 1.1 0.3 -1.2
v 1.4 0.3 -1.2
v 1.7 0.3 -1.2
v 1.8 0.3 -1.2
v 1 0.3 -1.3
v 1.1 0.3 -1.3
v 1.6 0.3 -1.3
v 1.7 0.3 -1.3
v 1.8 0.3 -1.3
v -0.4 0.3 -1.4
v -0.3 0.3 -1.4
v 0.6 0.3 -1.4
v 0.7 0.3 -1.4
v 1 0.3 -1.4
v 1.2 0.3 -1.4
v 1.3 0.3 -1.4
v 1.4 0.3 -1.4
v 1.6 0.3 -1.4
v 1.7 0.3 -1.4
v -0.4 0.3 -1.5
v -0.3 0.3 -1.5
v -0.2 0.3 -1.5
v 1.2 0.3 -1.5
v 1.3 0.3 -1.5
v 1.5 0.3 -1.5
v 1.6 0.3 -1.5
v -1.1 0.3 -1.6
v -1 0.3 -1.6
v -0.3 0.3 -1.6
v -0.2 0.3 -1.6
v 1.2 0.3 -1.6
v 1.3 0.3 -1.6
v -1.8 0.3 -1.7
v -1.7 0.3 -1.7
v 1.2 0.3 -1.7
v 1.3 0.3 -1.7
v 1.4 0.3 -1.7
v 1.5 0.3 -1.7
v -1.1 0.3 -1.8
v -1 0.3 -1.8
v 0.5 0.3 -1.8
v 0.6 0.3 -1.8
v 0.7 0.3 -1.8
v 0.8 0.3 -1.8
v -1.9 0.3 -1.9
v -1.7 0.3 -1.9
v -1.5 0.3 -1.9
v -0.3 0.3 -1.9
v -0.2 0.3 -1.9
v 1 0.3 -1.9
v 1.1 0.3 -1.9
v 1.2 0.3 -1.9
v 1.3 0.3 -1.9
v -1.7 0.3 -2
v -1.5 0.3 -2
v -0.4 0.3 -2
v -0.3 0.3 -2
v -0.2 0.3 -2
v -0.0999999 0.3 -2
v 0 0.3 -2
v 0.2 0.3 -2
v 0.4 0.3 -2
v 0.5 0.3 -2
v 0.6 0.3 -2
v 0.8 0.3 -2
v 0.9 0.3 -2
v 1 0.3 -2
v 1.1 0.3 -2
v 1.2 0.3 -2
v 1.3 0.3 -2
v -0.5 0.3 -2.1
v -0.4 0.3 -2.1
v -0.2 0.3 -2.1
v -0.0999999 0.3 -2.1
v 0 0.3 -2.1
v 0.2 0.3 -2.1
v 0.3 0.3 -2.1
v 0.7 0.3 -2.1
v 0.8 0.3 -2.1
v 0.9 0.3 -2.1
v 1.1 0.3 -2.1
v 1.2 0.3 -2.1
v -0.5 0.3 -2.2
v -0.3 0.3 -2.2
v 0.2 0.3 -2.2
v 0.3 0.3 -2.2
v 0.4 0.3 -2.2
v 0.5 0.3 -2.2
v 0.8 0.3 -2.2
v 1.1 0.3 -2.2
v -0.0999999 0.4 1.9
v 0.4 0.4 1.9
v 1.4 0.4 1.9
v 1.6 0.4 1.9
v -1.1 0.4 1.8
v -0.9 0.4 1.8
v -0.3 0.4 1.8
v -0.2 0.4 1.8
v -0.0999999 0.4 1.8
v 0.4 0.4 1.8
v 0.7 0.4 1.8
v 0.8 0.4 1.8
v 1 0.4 1.8
v 1.1 0.4 1.8
v 1.3 0.4 1.8
v 1.4 0.4 1.8
v 1.6 0.4 1.8
v 1.7 0.4 1.8
v -1.2 0.4 1.7
v -1.1 0.4 1.7
v -0.9 0.4 1.7
v 1 0.4 1.7
v 1.1 0.4 1.7
v 1.2 0.4 1.7
v 1.3 0.4 1.7
v 1.7 0.4 1.7
v 1.8 0.4 1.7
v -1.2 0.4 1.6
v -1.1 0.4 1.6
v 0.6 0.4 1.6
v 0.7 0.4 1.6
v 1.1 0.4 1.6
v 1.2 0.4 1.6
v 1.7 0.4 1.6
v 1.8 0.4 1.6
v -1.2 0.4 1.5
v -1.1 0.4 1.5
v 0.6 0.4 1.5
v 0.7 0.4 1.5
v -1.7 0.4 1.4
v -1.6 0.4 1.4
v -1.2 0.4 1.4
v -1.1 0.4 1.4
v 1.8 0.4 1.4
v 1.9 0.4 1.4
v -1.7 0.4 1.3
v -1.6 0.4 1.3
v -1.1 0.4 1.3
v -1 0.4 1.3
v -0.2 0.4 1.3
v -0.0999999 0.4 1.3
v 0 0.4 1.3
v 0.2 0.4 1.3
v 0.3 0.4 1.3
v 0.5 0.4 1.3
v 0.6 0.4 1.3
v 0.7 0.4 1.3
v 0.9 0.4 1.3
v 1.1 0.4 1.3
v 1.8 0.4 1.3
v 1.9 0.4 1.3
v -1.2 0.4 1.2
v -1.1 0.4 1.2
v -1 0.4 1.2
v -0.9 0.4 1.2
v -0.3 0.4 1.2
v -0.0999999 0.4 1.2
v 0 0.4 1.2
v 0.2 0.4 1.2
v 0.3 0.4 1.2
v 0.5 0.4 1.2
v 0.6 0.4 1.2
v 0.8 0.4 1.2
v 0.9 0.4 1.2
v 1 0.4 1.2
v 1.6 0.4 1.2
v 1.7 0.4 1.2
v 1.8 0.4 1.2
v 1.9 0.4 1.2
v -0.7 0.4 1.1
v -0.6 0.4 1.1
v 0.9 0.4 1.1
v 1 0.4 1.1
v 1.1 0.4 1.1
v 1.5 0.4 1.1
v 1.6 0.4 1.1
v 1.7 0.4 1.1
v 1.8 0.4 1.1
v 1.9 0.4 1.1
v 2 0.4 1.1
v 2.1 0.4 1.1
v -1.2 0.4 1
v -1.1 0.4 1
v -0.9 0.4 1
v -0.7 0.4 1
v -0.6 0.4 1
v 1 0.4 1
v 1.1 0.4 1
v 1.4 0.4 1
v 1.5 0.4 1
v 1.6 0.4 1
v 2 0.4 1
v 2.1 0.4 1
v -1.7 0.4 0.9
v -1.6 0.4 0.9
v 1.1 0.4 0.9
v 1.2 0.4 0.9
v 1.3 0.4 0.9
v 1.4 0.4 0.9
v 1.5 0.4 0.9
v 2.1 0.4 0.9
v 2.2 0.4 0.9
v -1.9 0.4 0.8
v -1.7 0.4 0.8
v 0.2 0.4 0.8
v 0.6 0.4 0.8
v 0.9 0.4 0.8
v 1 0.4 0.8
v 1.4 0.4 0.8
v 1.5 0.4 0.8
v -1.9 0.4 0.7
v -1.8 0.4 0.7
v -0.5 0.4 0.7
v 0.2 0.4 0.7
v 0.3 0.4 0.7
v 0.4 0.4 0.7
v 0.5 0.4 0.7
v 0.6 0.4 0.7
v 1 0.4 0.7
v 1.2 0.4 0.7
v 1.3 0.4 0.7
v 1.4 0.4 0.7
v 1.5 0.4 0.7
v 2.1 0.4 0.7
v 2.2 0.4 0.7
v -1.6 0.4 0.6
v -1.5 0.4 0.6
v -0.4 0.4 0.6
v -0.3 0.4 0.6
v -0.0999999 0.4 0.6
v 0 0.4 0.6
v 0.1 0.4 0.6
v 0.2 0.4 0.6
v 0.4 0.4 0.6
v 0.5 0.4 0.6
v 0.6 0.4 0.6
v -2 0.4 0.5
v -1.9 0.4 0.5
v -1.8 0.4 0.5
v -1.5 0.4 0.5
v -1.3 0.4 0.5
v -0.6 0.4 0.5
v -0.5 0.4 0.5
v -0.4 0.4 0.5
v -0.3 0.4 0.5
v -0.2 0.4 0.5
v -0.0999999 0.4 0.5
v 0 0.4 0.5
v 0.1 0.4 0.5
v 0.2 0.4 0.5
v 0.3 0.4 0.5
v 0.4 0.4 0.5
v 0.5 0.4 0.5
v 0.6 0.4 0.5
v 0.8 0.4 0.5
v -1.5 0.4 0.4
v -1.3 0.4 0.4
v -0.8 0.4 0.4
v -0.6 0.4 0.4
v -0.4 0.4 0.4
v -0.0999999 0.4 0.4
v 0.2 0.4 0.4
v 0.3 0.4 0.4
v 0.5 0.4 0.4
v 0.6 0.4 0.4
v 1.5 0.4 0.4
v 1.6 0.4 0.4
v 1.7 0.4 0.4
v 2 0.4 0.4
v 2.1 0.4 0.4
v 2.2 0.4 0.4
v -0.7 0.4 0.3
v -0.6 0.4 0.3
v -0.3 0.4 0.3
v -0.2 0.4 0.3
v 0.5 0.4 0.3
v 0.8 0.4 0.3
v 1.5 0.4 0.3
v 1.6 0.4 0.3
v 1.7 0.4 0.3
v 2 0.4 0.3
v 2.1 0.4 0.3
v 2.2 0.4 0.3
v -2 0.4 0.2
v -0.8 0.4 0.2
v -0.7 0.4 0.2
v -0.6 0.4 0.2
v -0.5 0.4 0.2
v -0.3 0.4 0.2
v -0.2 0.4 0.2
v 0 0.4 0.2
v 0.1 0.4 0.2
v 0.4 0.4 0.2
v 0.5 0.4 0.2
v 0.6 0.4 0.2
v 0.7 0.4 0.2
v 1.6 0.4 0.2
v 1.7 0.4 0.2
v 2.1 0.4 0.2
v 2.2 0.4 0.2
v -2 0.4 0.1
v -1.9 0.4 0.1
v -1.8 0.4 0.1
v -0.8 0.4 0.1
v -0.7 0.4 0.1
v -0.6 0.4 0.1
v -0.5 0.4 0.1
v -0.4 0.4 0.1
v -0.3 0.4 0.1
v -0.2 0.4 0.1
v -0.0999999 0.4 0.1
v 0 0.4 0.1
v 0.1 0.4 0.1
v 0.4 0.4 0.1
v 0.5 0.4 0.1
v 0.6 0.4 0.1
v 0.7 0.4 0.1
v 1.7 0.4 0.1
v 2.1 0.4 0.1
v 2.2 0.4 0.1
v 2.3 0.4 0.1
v -2.1 0.4 0
v -2 0.4 0
v -1.8 0.4 0
v -1.6 0.4 0
v -0.0999999 0.4 0
v 0 0.4 0
v 0.1 0.4 0
v 0.2 0.4 0
v 0.4 0.4 0
v 0.5 0.4 0
v 0.6 0.4 0
v 0.7 0.4 0
v -2.1 0.4 -0.0999999
v -2 0.4 -0.0999999
v -1.9 0.4 -0.0999999
v -1.6 0.4 -0.0999999
v -0.5 0.4 -0.0999999
v -0.4 0.4 -0.0999999
v 0 0.4 -0.0999999
v 0.2 0.4 -0.0999999
v 0.4 0.4 -0.0999999
v 0.5 0.4 -0.0999999
v 0.6 0.4 -0.0999999
v -2.1 0.4 -0.2
v -1.5 0.4 -0.2
v -0.7 0.4 -0.2
v -0.6 0.4 -0.2
v -0.3 0.4 -0.2
v -0.0999999 0.4 -0.2
v 0.6 0.4 -0.2
v 0.7 0.4 -0.2
v 2.1 0.4 -0.2
v 2.2 0.4 -0.2
v 2.3 0.4 -0.2
v -2 0.4 -0.3
v -1.6 0.4 -0.3
v -1.5 0.4 -0.3
v -1.4 0.4 -0.3
v -0.4 0.4 -0.3
v -0.3 0.4 -0.3
v -0.2 0.4 -0.3
v -0.0999999 0.4 -0.3
v 0.4 0.4 -0.3
v 0.6 0.4 -0.3
v 1.4 0.4 -0.3
v 1.5 0.4 -0.3
v -0.4 0.4 -0.4
v -0.3 0.4 -0.4
v -0.2 0.4 -0.4
v 0.2 0.4 -0.4
v 0.3 0.4 -0.4
v 0.4 0.4 -0.4
v 0.6 0.4 -0.4
v 0.7 0.4 -0.4
v 0.8 0.4 -0.4
v -2.1 0.4 -0.5
v -2 0.4 -0.5
v -1.6 0.4 -0.5
v -1.4 0.4 -0.5
v -0.7 0.4 -0.5
v -0.6 0.4 -0.5
v -0.5 0.4 -0.5
v -0.4 0.4 -0.5
v -0.3 0.4 -0.5
v 0.2 0.4 -0.5
v 0.3 0.4 -0.5
v 0.6 0.4 -0.5
v 0.7 0.4 -0.5
v 0.8 0.4 -0.5
v 1.4 0.4 -0.5
v 1.5 0.4 -0.5
v 1.7 0.4 -0.5
v -0.8 0.4 -0.6
v -0.7 0.4 -0.6
v -0.5 0.4 -0.6
v -0.4 0.4 -0.6
v -0.3 0.4 -0.6
v -0.2 0.4 -0.6
v 0.1 0.4 -0.6
v 0.2 0.4 -0.6
v 0.3 0.4 -0.6
v 0.4 0.4 -0.6
v 0.6 0.4 -0.6
v 0.7 0.4 -0.6
v 1.4 0.4 -0.6
v 1.5 0.4 -0.6
v 1.7 0.4 -0.6
v 2 0.4 -0.6
v -0.8 0.4 -0.7
v -0.7 0.4 -0.7
v -0.5 0.4 -0.7
v -0.4 0.4 -0.7
v -0.2 0.4 -0.7
v -0.0999999 0.4 -0.7
v 0 0.4 -0.7
v 0.1 0.4 -0.7
v 0.3 0.4 -0.7
v 0.4 0.4 -0.7
v 0.5 0.4 -0.7
v 0.6 0.4 -0.7
v 1.5 0.4 -0.7
v 1.7 0.4 -0.7
v -2.1 0.4 -0.8
v -2 0.4 -0.8
v -0.7 0.4 -0.8
v -0.5 0.4 -0.8
v -0.4 0.4 -0.8
v -0.2 0.4 -0.8
v -0.0999999 0.4 -0.8
v 0 0.4 -0.8
v 0.1 0.4 -0.8
v 0.2 0.4 -0.8
v 0.3 0.4 -0.8
v 0.4 0.4 -0.8
v 0.5 0.4 -0.8
v 0.6 0.4 -0.8
v 1.7 0.4 -0.8
v 1.9 0.4 -0.8
v 2 0.4 -0.8
v -2 0.4 -0.9
v -1.8 0.4 -0.9
v -0.5 0.4 -0.9
v -0.4 0.4 -0.9
v -0.3 0.4 -0.9
v -0.0999999 0.4 -0.9
v 0.1 0.4 -0.9
v 0.2 0.4 -0.9
v 0.3 0.4 -0.9
v 0.5 0.4 -0.9
v 1.9 0.4 -0.9
v 2 0.4 -0.9
v -2.1 0.4 -1
v -1.8 0.4 -1
v -0.4 0.4 -1
v -0.3 0.4 -1
v 0.3 0.4 -1
v 0.5 0.4 -1
v 1 0.4 -1
v 1.1 0.4 -1
v 1.9 0.4 -1
v 2 0.4 -1
v -1.8 0.4 -1.1
v -1.7 0.4 -1.1
v -1.3 0.4 -1.1
v -1.1 0.4 -1.1
v 1 0.4 -1.1
v 1.1 0.4 -1.1
v 1.3 0.4 -1.1
v -1.3 0.4 -1.2
v -1.1 0.4 -1.2
v -0.8 0.4 -1.2
v -0.4 0.4 -1.2
v 0 0.4 -1.2
v 0.1 0.4 -1.2
v 0.3 0.4 -1.2
v 0.4 0.4 -1.2
v 1.1 0.4 -1.2
v 1.3 0.4 -1.2
v -1 0.4 -1.3
v -0.8 0.4 -1.3
v -0.7 0.4 -1.3
v 0 0.4 -1.3
v 0.1 0.4 -1.3
v 0.2 0.4 -1.3
v 0.3 0.4 -1.3
v 1.4 0.4 -1.3
v 1.6 0.4 -1.3
v -1.8 0.4 -1.4
v -1.7 0.4 -1.4
v -1 0.4 -1.4
v -0.9 0.4 -1.4
v -0.7 0.4 -1.4
v -0.5 0.4 -1.4
v 0 0.4 -1.4
v 0.1 0.4 -1.4
v 0.3 0.4 -1.4
v 0.4 0.4 -1.4
v 0.6 0.4 -1.4
v 1.1 0.4 -1.4
v 1.2 0.4 -1.4
v 1.4 0.4 -1.4
v 1.6 0.4 -1.4
v -1 0.4 -1.5
v -0.9 0.4 -1.5
v -0.8 0.4 -1.5
v -0.4 0.4 -1.5
v -0.3 0.4 -1.5
v 0 0.4 -1.5
v 0.1 0.4 -1.5
v 0.2 0.4 -1.5
v 0.3 0.4 -1.5
v 0.4 0.4 -1.5
v 0.6 0.4 -1.5
v 1.2 0.4 -1.5
v -1.6 0.4 -1.6
v -1.5 0.4 -1.6
v -1 0.4 -1.6
v -0.9 0.4 -1.6
v -0.4 0.4 -1.6
v -0.3 0.4 -1.6
v 0.1 0.4 -1.6
v 0.2 0.4 -1.6
v 1.1 0.4 -1.6
v 1.2 0.4 -1.6
v -1.7 0.4 -1.7
v -1.6 0.4 -1.7
v -0.5 0.4 -1.7
v -0.4 0.4 -1.7
v 0.9 0.4 -1.7
v 1 0.4 -1.7
v -1.5 0.4 -1.8
v -1.4 0.4 -1.8
v -1.1 0.4 -1.8
v -1 0.4 -1.8
v -1.7 0.4 -1.9
v -1.4 0.4 -1.9
v -1.1 0.4 -1.9
v -1 0.4 -1.9
v 0.4 0.4 -1.9
v 0.5 0.4 -1.9
v 1 0.4 -1.9
v -1 0.4 -2
v -0.9 0.4 -2
v 0.2 0.4 -2
v 0.4 0.4 -2
v 0.5 0.4 -2
v 0.9 0.4 -2
v 1 0.4 -2
v 1.1 0.4 -2
v -1 0.4 -2.1
v -0.9 0.4 -2.1
v -0.8 0.4 -2.1
v 0.2 0.4 -2.1
v 0.3 0.4 -2.1
v 0.9 0.4 -2.1
v 1.1 0.4 -2.1
v -0.9 0.4 -2.2
v -0.8 0.4 -2.2
v 0.3 0.4 -2.2
v 0.4 0.4 -2.2
v -0.2 0.5 1.8
v -0.0999999 0.5 1.8
v 0.5 0.5 1.8
v 0.7 0.5 1.8
v -1.1 0.5 1.7
v -0.9 0.5 1.7
v -0.6 0.5 1.7
v -0.5 0.5 1.7
v 0.5 0.5 1.7
v 0.6 0.5 1.7
v 1.3 0.5 1.7
v 1.5 0.5 1.7
v 1.6 0.5 1.7
v 1.7 0.5 1.7
v -1.2 0.5 1.6
v -1.1 0.5 1.6
v -0.9 0.5 1.6
v -0.0999999 0.5 1.6
v 0 0.5 1.6
v 0.5 0.5 1.6
v 0.6 0.5 1.6
v 0.7 0.5 1.6
v 0.9 0.5 1.6
v 1.2 0.5 1.6
v 1.3 0.5 1.6
v 1.5 0.5 1.6
v 1.7 0.5 1.6
v 1.8 0.5 1.6
v -1.2 0.5 1.5
v -1.1 0.5 1.5
v -0.6 0.5 1.5
v -0.5 0.5 1.5
v 0.1 0.5 1.5
v 0.2 0.5 1.5
v 0.6 0.5 1.5
v 0.7 0.5 1.5
v 1.1 0.5 1.5
v 1.2 0.5 1.5
v 0 0.5 1.4
v 0.1 0.5 1.4
v 0.2 0.5 1.4
v 0.5 0.5 1.4
v 1 0.5 1.4
v 1.1 0.5 1.4
v -1.7 0.5 1.3
v -1.5 0.5 1.3
v -1 0.5 1.3
v -0.9 0.5 1.3
v -0.5 0.5 1.3
v -0.4 0.5 1.3
v -0.2 0.5 1.3
v 0.7 0.5 1.3
v 0.9 0.5 1.3
v 1 0.5 1.3
v 1.1 0.5 1.3
v 1.2 0.5 1.3
v 1.5 0.5 1.3
v 1.6 0.5 1.3
v 1.8 0.5 1.3
v -1.8 0.5 1.2
v -1.7 0.5 1.2
v -1.6 0.5 1.2
v -1.5 0.5 1.2
v -1.3 0.5 1.2
v -1.2 0.5 1.2
v -1 0.5 1.2
v -0.9 0.5 1.2
v -0.7 0.5 1.2
v -0.6 0.5 1.2
v -0.5 0.5 1.2
v -0.4 0.5 1.2
v 1.2 0.5 1.2
v 1.3 0.5 1.2
v 1.5 0.5 1.2
v 1.7 0.5 1.2
v 1.8 0.5 1.2
v -1.7 0.5 1.1
v -1.6 0.5 1.1
v -1.3 0.5 1.1
v -1.2 0.5 1.1
v -0.9 0.5 1.1
v -0.8 0.5 1.1
v -0.7 0.5 1.1
v -0.6 0.5 1.1
v 1 0.5 1.1
v 1.1 0.5 1.1
v 1.2 0.5 1.1
v 1.3 0.5 1.1
v 1.4 0.5 1.1
v 1.5 0.5 1.1
v 1.6 0.5 1.1
v 1.8 0.5 1.1
v 2 0.5 1.1
v -2 0.5 1
v -1.8 0.5 1
v -1.7 0.5 1
v -1.6 0.5 1
v -1.2 0.5 1
v -1.1 0.5 1
v -0.9 0.5 1
v -0.8 0.5 1
v 1 0.5 1
v 1.1 0.5 1
v 1.4 0.5 1
v 1.5 0.5 1
v 1.6 0.5 1
v 1.7 0.5 1
v 1.9 0.5 1
v 2 0.5 1
v 2.1 0.5 1
v -1.8 0.5 0.9
v -1.7 0.5 0.9
v -1.6 0.5 0.9
v -1.5 0.5 0.9
v -1.4 0.5 0.9
v -1.2 0.5 0.9
v 1.1 0.5 0.9
v 1.3 0.5 0.9
v 1.9 0.5 0.9
v 2 0.5 0.9
v -2 0.5 0.8
v -1.7 0.5 0.8
v -1.2 0.5 0.8
v -1.1 0.5 0.8
v 2 0.5 0.8
v 2.1 0.5 0.8
v -1.5 0.5 0.7
v -1.4 0.5 0.7
v -1.2 0.5 0.7
v 0.9 0.5 0.7
v 1 0.5 0.7
v 1.3 0.5 0.7
v 1.4 0.5 0.7
v 2.1 0.5 0.7
v 2.2 0.5 0.7
v -1.6 0.5 0.6
v -1.4 0.5 0.6
v -0.0999999 0.5 0.6
v 0 0.5 0.6
v 0.1 0.5 0.6
v 0.2 0.5 0.6
v 1.6 0.5 0.6
v 1.7 0.5 0.6
v 1.8 0.5 0.6
v 2.2 0.5 0.6
v 2.3 0.5 0.6
v -1.9 0.5 0.5
v -1.5 0.5 0.5
v -1.3 0.5 0.5
v -1.2 0.5 0.5
v -0.4 0.5 0.5
v -0.3 0.5 0.5
v -0.2 0.5 0.5
v -0.0999999 0.5 0.5
v 0 0.5 0.5
v 0.1 0.5 0.5
v 0.2 0.5 0.5
v 0.3 0.5 0.5
v 1.5 0.5 0.5
v 1.6 0.5 0.5
v 1.7 0.5 0.5
v 1.8 0.5 0.5
v -1.8 0.5 0.4
v -1.5 0.5 0.4
v -1.3 0.5 0.4
v -1.2 0.5 0.4
v -0.6 0.5 0.4
v -0.4 0.5 0.4
v -0.3 0.5 0.4
v -0.2 0.5 0.4
v -0.0999999 0.5 0.4
v 0.1 0.5 0.4
v 0.2 0.5 0.4
v 0.3 0.5 0.4
v 1.5 0.5 0.4
v 1.6 0.5 0.4
v 1.7 0.5 0.4
v 2.1 0.5 0.4
v 2.3 0.5 0.4
v -1.9 0.5 0.3
v -1.8 0.5 0.3
v -0.7 0.5 0.3
v -0.6 0.5 0.3
v -0.4 0.5 0.3
v -0.3 0.5 0.3
v -0.2 0.5 0.3
v 0 0.5 0.3
v 0.1 0.5 0.3
v 0.2 0.5 0.3
v 0.3 0.5 0.3
v 0.4 0.5 0.3
v 1.6 0.5 0.3
v 1.7 0.5 0.3
v -2.1 0.5 0.2
v -2 0.5 0.2
v -0.7 0.5 0.2
v -0.6 0.5 0.2
v -0.5 0.5 0.2
v -0.0999999 0.5 0.2
v 0 0.5 0.2
v 0.1 0.5 0.2
v 0.2 0.5 0.2
v 0.3 0.5 0.2
v -2.2 0.5 0.1
v -2.1 0.5 0.1
v -2 0.5 0.1
v -1.9 0.5 0.1
v -1.8 0.5 0.1
v -1.5 0.5 0.1
v -1 0.5 0.1
v -0.7 0.5 0.1
v -0.6 0.5 0.1
v -0.5 0.5 0.1
v -0.4 0.5 0.1
v -0.2 0.5 0.1
v -0.0999999 0.5 0.1
v 0 0.5 0.1
v 0.1 0.5 0.1
v 0.2 0.5 0.1
v 0.3 0.5 0.1
v 0.4 0.5 0.1
v 0.5 0.5 0.1
v 1.9 0.5 0.1
v 2.1 0.5 0.1
v -2.2 0.5 0
v -2 0.5 0
v -1.8 0.5 0
v -1.6 0.5 0
v -1.4 0.5 0
v -1.3 0.5 0
v -1 0.5 0
v -0.9 0.5 0
v -0.0999999 0.5 0
v 0 0.5 0
v 0.1 0.5 0
v 0.2 0.5 0
v 0.3 0.5 0
v 0.4 0.5 0
v 0.5 0.5 0
v 1.5 0.5 0
v 1.6 0.5 0
v 1.9 0.5 0
v 2 0.5 0
v -2 0.5 -0.0999999
v -1.9 0.5 -0.0999999
v -1.6 0.5 -0.0999999
v -1.4 0.5 -0.0999999
v -0.8 0.5 -0.0999999
v -0.7 0.5 -0.0999999
v -0.2 0.5 -0.0999999
v -0.0999999 0.5 -0.0999999
v 0 0.5 -0.0999999
v 0.1 0.5 -0.0999999
v 0.2 0.5 -0.0999999
v 0.3 0.5 -0.0999999
v 0.4 0.5 -0.0999999
v 0.5 0.5 -0.0999999
v 0.6 0.5 -0.0999999
v 2 0.5 -0.0999999
v 2.1 0.5 -0.0999999
v -0.9 0.5 -0.2
v -0.8 0.5 -0.2
v -0.7 0.5 -0.2
v -0.6 0.5 -0.2
v -0.5 0.5 -0.2
v -0.4 0.5 -0.2
v -0.3 0.5 -0.2
v -0.0999999 0.5 -0.2
v 0 0.5 -0.2
v 0.1 0.5 -0.2
v 0.2 0.5 -0.2
v 0.3 0.5 -0.2
v 0.4 0.5 -0.2
v 0.5 0.5 -0.2
v 2.1 0.5 -0.2
v 2.2 0.5 -0.2
v -2 0.5 -0.3
v -1.6 0.5 -0.3
v -0.8 0.5 -0.3
v -0.7 0.5 -0.3
v -0.6 0.5 -0.3
v -0.5 0.5 -0.3
v -0.4 0.5 -0.3
v -0.3 0.5 -0.3
v -0.2 0.5 -0.3
v 0 0.5 -0.3
v 0.1 0.5 -0.3
v 0.2 0.5 -0.3
v 0.3 0.5 -0.3
v 0.4 0.5 -0.3
v 0.6 0.5 -0.3
v 1 0.5 -0.3
v 1.3 0.5 -0.3
v 1.6 0.5 -0.3
v 1.7 0.5 -0.3
v 2.1 0.5 -0.3
v 2.2 0.5 -0.3
v -1.9 0.5 -0.4
v -1.6 0.5 -0.4
v -0.7 0.5 -0.4
v -0.6 0.5 -0.4
v -0.5 0.5 -0.4
v -0.2 0.5 -0.4
v -0.0999999 0.5 -0.4
v 0.1 0.5 -0.4
v 0.2 0.5 -0.4
v 0.3 0.5 -0.4
v 0.4 0.5 -0.4
v 1.6 0.5 -0.4
v 1.7 0.5 -0.4
v 2 0.5 -0.4
v 2.2 0.5 -0.4
v -2.1 0.5 -0.5
v -2 0.5 -0.5
v -1.9 0.5 -0.5
v -1.5 0.5 -0.5
v -1.4 0.5 -0.5
v -0.6 0.5 -0.5
v -0.5 0.5 -0.5
v -0.4 0.5 -0.5
v -0.0999999 0.5 -0.5
v 0 0.5 -0.5
v 0.2 0.5 -0.5
v 0.3 0.5 -0.5
v 0.4 0.5 -0.5
v 0.9 0.5 -0.5
v 1.4 0.5 -0.5
v 1.5 0.5 -0.5
v 1.6 0.5 -0.5
v -0.8 0.5 -0.6
v -0.7 0.5 -0.6
v -0.5 0.5 -0.6
v -0.4 0.5 -0.6
v -0.3 0.5 -0.6
v -0.2 0.5 -0.6
v 0 0.5 -0.6
v 0.1 0.5 -0.6
v 0.2 0.5 -0.6
v 0.3 0.5 -0.6
v 1.3 0.5 -0.6
v 1.4 0.5 -0.6
v 2 0.5 -0.6
v 2.2 0.5 -0.6
v -0.3 0.5 -0.7
v -0.2 0.5 -0.7
v -0.0999999 0.5 -0.7
v 0.4 0.5 -0.7
v 0.5 0.5 -0.7
v 1 0.5 -0.7
v 1.1 0.5 -0.7
v 1.3 0.5 -0.7
v 1.4 0.5 -0.7
v 1.7 0.5 -0.7
v -2.1 0.5 -0.8
v -2 0.5 -0.8
v -1.9 0.5 -0.8
v -0.4 0.5 -0.8
v -0.2 0.5 -0.8
v -0.0999999 0.5 -0.8
v 0.1 0.5 -0.8
v 0.2 0.5 -0.8
v 0.4 0.5 -0.8
v 0.5 0.5 -0.8
v 1 0.5 -0.8
v 1.1 0.5 -0.8
v 1.2 0.5 -0.8
v 1.5 0.5 -0.8
v 1.7 0.5 -0.8
v 1.9 0.5 -0.8
v -2 0.5 -0.9
v -1.9 0.5 -0.9
v -1.7 0.5 -0.9
v -1.5 0.5 -0.9
v -1.4 0.5 -0.9
v 1.3 0.5 -0.9
v 1.5 0.5 -0.9
v 1.7 0.5 -0.9
v 1.8 0.5 -0.9
v -1.7 0.5 -1
v -1.5 0.5 -1
v 1.2 0.5 -1
v 1.3 0.5 -1
v 1.9 0.5 -1
v 2 0.5 -1
v -1.7 0.5 -1.1
v -1.3 0.5 -1.1
v 1.1 0.5 -1.1
v 1.3 0.5 -1.1
v 1.8 0.5 -1.1
v 2 0.5 -1.1
v -1.6 0.5 -1.2
v -1.3 0.5 -1.2
v -1.1 0.5 -1.2
v 0.1 0.5 -1.2
v 0.2 0.5 -1.2
v 1.3 0.5 -1.2
v 1.4 0.5 -1.2
v 1.7 0.5 -1.2
v 1.8 0.5 -1.2
v -1.7 0.5 -1.3
v -1.6 0.5 -1.3
v -0.8 0.5 -1.3
v -0.7 0.5 -1.3
v 0.1 0.5 -1.3
v 0.2 0.5 -1.3
v 0.7 0.5 -1.3
v 1 0.5 -1.3
v 1.4 0.5 -1.3
v 1.7 0.5 -1.3
v -1.8 0.5 -1.4
v -1.7 0.5 -1.4
v -1.3 0.5 -1.4
v -1.2 0.5 -1.4
v -0.7 0.5 -1.4
v -0.5 0.5 -1.4
v -0.2 0.5 -1.4
v 0 0.5 -1.4
v 0.3 0.5 -1.4
v 0.4 0.5 -1.4
v 1 0.5 -1.4
v -0.8 0.5 -1.5
v -0.5 0.5 -1.5
v -0.2 0.5 -1.5
v -0.0999999 0.5 -1.5
v 0 0.5 -1.5
v 0.1 0.5 -1.5
v 0.3 0.5 -1.5
v 0.4 0.5 -1.5
v 0.6 0.5 -1.5
v 0.7 0.5 -1.5
v 1 0.5 -1.5
v 1.2 0.5 -1.5
v 1.3 0.5 -1.5
v -1.7 0.5 -1.6
v -1.6 0.5 -1.6
v -0.4 0.5 -1.6
v -0.3 0.5 -1.6
v -0.2 0.5 -1.6
v -0.0999999 0.5 -1.6
v 0 0.5 -1.6
v 0.1 0.5 -1.6
v 0.3 0.5 -1.6
v 0.4 0.5 -1.6
v 1.2 0.5 -1.6
v 1.3 0.5 -1.6
v -1.8 0.5 -1.7
v -1.6 0.5 -1.7
v -1.5 0.5 -1.7
v -1.4 0.5 -1.7
v -0.9 0.5 -1.7
v -0.8 0.5 -1.7
v -0.5 0.5 -1.7
v -0.4 0.5 -1.7
v -0.0999999 0.5 -1.7
v 0 0.5 -1.7
v 0.1 0.5 -1.7
v 0.3 0.5 -1.7
v 0.4 0.5 -1.7
v 1.2 0.5 -1.7
v 1.3 0.5 -1.7
v 1.4 0.5 -1.7
v -1.5 0.5 -1.8
v -1.4 0.5 -1.8
v -1.2 0.5 -1.8
v 0.1 0.5 -1.8
v 0.2 0.5 -1.8
v 0.3 0.5 -1.8
v 0.4 0.5 -1.8
v 0.5 0.5 -1.8
v 0.6 0.5 -1.8
v 0.7 0.5 -1.8
v 0.8 0.5 -1.8
v 1.2 0.5 -1.8
v 1.3 0.5 -1.8
v -1.4 0.5 -1.9
v -1.1 0.5 -1.9
v -1 0.5 -1.9
v -0.9 0.5 -1.9
v -0.4 0.5 -1.9
v -0.3 0.5 -1.9
v 0.4 0.5 -1.9
v 0.5 0.5 -1.9
v 0.7 0.5 -1.9
v 0.8 0.5 -1.9
v 1.3 0.5 -1.9
v 1.4 0.5 -1.9
v -1 0.5 -2
v -0.9 0.5 -2
v -0.7 0.5 -2
v -0.5 0.5 -2
v -0.2 0.5 -2
v -0.0999999 0.5 -2
v 0.2 0.5 -2
v 0.4 0.5 -2
v -0.9 0.5 -2.1
v -0.8 0.5 -2.1
v -0.7 0.5 -2.1
v -0.5 0.5 -2.1
v -0.4 0.5 -2.1
v -0.0999999 0.5 -2.1
v 0.2 0.5 -2.1
v -0.8 0.5 -2.2
v -0.5 0.5 -2.2
v -0.9 0.6 1.8
v -0.7 0.6 1.8
v -0.6 0.6 1.8
v -0.4 0.6 1.8
v -0.0999999 0.6 1.8
v 0.5 0.6 1.8
v -0.9 0.6 1.7
v -0.7 0.6 1.7
v -0.6 0.6 1.7
v -0.5 0.6 1.7
v 0.3 0.6 1.7
v 0.4 0.6 1.7
v 0.5 0.6 1.7
v 0.6 0.6 1.7
v 1.5 0.6 1.7
v 1.6 0.6 1.7
v -1.1 0.6 1.6
v -1 0.6 1.6
v -0.9 0.6 1.6
v -0.0999999 0.6 1.6
v 0 0.6 1.6
v 0.3 0.6 1.6
v 0.4 0.6 1.6
v 0.5 0.6 1.6
v 0.6 0.6 1.6
v 1.2 0.6 1.6
v 1.5 0.6 1.6
v -1 0.6 1.5
v -0.9 0.6 1.5
v -0.8 0.6 1.5
v -0.7 0.6 1.5
v -0.6 0.6 1.5
v -0.5 0.6 1.5
v 0 0.6 1.5
v 0.1 0.6 1.5
v 0.2 0.6 1.5
v 0.3 0.6 1.5
v 1.1 0.6 1.5
v 1.2 0.6 1.5
v 1.6 0.6 1.5
v -0.9 0.6 1.4
v -0.8 0.6 1.4
v -0.7 0.6 1.4
v -0.6 0.6 1.4
v 0 0.6 1.4
v 0.1 0.6 1.4
v 0.2 0.6 1.4
v 0.5 0.6 1.4
v 1 0.6 1.4
v 1.1 0.6 1.4
v 1.5 0.6 1.4
v 1.6 0.6 1.4
v -1.1 0.6 1.3
v -1 0.6 1.3
v -0.9 0.6 1.3
v -0.5 0.6 1.3
v -0.4 0.6 1.3
v 1 0.6 1.3
v 1.2 0.6 1.3
v 1.5 0.6 1.3
v 1.6 0.6 1.3
v -0.7 0.6 1.2
v -0.5 0.6 1.2
v 1.2 0.6 1.2
v 1.3 0.6 1.2
v 1.5 0.6 1.2
v -1.7 0.6 1.1
v -1.6 0.6 1.1
v -1.5 0.6 1.1
v -1.4 0.6 1.1
v -1.3 0.6 1.1
v -1.2 0.6 1.1
v -0.9 0.6 1.1
v -0.8 0.6 1.1
v 1.2 0.6 1.1
v 1.3 0.6 1.1
v 1.4 0.6 1.1
v -1.8 0.6 1
v -1.7 0.6 1
v -1.6 0.6 1
v -1.5 0.6 1
v -1.4 0.6 1
v -0.8 0.6 1
v -0.7 0.6 1
v 1.7 0.6 1
v 1.9 0.6 1
v -1.8 0.6 0.9
v -1.7 0.6 0.9
v -1.5 0.6 0.9
v -1.4 0.6 0.9
v -1.3 0.6 0.9
v -1.2 0.6 0.9
v 1.3 0.6 0.9
v 1.4 0.6 0.9
v 1.7 0.6 0.9
v 1.9 0.6 0.9
v 2 0.6 0.8
v 2.1 0.6 0.8
v -1.5 0.6 0.7
v -1.4 0.6 0.7
v 1.6 0.6 0.6
v 1.7 0.6 0.6
v 1.6 0.6 0.5
v 1.7 0.6 0.5
v 1.8 0.6 0.5
v 1.9 0.6 0.5
v -1.8 0.6 0.4
v -1.5 0.6 0.4
v -0.4 0.6 0.4
v -0.3 0.6 0.4
v -0.2 0.6 0.4
v 0.1 0.6 0.4
v 1.7 0.6 0.4
v 1.9 0.6 0.4
v 2 0.6 0.4
v -1.9 0.6 0.3
v -1.8 0.6 0.3
v -0.4 0.6 0.3
v -0.3 0.6 0.3
v -0.0999999 0.6 0.3
v 0 0.6 0.3
v 0.1 0.6 0.3
v 0.2 0.6 0.3
v 0.3 0.6 0.3
v 2 0.6 0.3
v 2.1 0.6 0.3
v -0.2 0.6 0.2
v -0.0999999 0.6 0.2
v 0.1 0.6 0.2
v 0.2 0.6 0.2
v 0.3 0.6 0.2
v -1.9 0.6 0.1
v -1.5 0.6 0.1
v -0.6 0.6 0.1
v -0.5 0.6 0.1
v 0.2 0.6 0.1
v 0.3 0.6 0.1
v 1.7 0.6 0.1
v 1.9 0.6 0.1
v 1.6 0.6 0
v 1.7 0.6 0
v 1.8 0.6 0
v 1.9 0.6 0
v -0.8 0.6 -0.0999999
v -0.7 0.6 -0.0999999
v -0.2 0.6 -0.0999999
v -0.0999999 0.6 -0.0999999
v 0.1 0.6 -0.0999999
v 0.2 0.6 -0.0999999
v 0.3 0.6 -0.0999999
v 0.5 0.6 -0.0999999
v 2 0.6 -0.0999999
v 2.1 0.6 -0.0999999
v -0.6 0.6 -0.2
v -0.5 0.6 -0.2
v -0.4 0.6 -0.2
v 0 0.6 -0.2
v 0.1 0.6 -0.2
v 0.2 0.6 -0.2
v 0.3 0.6 -0.2
v 0.4 0.6 -0.2
v 0.5 0.6 -0.2
v 1.7 0.6 -0.2
v 1.8 0.6 -0.2
v -0.8 0.6 -0.3
v -0.7 0.6 -0.3
v -0.6 0.6 -0.3
v -0.5 0.6 -0.3
v 0 0.6 -0.3
v 0.1 0.6 -0.3
v 0.2 0.6 -0.3
v 1.6 0.6 -0.3
v 1.7 0.6 -0.3
v 1.8 0.6 -0.3
v 2 0.6 -0.3
v 2.1 0.6 -0.3
v 2.2 0.6 -0.3
v -1.9 0.6 -0.4
v -1.6 0.6 -0.4
v -0.6 0.6 -0.4
v -0.5 0.6 -0.4
v -0.4 0.6 -0.4
v -0.0999999 0.6 -0.4
v 0.3 0.6 -0.4
v 0.4 0.6 -0.4
v 1.6 0.6 -0.4
v 1.7 0.6 -0.4
v 1.8 0.6 -0.4
v 2 0.6 -0.4
v 2.1 0.6 -0.4
v 2.2 0.6 -0.4
v -2 0.6 -0.5
v -1.9 0.6 -0.5
v -1.8 0.6 -0.5
v -1.7 0.6 -0.5
v -1.6 0.6 -0.5
v -1.5 0.6 -0.5
v -0.5 0.6 -0.5
v -0.3 0.6 -0.5
v -0.0999999 0.6 -0.5
v 0 0.6 -0.5
v 1.6 0.6 -0.5
v 1.7 0.6 -0.5
v -1.9 0.6 -0.6
v -1.8 0.6 -0.6
v -1.7 0.6 -0.6
v -1.6 0.6 -0.6
v -0.3 0.6 -0.6
v 0 0.6 -0.6
v 1.7 0.6 -0.6
v 2 0.6 -0.6
v -1.7 0.6 -0.7
v -1.6 0.6 -0.7
v 1.1 0.6 -0.7
v 1.3 0.6 -0.7
v -2 0.6 -0.8
v -1.9 0.6 -0.8
v -1.8 0.6 -0.8
v -1.7 0.6 -0.8
v -1.6 0.6 -0.8
v 1.1 0.6 -0.8
v 1.2 0.6 -0.8
v 1.5 0.6 -0.8
v 1.7 0.6 -0.8
v -1.9 0.6 -0.9
v -1.8 0.6 -0.9
v -1.7 0.6 -0.9
v -1.6 0.6 -0.9
v -1.5 0.6 -0.9
v 1.3 0.6 -0.9
v 1.5 0.6 -0.9
v 1.7 0.6 -0.9
v 1.8 0.6 -0.9
v -1.8 0.6 -1
v -1.7 0.6 -1
v 1.2 0.6 -1
v 1.3 0.6 -1
v 1.3 0.6 -1.1
v 1.5 0.6 -1.1
v 1.7 0.6 -1.1
v 1.8 0.6 -1.1
v -1.6 0.6 -1.2
v -1.3 0.6 -1.2
v -1.7 0.6 -1.3
v -1.6 0.6 -1.3
v -1.5 0.6 -1.3
v -1.3 0.6 -1.3
v -1.6 0.6 -1.4
v -1.5 0.6 -1.4
v -1.3 0.6 -1.4
v -1.2 0.6 -1.4
v 1 0.6 -1.4
v 1.1 0.6 -1.4
v -0.9 0.6 -1.5
v -0.5 0.6 -1.5
v 0.2 0.6 -1.5
v 0.3 0.6 -1.5
v 0.7 0.6 -1.5
v 0.8 0.6 -1.5
v 1 0.6 -1.5
v -1.7 0.6 -1.6
v -1.6 0.6 -1.6
v -1.4 0.6 -1.6
v -1 0.6 -1.6
v -0.9 0.6 -1.6
v -0.7 0.6 -1.6
v -0.5 0.6 -1.6
v 0 0.6 -1.6
v 0.2 0.6 -1.6
v 0.3 0.6 -1.6
v 1 0.6 -1.6
v 1.1 0.6 -1.6
v 1.3 0.6 -1.6
v -1.6 0.6 -1.7
v -1.4 0.6 -1.7
v -1.3 0.6 -1.7
v -0.9 0.6 -1.7
v -0.8 0.6 -1.7
v -0.7 0.6 -1.7
v -0.0999999 0.6 -1.7
v 0 0.6 -1.7
v 0.1 0.6 -1.7
v 0.3 0.6 -1.7
v 0.4 0.6 -1.7
v 1 0.6 -1.7
v 1.1 0.6 -1.7
v 1.2 0.6 -1.7
v 1.3 0.6 -1.7
v -1.4 0.6 -1.8
v -1.2 0.6 -1.8
v 0.1 0.6 -1.8
v 0.2 0.6 -1.8
v 0.3 0.6 -1.8
v 0.4 0.6 -1.8
v 0.7 0.6 -1.8
v 0.8 0.6 -1.8
v 0.9 0.6 -1.8
v -1 0.6 -1.9
v -0.9 0.6 -1.9
v -0.7 0.6 -1.9
v -0.5 0.6 -1.9
v 1 0.6 -1.9
v 1.2 0.6 -1.9
v -0.8 0.6 -2
v -0.7 0.6 -2
v -0.5 0.6 -2
v -0.0999999 0.6 -2
v 0.2 0.6 -2
v 0.8 0.6 -2
v 0.9 0.6 -2
v -0.8 0.6 -2.1
v -0.7 0.6 -2.1
v -0.7 0.7 1.8
v -0.6 0.7 1.8
v -1 0.7 1.7
v -0.7 0.7 1.7
v 0.3 0.7 1.7
v 0.4 0.7 1.7
v -1 0.7 1.6
v -0.9 0.7 1.6
v 0 0.7 1.6
v 0.3 0.7 1.6
v 0.4 0.7 1.6
v -1 0.7 1.5
v -0.9 0.7 1.5
v -0.8 0.7 1.5
v -0.7 0.7 1.5
v 0 0.7 1.5
v 0.3 0.7 1.5
v 1.2 0.7 1.5
v 1.6 0.7 1.5
v -0.9 0.7 1.4
v -0.8 0.7 1.4
v -0.7 0.7 1.4
v -0.6 0.7 1.4
v 1.5 0.7 1.4
v 1.6 0.7 1.4
v -1.5 0.7 1.3
v -1.3 0.7 1.3
v -1 0.7 1.3
v -0.9 0.7 1.3
v 1.2 0.7 1.3
v 1.5 0.7 1.3
v -1.6 0.7 1.2
v -1.5 0.7 1.2
v -1.5 0.7 1.1
v -1.4 0.7 1.1
v -1.5 0.7 1
v -1.4 0.7 1
v -1.6 0.7 0.9
v -1.3 0.7 0.9
v 1.7 0.7 0.9
v 2 0.7 0.9
v 1.8 0.7 0.8
v 1.9 0.7 0.8
v 1.7 0.7 0.6
v 1.8 0.7 0.6
v 1.9 0.7 0.6
v 1.8 0.7 0.5
v 1.9 0.7 0.5
v 1.9 0.7 0.4
v 2 0.7 0.4
v -0.0999999 0.7 0.3
v 0 0.7 0.3
v -0.0999999 0.7 0.2
v 0 0.7 0.2
v 1.8 0.7 0
v 2 0.7 0
v 1.7 0.7 -0.2
v 1.8 0.7 -0.2
v 1.7 0.7 -0.3
v 1.8 0.7 -0.3
v 2 0.7 -0.3
v 2.1 0.7 -0.3
v 1.8 0.7 -0.4
v 2.1 0.7 -0.4
v -1.8 0.7 -0.5
v -1.7 0.7 -0.5
v -1.9 0.7 -0.6
v -1.8 0.7 -0.6
v -1.7 0.7 -0.6
v -1.6 0.7 -0.6
v -1.7 0.7 -0.7
v -1.6 0.7 -0.7
v -1.9 0.7 -0.8
v -1.8 0.7 -0.8
v -1.7 0.7 -0.8
v -1.6 0.7 -0.8
v -1.8 0.7 -0.9
v -1.6 0.7 -0.9
v 1.5 0.7 -0.9
v 1.7 0.7 -0.9
v 1.5 0.7 -1.1
v 1.7 0.7 -1.1
v -1.5 0.7 -1.3
v -1.3 0.7 -1.3
v -1.6 0.7 -1.4
v -1.5 0.7 -1.4
v 0.8 0.7 -1.5
v 1 0.7 -1.5
v -1.6 0.7 -1.6
v -1.4 0.7 -1.6
v -0.7 0.7 -1.6
v -0.5 0.7 -1.6
v 0.3 0.7 -1.6
v 0.4 0.7 -1.6
v 1 0.7 -1.6
v 1.1 0.7 -1.6
v -1.4 0.7 -1.7
v -1.3 0.7 -1.7
v -0.8 0.7 -1.7
v -0.7 0.7 -1.7
v 0.3 0.7 -1.7
v 0.4 0.7 -1.7
v 0.9 0.7 -1.7
v 1.1 0.7 -1.7
v 0.8 0.7 -1.8
v 0.9 0.7 -1.8
v -0.7 0.7 -1.9
v -0.5 0.7 -1.9
v -0.8 0.7 -2
v -0.7 0.7 -2
v 1 0.8 0.9
v 1.3 0.8 0.9
v 1.8 0.8 0.8
v 1.9 0.8 0.8
v 1.8 0.8 0.6
v 1.9 0.8 0.6
v 1 0.8 -0.3
v 1.3 0.8 -0.3

# faces
f 5/4/1 2/4/1 1/4/1
f 6/4/1 2/4/1 5/4/1
f 7/4/1 4/4/1 3/4/1
f 8/4/1 4/4/1 7/4/1
f 15/4/1 10/4/1 9/4/1
f 16/4/1 10/4/1 15/4/1
f 17/4/1 12/4/1 11/4/1
f 20/4/1 17/4/1 16/4/1
f 21/4/1 12/4/1 17/4/1
f 21/4/1 17/4/1 20/4/1
f 23/4/1 19/4/1 18/4/1
f 24/4/1 14/4/1 13/4/1
f 25/4/1 14/4/1 24/4/1
f 26/4/1 23/4/1 22/4/1
f 27/4/1 19/4/1 23/4/1
f 27/4/1 23/4/1 26/4/1
f 28/4/1 19/4/1 27/4/1
f 29/4/1 19/4/1 28/4/1
f 30/4/1 12/4/1 21/4/1
f 31/4/1 12/4/1 30/4/1
f 32/4/1 28/4/1 27/4/1
f 33/4/1 28/4/1 32/4/1
f 40/4/1 35/4/1 34/4/1
f 41/4/1 35/4/1 40/4/1
f 42/4/1 37/4/1 36/4/1
f 44/4/1 39/4/1 38/4/1
f 45/4/1 39/4/1 44/4/1
f 46/4/1 43/4/1 42/4/1
f 46/4/1 42/4/1 36/4/1
f 47/4/1 43/4/1 46/4/1
f 49/4/1 44/4/1 38/4/1
f 50/4/1 44/4/1 49/4/1
f 51/4/1 44/4/1 50/4/1
f 52/4/1 48/4/1 47/4/1
f 53/4/1 48/4/1 52/4/1
f 60/4/1 46/4/1 36/4/1
f 61/4/1 46/4/1 60/4/1
f 62/4/1 55/4/1 54/4/1
f 63/4/1 55/4/1 62/4/1
f 64/4/1 57/4/1 56/4/1
f 65/4/1 57/4/1 64/4/1
f 66/4/1 59/4/1 58/4/1
f 67/4/1 59/4/1 66/4/1
f 68/4/1 66/4/1 65/4/1
f 69/4/1 66/4/1 68/4/1
f 76/6/1 71/6/1 70/6/1
f 77/6/1 71/6/1 76/6/1
f 80/4/1 73/4/1 72/4/1
f 81/4/1 73/4/1 80/4/1
f 83/4/1 75/4/1 74/4/1
f 85/4/1 79/4/1 78/4/1
f 86/4/1 79/4/1 85/4/1
f 88/4/1 83/4/1 82/4/1
f 89/4/1 75/4/1 83/4/1
f 89/4/1 83/4/1 88/4/1
f 92/4/1 87/4/1 86/4/1
f 92/4/1 86/4/1 85/4/1
f 92/4/1 85/4/1 84/4/1
f 93/4/1 87/4/1 92/4/1
f 94/4/1 91/4/1 90/4/1
f 95/4/1 91/4/1 94/4/1
f 98/4/1 97/4/1 96/4/1
f 99/4/1 97/4/1 98/4/1
f 100/4/1 97/4/1 99/4/1
f 105/4/1 100/4/1 99/4/1
f 106/4/1 100/4/1 105/4/1
f 107/4/1 102/4/1 101/4/1
f 108/4/1 102/4/1 107/4/1
f 110/4/1 104/4/1 103/4/1
f 111/4/1 104/4/1 110/4/1
f 112/4/1 110/4/1 109/4/1
f 113/4/1 110/4/1 112/4/1
f 120/6/1 115/6/1 114/6/1
f 121/6/1 115/6/1 120/6/1
f 122/6/1 117/6/1 116/6/1
f 123/6/1 117/6/1 122/6/1
f 128/4/1 119/4/1 118/4/1
f 129/4/1 119/4/1 128/4/1
f 131/4/1 125/4/1 124/4/1
f 132/4/1 125/4/1 131/4/1
f 133/4/1 127/4/1 126/4/1
f 134/4/1 127/4/1 133/4/1
f 135/4/1 130/4/1 129/4/1
f 136/4/1 130/4/1 135/4/1
f 142/4/1 139/4/1 138/4/1
f 143/4/1 139/4/1 142/4/1
f 148/4/1 141/4/1 140/4/1
f 149/4/1 141/4/1 148/4/1
f 150/4/1 137/4/1 136/4/1
f 151/4/1 137/4/1 150/4/1
f 155/4/1 145/4/1 144/4/1
f 156/4/1 145/4/1 155/4/1
f 157/4/1 141/4/1 149/4/1
f 158/4/1 141/4/1 157/4/1
f 159/4/1 152/4/1 151/4/1
f 160/4/1 152/4/1 159/4/1
f 161/4/1 154/4/1 153/4/1
f 162/4/1 154/4/1 161/4/1
f 166/4/1 147/4/1 146/4/1
f 167/4/1 147/4/1 166/4/1
f 168/4/1 164/4/1 163/4/1
f 169/4/1 164/4/1 168/4/1
f 170/4/1 166/4/1 165/4/1
f 171/4/1 166/4/1 170/4/1
f 176/6/1 173/6/1 172/6/1
f 177/6/1 173/6/1 176/6/1
f 178/6/1 175/6/1 174/6/1
f 179/6/1 175/6/1 178/6/1
f 180/6/1 175/6/1 179/6/1
f 185/4/1 180/4/1 179/4/1
f 186/4/1 180/4/1 185/4/1
f 187/4/1 184/4/1 183/4/1
f 188/4/1 184/4/1 187/4/1
f 192/4/1 182/4/1 181/4/1
f 193/4/1 182/4/1 192/4/1
f 194/4/1 190/4/1 189/4/1
f 195/4/1 190/4/1 194/4/1
f 198/4/1 192/4/1 191/4/1
f 199/4/1 192/4/1 198/4/1
f 200/4/1 190/4/1 195/4/1
f 201/4/1 190/4/1 200/4/1
f 204/4/1 197/4/1 196/4/1
f 205/4/1 197/4/1 204/4/1
f 206/4/1 197/4/1 205/4/1
f 208/4/1 203/4/1 202/4/1
f 209/4/1 203/4/1 208/4/1
f 210/4/1 207/4/1 206/4/1
f 210/4/1 206/4/1 205/4/1
f 211/4/1 207/4/1 210/4/1
f 216/6/1 213/6/1 212/6/1
f 217/6/1 213/6/1 216/6/1
f 218/6/1 215/6/1 214/6/1
f 219/6/1 215/6/1 218/6/1
f 227/4/1 221/4/1 220/4/1
f 228/4/1 221/4/1 227/4/1
f 229/4/1 223/4/1 222/4/1
f 230/4/1 223/4/1 229/4/1
f 235/4/1 225/4/1 224/4/1
f 236/4/1 227/4/1 226/4/1
f 237/4/1 232/4/1 231/4/1
f 238/4/1 232/4/1 237/4/1
f 240/4/1 234/4/1 233/4/1
f 241/4/1 234/4/1 240/4/1
f 242/4/1 236/4/1 235/4/1
f 242/4/1 235/4/1 224/4/1
f 243/4/1 227/4/1 236/4/1
f 243/4/1 236/4/1 242/4/1
f 244/4/1 240/4/1 239/4/1
f 245/4/1 240/4/1 244/4/1
f 250/6/1 247/6/1 246/6/1
f 251/6/1 247/6/1 250/6/1
f 252/6/1 249/6/1 248/6/1
f 253/6/1 249/6/1 252/6/1
f 260/4/1 255/4/1 254/4/1
f 261/4/1 255/4/1 260/4/1
f 262/4/1 255/4/1 261/4/1
f 263/4/1 259/4/1 258/4/1
f 264/4/1 259/4/1 263/4/1
f 267/4/1 257/4/1 256/4/1
f 268/4/1 257/4/1 267/4/1
f 269/4/1 266/4/1 265/4/1
f 270/4/1 266/4/1 269/4/1
f 275/6/1 272/6/1 271/6/1
f 276/6/1 272/6/1 275/6/1
f 277/6/1 274/6/1 273/6/1
f 278/6/1 274/6/1 277/6/1
f 282/4/1 280/4/1 279/4/1
f 283/4/1 280/4/1 282/4/1
f 287/4/1 282/4/1 281/4/1
f 288/4/1 282/4/1 287/4/1
f 289/4/1 285/4/1 284/4/1
f 290/4/1 285/4/1 289/4/1
f 291/4/1 287/4/1 286/4/1
f 292/4/1 287/4/1 291/4/1
f 299/6/1 294/6/1 293/6/1
f 300/6/1 294/6/1 299/6/1
f 301/6/1 296/6/1 295/6/1
f 302/6/1 296/6/1 301/6/1
f 303/4/1 298/4/1 297/4/1
f 304/4/1 298/4/1 303/4/1
f 307/4/1 306/4/1 305/4/1
f 308/4/1 306/4/1 307/4/1
f 314/6/1 310/6/1 309/6/1
f 315/6/1 310/6/1 314/6/1
f 320/6/1 312/6/1 311/6/1
f 321/4/1 313/4/1 312/4/1
f 321/6/1 312/6/1 320/6/1
f 322/4/1 313/4/1 321/4/1
f 325/5/1 317/5/1 316/5/1
f 326/5/1 317/5/1 325/5/1
f 327/5/1 319/5/1 318/5/1
f 328/5/1 319/5/1 327/5/1
f 329/4/1 324/4/1 323/4/1
f 330/4/1 324/4/1 329/4/1
f 331/4/1 324/4/1 330/4/1
f 332/5/1 319/5/1 328/5/1
f 333/5/1 319/5/1 332/5/1
f 334/4/1 331/4/1 330/4/1
f 335/4/1 331/4/1 334/4/1
f 336/4/1 331/4/1 335/4/1
f 337/4/1 331/4/1 336/4/1
f 338/4/1 336/4/1 335/4/1
f 339/4/1 336/4/1 338/4/1
f 342/6/1 341/6/1 340/6/1
f 343/6/1 341/6/1 342/6/1
f 352/4/1 347/4/1 346/4/1
f 354/5/1 349/5/1 348/5/1
f 355/5/1 349/5/1 354/5/1
f 356/5/1 345/5/1 344/5/1
f 357/5/1 345/5/1 356/5/1
f 358/4/1 351/4/1 350/4/1
f 359/4/1 351/4/1 358/4/1
f 362/4/1 353/4/1 352/4/1
f 362/4/1 352/4/1 346/4/1
f 363/4/1 353/4/1 362/4/1
f 364/4/1 353/4/1 363/4/1
f 365/4/1 360/4/1 359/4/1
f 366/4/1 360/4/1 365/4/1
f 367/4/1 363/4/1 362/4/1
f 367/4/1 362/4/1 361/4/1
f 368/4/1 367/4/1 366/4/1
f 369/4/1 363/4/1 367/4/1
f 369/4/1 367/4/1 368/4/1
f 376/5/1 371/5/1 370/5/1
f 377/5/1 371/5/1 376/5/1
f 380/5/1 373/5/1 372/5/1
f 381/5/1 373/5/1 380/5/1
f 382/5/1 373/5/1 381/5/1
f 384/4/1 375/4/1 374/4/1
f 385/4/1 375/4/1 384/4/1
f 387/5/1 383/5/1 382/5/1
f 387/5/1 382/5/1 381/5/1
f 388/5/1 383/5/1 387/5/1
f 396/4/1 390/4/1 389/4/1
f 397/4/1 390/4/1 396/4/1
f 398/4/1 393/4/1 392/4/1
f 398/4/1 392/4/1 391/4/1
f 399/4/1 393/4/1 398/4/1
f 400/4/1 393/4/1 399/4/1
f 401/4/1 386/4/1 385/4/1
f 402/4/1 386/4/1 401/4/1
f 403/4/1 386/4/1 402/4/1
f 404/4/1 395/4/1 394/4/1
f 405/4/1 395/4/1 404/4/1
f 406/5/1 379/5/1 378/5/1
f 407/5/1 379/5/1 406/5/1
f 408/4/1 400/4/1 399/4/1
f 408/4/1 402/4/1 401/4/1
f 408/4/1 401/4/1 400/4/1
f 409/4/1 402/4/1 408/4/1
f 414/4/1 408/4/1 399/4/1
f 415/4/1 408/4/1 414/4/1
f 416/4/1 411/4/1 410/4/1
f 417/4/1 411/4/1 416/4/1
f 418/4/1 413/4/1 412/4/1
f 419/4/1 413/4/1 418/4/1
f 424/6/1 421/6/1 420/6/1
f 425/6/1 421/6/1 424/6/1
f 434/6/1 423/6/1 422/6/1
f 435/6/1 423/6/1 434/6/1
f 436/5/1 427/5/1 426/5/1
f 440/5/1 429/5/1 428/5/1
f 441/5/1 429/5/1 440/5/1
f 443/4/1 433/4/1 432/4/1
f 444/4/1 433/4/1 443/4/1
f 448/5/1 427/5/1 436/5/1
f 449/5/1 427/5/1 448/5/1
f 450/5/1 438/5/1 437/5/1
f 451/5/1 441/5/1 440/5/1
f 451/5/1 440/5/1 439/5/1
f 452/5/1 441/5/1 451/5/1
f 453/5/1 431/5/1 430/5/1
f 454/5/1 431/5/1 453/5/1
f 455/4/1 443/4/1 442/4/1
f 456/4/1 443/4/1 455/4/1
f 457/4/1 445/4/1 444/4/1
f 458/4/1 445/4/1 457/4/1
f 463/4/1 457/4/1 456/4/1
f 464/4/1 457/4/1 463/4/1
f 467/4/1 447/4/1 446/4/1
f 468/4/1 447/4/1 467/4/1
f 469/4/1 460/4/1 459/4/1
f 472/4/1 462/4/1 461/4/1
f 473/4/1 462/4/1 472/4/1
f 474/4/1 462/4/1 473/4/1
f 475/5/1 450/5/1 437/5/1
f 476/5/1 450/5/1 475/5/1
f 477/4/1 467/4/1 466/4/1
f 478/4/1 467/4/1 477/4/1
f 479/4/1 470/4/1 469/4/1
f 479/4/1 469/4/1 459/4/1
f 480/4/1 470/4/1 479/4/1
f 481/4/1 470/4/1 480/4/1
f 483/4/1 473/4/1 472/4/1
f 483/4/1 472/4/1 471/4/1
f 484/4/1 473/4/1 483/4/1
f 485/4/1 465/4/1 464/4/1
f 486/4/1 465/4/1 485/4/1
f 487/4/1 482/4/1 481/4/1
f 488/4/1 482/4/1 487/4/1
f 495/5/1 490/5/1 489/5/1
f 496/5/1 490/5/1 495/5/1
f 502/4/1 494/4/1 493/4/1
f 503/4/1 494/4/1 502/4/1
f 504/5/1 497/5/1 496/5/1
f 505/5/1 497/5/1 504/5/1
f 509/5/1 499/5/1 498/5/1
f 510/5/1 499/5/1 509/5/1
f 511/5/1 499/5/1 510/5/1
f 512/4/1 501/4/1 500/4/1
f 513/4/1 501/4/1 512/4/1
f 514/3/1 505/3/1 504/3/1
f 514/3/1 506/3/1 505/3/1
f 515/5/1 507/5/1 506/5/1
f 515/3/1 506/3/1 514/3/1
f 516/5/1 507/5/1 515/5/1
f 517/5/1 510/5/1 509/5/1
f 517/5/1 509/5/1 508/5/1
f 518/5/1 510/5/1 517/5/1
f 519/4/1 492/4/1 491/4/1
f 520/4/1 492/4/1 519/4/1
f 527/5/1 517/5/1 508/5/1
f 528/5/1 517/5/1 527/5/1
f 529/5/1 517/5/1 528/5/1
f 530/4/1 521/4/1 520/4/1
f 531/4/1 521/4/1 530/4/1
f 533/4/1 523/4/1 522/4/1
f 534/4/1 523/4/1 533/4/1
f 535/4/1 525/4/1 524/4/1
f 536/4/1 525/4/1 535/4/1
f 537/3/1 527/3/1 526/3/1
f 537/3/1 528/3/1 527/3/1
f 538/3/1 528/3/1 537/3/1
f 539/4/1 533/4/1 532/4/1
f 540/4/1 533/4/1 539/4/1
f 541/4/1 533/4/1 540/4/1
f 542/4/1 540/4/1 539/4/1
f 543/4/1 540/4/1 542/4/1
f 548/6/1 545/6/1 544/6/1
f 549/6/1 545/6/1 548/6/1
f 552/6/1 547/6/1 546/6/1
f 553/6/1 547/6/1 552/6/1
f 554/5/1 551/5/1 550/5/1
f 555/5/1 551/5/1 554/5/1
f 557/5/1 556/5/1 555/5/1
f 558/5/1 556/5/1 557/5/1
f 564/5/1 560/5/1 559/5/1
f 565/5/1 560/5/1 564/5/1
f 566/3/1 562/3/1 561/3/1
f 567/5/1 563/5/1 562/5/1
f 567/3/1 562/3/1 566/3/1
f 568/5/1 563/5/1 567/5/1
f 575/4/1 570/4/1 569/4/1
f 576/4/1 570/4/1 575/4/1
f 577/4/1 572/4/1 571/4/1
f 578/4/1 572/4/1 577/4/1
f 579/4/1 574/4/1 573/4/1
f 580/4/1 574/4/1 579/4/1
f 591/5/1 582/5/1 581/5/1
f 592/5/1 582/5/1 591/5/1
f 593/4/1 584/4/1 583/4/1
f 594/4/1 584/4/1 593/4/1
f 595/5/1 586/5/1 585/5/1
f 596/5/1 586/5/1 595/5/1
f 597/5/1 588/5/1 587/5/1
f 598/5/1 588/5/1 597/5/1
f 599/5/1 590/5/1 589/5/1
f 600/5/1 590/5/1 599/5/1
f 601/5/1 598/5/1 597/5/1
f 602/5/1 598/5/1 601/5/1
f 606/5/1 590/5/1 600/5/1
f 607/5/1 590/5/1 606/5/1
f 608/5/1 603/5/1 602/5/1
f 609/5/1 603/5/1 608/5/1
f 610/5/1 605/5/1 604/5/1
f 611/5/1 605/5/1 610/5/1
f 613/5/1 607/5/1 606/5/1
f 614/5/1 607/5/1 613/5/1
f 615/5/1 611/5/1 610/5/1
f 616/5/1 611/5/1 615/5/1
f 617/5/1 613/5/1 612/5/1
f 618/5/1 613/5/1 617/5/1
f 625/5/1 622/5/1 621/5/1
f 626/5/1 624/5/1 623/5/1
f 627/5/1 624/5/1 626/5/1
f 631/5/1 620/5/1 619/5/1
f 632/5/1 620/5/1 631/5/1
f 633/5/1 625/5/1 621/5/1
f 634/5/1 625/5/1 633/5/1
f 637/5/1 629/5/1 628/5/1
f 638/5/1 629/5/1 637/5/1
f 642/3/1 631/3/1 630/3/1
f 643/3/1 631/3/1 642/3/1
f 644/4/1 636/4/1 635/4/1
f 645/4/1 636/4/1 644/4/1
f 646/5/1 640/5/1 639/5/1
f 647/5/1 640/5/1 646/5/1
f 648/5/1 642/5/1 641/5/1
f 649/5/1 642/5/1 648/5/1
f 654/6/1 651/6/1 650/6/1
f 655/6/1 651/6/1 654/6/1
f 658/6/1 653/6/1 652/6/1
f 659/6/1 653/6/1 658/6/1
f 660/5/1 657/5/1 656/5/1
f 661/5/1 657/5/1 660/5/1
f 664/4/1 655/4/1 654/4/1
f 665/4/1 655/4/1 664/4/1
f 673/5/1 667/5/1 666/5/1
f 675/5/1 669/5/1 668/5/1
f 676/5/1 669/5/1 675/5/1
f 677/5/1 663/5/1 662/5/1
f 678/5/1 663/5/1 677/5/1
f 681/5/1 671/5/1 670/5/1
f 682/5/1 671/5/1 681/5/1
f 684/5/1 673/5/1 672/5/1
f 685/5/1 667/5/1 673/5/1
f 685/5/1 673/5/1 684/5/1
f 686/5/1 676/5/1 675/5/1
f 686/5/1 675/5/1 674/5/1
f 687/5/1 676/5/1 686/5/1
f 688/4/1 680/4/1 679/4/1
f 689/4/1 680/4/1 688/4/1
f 690/3/1 683/3/1 682/3/1
f 691/3/1 683/3/1 690/3/1
f 694/4/1 693/4/1 692/4/1
f 695/4/1 693/4/1 694/4/1
f 700/5/1 697/5/1 696/5/1
f 701/5/1 697/5/1 700/5/1
f 705/4/1 699/4/1 698/4/1
f 706/4/1 699/4/1 705/4/1
f 712/5/1 703/5/1 702/5/1
f 713/4/1 705/4/1 704/4/1
f 714/4/1 705/4/1 713/4/1
f 715/4/1 708/4/1 707/4/1
f 716/4/1 708/4/1 715/4/1
f 717/5/1 710/5/1 709/5/1
f 718/5/1 710/5/1 717/5/1
f 719/3/1 712/3/1 711/3/1
f 720/5/1 703/5/1 712/5/1
f 720/3/1 712/3/1 719/3/1
f 721/5/1 703/5/1 720/5/1
f 724/5/1 723/5/1 722/5/1
f 725/5/1 723/5/1 724/5/1
f 726/5/1 725/5/1 724/5/1
f 727/5/1 725/5/1 726/5/1
f 732/4/1 729/4/1 728/4/1
f 733/4/1 729/4/1 732/4/1
f 734/5/1 731/5/1 730/5/1
f 735/5/1 731/5/1 734/5/1
f 742/4/1 737/4/1 736/4/1
f 743/4/1 739/4/1 738/4/1
f 744/4/1 739/4/1 743/4/1
f 745/4/1 741/4/1 740/4/1
f 746/4/1 741/4/1 745/4/1
f 754/4/1 748/4/1 747/4/1
f 755/4/1 748/4/1 754/4/1
f 757/3/1 750/3/1 749/3/1
f 758/5/1 751/5/1 750/5/1
f 758/3/1 750/3/1 757/3/1
f 759/5/1 751/5/1 758/5/1
f 761/5/1 753/5/1 752/5/1
f 762/5/1 753/5/1 761/5/1
f 763/4/1 742/4/1 736/4/1
f 764/4/1 742/4/1 763/4/1
f 765/4/1 744/4/1 743/4/1
f 765/4/1 745/4/1 744/4/1
f 766/4/1 745/4/1 765/4/1
f 767/5/1 757/5/1 756/5/1
f 767/5/1 758/5/1 757/5/1
f 768/3/1 760/3/1 759/3/1
f 768/5/1 758/5/1 767/5/1
f 768/3/1 759/3/1 758/3/1
f 769/3/1 760/3/1 768/3/1
f 774/4/1 771/4/1 770/4/1
f 775/4/1 771/4/1 774/4/1
f 784/5/1 777/5/1 776/5/1
f 785/5/1 777/5/1 784/5/1
f 786/5/1 779/5/1 778/5/1
f 787/5/1 779/5/1 786/5/1
f 788/5/1 781/5/1 780/5/1
f 789/5/1 781/5/1 788/5/1
f 792/4/1 783/4/1 782/4/1
f 793/4/1 783/4/1 792/4/1
f 798/5/1 795/5/1 794/5/1
f 799/5/1 795/5/1 798/5/1
f 800/4/1 773/4/1 772/4/1
f 801/4/1 773/4/1 800/4/1
f 803/4/1 791/4/1 790/4/1
f 804/4/1 791/4/1 803/4/1
f 805/4/1 797/4/1 796/4/1
f 806/4/1 797/4/1 805/4/1
f 809/4/1 803/4/1 802/4/1
f 810/4/1 803/4/1 809/4/1
f 811/3/1 808/3/1 807/3/1
f 812/3/1 808/3/1 811/3/1
f 817/5/1 814/5/1 813/5/1
f 820/5/1 816/5/1 815/5/1
f 821/5/1 816/5/1 820/5/1
f 825/5/1 814/5/1 817/5/1
f 826/5/1 814/5/1 825/5/1
f 827/4/1 824/4/1 823/4/1
f 828/4/1 824/4/1 827/4/1
f 829/5/1 819/5/1 818/5/1
f 830/5/1 822/5/1 821/5/1
f 831/5/1 822/5/1 830/5/1
f 834/5/1 819/5/1 829/5/1
f 835/5/1 819/5/1 834/5/1
f 836/5/1 819/5/1 835/5/1
f 839/4/1 833/4/1 832/4/1
f 840/4/1 833/4/1 839/4/1
f 841/4/1 833/4/1 840/4/1
f 842/5/1 836/5/1 835/5/1
f 843/5/1 836/5/1 842/5/1
f 844/4/1 838/4/1 837/4/1
f 845/4/1 838/4/1 844/4/1
f 846/4/1 840/4/1 839/4/1
f 847/4/1 840/4/1 846/4/1
f 850/4/1 849/4/1 848/4/1
f 851/4/1 849/4/1 850/4/1
f 861/5/1 853/5/1 852/5/1
f 862/5/1 853/5/1 861/5/1
f 864/4/1 849/4/1 851/4/1
f 865/4/1 849/4/1 864/4/1
f 866/5/1 855/5/1 854/5/1
f 867/5/1 855/5/1 866/5/1
f 869/3/1 857/3/1 856/3/1
f 870/5/1 858/5/1 857/5/1
f 870/3/1 857/3/1 869/3/1
f 871/5/1 858/5/1 870/5/1
f 874/5/1 860/5/1 859/5/1
f 874/5/1 861/5/1 860/5/1
f 875/5/1 861/5/1 874/5/1
f 876/5/1 864/5/1 863/5/1
f 877/5/1 864/5/1 876/5/1
f 878/3/1 869/3/1 868/3/1
f 879/3/1 869/3/1 878/3/1
f 880/5/1 873/5/1 872/5/1
f 881/5/1 873/5/1 880/5/1
f 887/4/1 883/4/1 882/4/1
f 888/4/1 883/4/1 887/4/1
f 889/5/1 885/5/1 884/5/1
f 890/5/1 885/5/1 889/5/1
f 897/4/1 887/4/1 886/4/1
f 898/4/1 887/4/1 897/4/1
f 901/5/1 892/5/1 891/5/1
f 902/5/1 892/5/1 901/5/1
f 905/3/1 894/3/1 893/3/1
f 906/3/1 894/3/1 905/3/1
f 907/4/1 900/4/1 899/4/1
f 908/4/1 900/4/1 907/4/1
f 909/3/1 904/3/1 903/3/1
f 910/3/1 904/3/1 909/3/1
f 911/4/1 896/4/1 895/4/1
f 912/4/1 896/4/1 911/4/1
f 917/5/1 914/5/1 913/5/1
f 918/5/1 914/5/1 917/5/1
f 919/5/1 914/5/1 918/5/1
f 923/4/1 916/4/1 915/4/1
f 924/4/1 916/4/1 923/4/1
f 927/5/1 918/5/1 917/5/1
f 928/5/1 918/5/1 927/5/1
f 929/5/1 920/5/1 919/5/1
f 930/5/1 920/5/1 929/5/1
f 933/4/1 922/4/1 921/4/1
f 934/4/1 922/4/1 933/4/1
f 937/5/1 926/5/1 925/5/1
f 938/5/1 926/5/1 937/5/1
f 939/5/1 932/5/1 931/5/1
f 940/5/1 932/5/1 939/5/1
f 945/5/1 936/5/1 935/5/1
f 945/5/1 937/5/1 936/5/1
f 946/5/1 937/5/1 945/5/1
f 948/4/1 942/4/1 941/4/1
f 949/4/1 942/4/1 948/4/1
f 950/4/1 944/4/1 943/4/1
f 951/4/1 944/4/1 950/4/1
f 952/4/1 948/4/1 947/4/1
f 953/4/1 948/4/1 952/4/1
f 959/5/1 955/5/1 954/5/1
f 960/3/1 957/3/1 956/3/1
f 961/3/1 957/3/1 960/3/1
f 962/3/1 959/3/1 958/3/1
f 963/5/1 955/5/1 959/5/1
f 963/3/1 959/3/1 962/3/1
f 964/5/1 955/5/1 963/5/1
f 967/3/1 966/3/1 965/3/1
f 968/3/1 966/3/1 967/3/1
f 971/5/1 970/5/1 969/5/1
f 972/5/1 970/5/1 971/5/1
f 975/5/1 974/5/1 973/5/1
f 976/5/1 974/5/1 975/5/1
f 979/5/1 978/5/1 977/5/1
f 980/5/1 978/5/1 979/5/1
f 991/4/1 982/4/1 981/4/1
f 992/4/1 982/4/1 991/4/1
f 993/5/1 984/5/1 983/5/1
f 994/5/1 984/5/1 993/5/1
f 995/3/1 986/3/1 985/3/1
f 996/3/1 986/3/1 995/3/1
f 997/5/1 988/5/1 987/5/1
f 998/5/1 988/5/1 997/5/1
f 999/5/1 990/5/1 989/5/1
f 1000/5/1 990/5/1 999/5/1
f 1009/5/1 1002/5/1 1001/5/1
f 1010/5/1 1002/5/1 1009/5/1
f 1011/4/1 1004/4/1 1003/4/1
f 1013/4/1 1006/4/1 1005/4/1
f 1014/5/1 1008/5/1 1007/5/1
f 1015/5/1 1008/5/1 1014/5/1
f 1018/4/1 1004/4/1 1011/4/1
f 1019/4/1 1013/4/1 1012/4/1
f 1020/4/1 1006/4/1 1013/4/1
f 1020/4/1 1013/4/1 1019/4/1
f 1021/5/1 1017/5/1 1016/5/1
f 1022/5/1 1017/5/1 1021/5/1
f 1023/4/1 1019/4/1 1018/4/1
f 1025/4/1 1018/4/1 1011/4/1
f 1025/4/1 1024/4/1 1023/4/1
f 1025/4/1 1023/4/1 1018/4/1
f 1026/4/1 1024/4/1 1025/4/1
f 1027/4/1 1024/4/1 1026/4/1
f 1028/4/1 1024/4/1 1027/4/1
f 1029/4/1 1027/4/1 1026/4/1
f 1030/4/1 1027/4/1 1029/4/1
f 1035/5/1 1034/5/1 1033/5/1
f 1036/5/1 1034/5/1 1035/5/1
f 1039/4/1 1032/4/1 1031/4/1
f 1040/4/1 1032/4/1 1039/4/1
f 1041/4/1 1038/4/1 1037/4/1
f 1042/4/1 1038/4/1 1041/4/1
f 1044/4/1 1038/4/1 1042/4/1
f 1046/4/1 1044/4/1 1043/4/1
f 1047/4/1 1038/4/1 1044/4/1
f 1047/4/1 1044/4/1 1046/4/1
f 1048/4/1 1046/4/1 1045/4/1
f 1049/4/1 1046/4/1 1048/4/1
f 1056/4/1 1051/4/1 1050/4/1
f 1057/4/1 1051/4/1 1056/4/1
f 1059/4/1 1053/4/1 1052/4/1
f 1070/4/1 1055/4/1 1054/4/1
f 1071/4/1 1059/4/1 1058/4/1
f 1072/4/1 1059/4/1 1071/4/1
f 1073/4/1 1053/4/1 1059/4/1
f 1073/4/1 1059/4/1 1072/4/1
f 1074/4/1 1053/4/1 1073/4/1
f 1076/2/1 1061/2/1 1060/2/1
f 1077/2/1 1061/2/1 1076/2/1
f 1078/5/1 1063/5/1 1062/5/1
f 1079/2/1 1064/2/1 1063/2/1
f 1079/5/1 1063/5/1 1078/5/1
f 1080/2/1 1064/2/1 1079/2/1
f 1082/5/1 1066/5/1 1065/5/1
f 1083/2/1 1067/2/1 1066/2/1
f 1083/5/1 1066/5/1 1082/5/1
f 1084/5/1 1069/5/1 1068/5/1
f 1085/5/1 1069/5/1 1084/5/1
f 1086/4/1 1055/4/1 1070/4/1
f 1087/4/1 1055/4/1 1086/4/1
f 1090/4/1 1073/4/1 1072/4/1
f 1091/4/1 1073/4/1 1090/4/1
f 1092/4/1 1053/4/1 1074/4/1
f 1093/4/1 1053/4/1 1092/4/1
f 1094/4/1 1089/4/1 1088/4/1
f 1095/4/1 1089/4/1 1094/4/1
f 1096/4/1 1090/4/1 1072/4/1
f 1097/4/1 1090/4/1 1096/4/1
f 1098/2/1 1077/2/1 1076/2/1
f 1098/2/1 1078/2/1 1077/2/1
f 1098/2/1 1081/2/1 1080/2/1
f 1098/2/1 1082/2/1 1081/2/1
f 1098/2/1 1083/2/1 1082/2/1
f 1098/2/1 1080/2/1 1079/2/1
f 1098/2/1 1079/2/1 1078/2/1
f 1098/2/1 1076/2/1 1075/2/1
f 1099/2/1 1067/2/1 1083/2/1
f 1099/2/1 1083/2/1 1098/2/1
f 1104/6/1 1101/6/1 1100/6/1
f 1105/6/1 1101/6/1 1104/6/1
f 1109/4/1 1103/4/1 1102/4/1
f 1110/4/1 1108/4/1 1107/4/1
f 1116/4/1 1106/4/1 1105/4/1
f 1117/4/1 1106/4/1 1116/4/1
f 1118/4/1 1110/4/1 1107/4/1
f 1119/4/1 1110/4/1 1118/4/1
f 1120/4/1 1112/4/1 1111/4/1
f 1121/4/1 1112/4/1 1120/4/1
f 1123/4/1 1109/4/1 1102/4/1
f 1124/4/1 1109/4/1 1123/4/1
f 1125/4/1 1116/4/1 1115/4/1
f 1126/4/1 1116/4/1 1125/4/1
f 1131/4/1 1122/4/1 1121/4/1
f 1132/4/1 1122/4/1 1131/4/1
f 1136/5/1 1114/5/1 1113/5/1
f 1137/5/1 1114/5/1 1136/5/1
f 1140/4/1 1130/4/1 1129/4/1
f 1141/4/1 1130/4/1 1140/4/1
f 1142/4/1 1139/4/1 1138/4/1
f 1143/4/1 1139/4/1 1142/4/1
f 1144/4/1 1128/4/1 1127/4/1
f 1145/4/1 1128/4/1 1144/4/1
f 1146/2/1 1135/2/1 1134/2/1
f 1146/2/1 1134/2/1 1133/2/1
f 1147/2/1 1135/2/1 1146/2/1
f 1154/4/1 1153/4/1 1152/4/1
f 1155/4/1 1153/4/1 1154/4/1
f 1159/4/1 1151/4/1 1150/4/1
f 1160/4/1 1151/4/1 1159/4/1
f 1161/4/1 1157/4/1 1156/4/1
f 1162/4/1 1157/4/1 1161/4/1
f 1167/4/1 1149/4/1 1148/4/1
f 1168/4/1 1159/4/1 1158/4/1
f 1169/4/1 1159/4/1 1168/4/1
f 1172/4/1 1164/4/1 1163/4/1
f 1173/4/1 1164/4/1 1172/4/1
f 1174/4/1 1166/4/1 1165/4/1
f 1175/4/1 1166/4/1 1174/4/1
f 1177/4/1 1167/4/1 1148/4/1
f 1177/4/1 1168/4/1 1167/4/1
f 1178/4/1 1168/4/1 1177/4/1
f 1179/4/1 1171/4/1 1170/4/1
f 1180/4/1 1171/4/1 1179/4/1
f 1181/5/1 1177/5/1 1176/5/1
f 1182/5/1 1177/5/1 1181/5/1
f 1185/4/1 1184/4/1 1183/4/1
f 1186/4/1 1184/4/1 1185/4/1
f 1196/4/1 1188/4/1 1187/4/1
f 1197/4/1 1188/4/1 1196/4/1
f 1200/4/1 1190/4/1 1189/4/1
f 1201/4/1 1190/4/1 1200/4/1
f 1202/4/1 1192/4/1 1191/4/1
f 1203/4/1 1192/4/1 1202/4/1
f 1204/4/1 1194/4/1 1193/4/1
f 1205/5/1 1195/5/1 1194/5/1
f 1205/4/1 1194/4/1 1204/4/1
f 1206/5/1 1195/5/1 1205/5/1
f 1207/5/1 1199/5/1 1198/5/1
f 1208/5/1 1199/5/1 1207/5/1
f 1209/4/1 1204/4/1 1203/4/1
f 1210/4/1 1204/4/1 1209/4/1
f 1213/4/1 1212/4/1 1211/4/1
f 1218/4/1 1215/4/1 1214/4/1
f 1219/4/1 1215/4/1 1218/4/1
f 1222/4/1 1217/4/1 1216/4/1
f 1223/4/1 1217/4/1 1222/4/1
f 1226/4/1 1221/4/1 1220/4/1
f 1227/4/1 1221/4/1 1226/4/1
f 1228/4/1 1217/4/1 1223/4/1
f 1229/4/1 1217/4/1 1228/4/1
f 1232/4/1 1212/4/1 1213/4/1
f 1233/4/1 1212/4/1 1232/4/1
f 1235/4/1 1225/4/1 1224/4/1
f 1236/4/1 1225/4/1 1235/4/1
f 1237/4/1 1221/4/1 1227/4/1
f 1238/4/1 1221/4/1 1237/4/1
f 1239/5/1 1231/5/1 1230/5/1
f 1240/5/1 1231/5/1 1239/5/1
f 1241/4/1 1235/4/1 1234/4/1
f 1242/4/1 1235/4/1 1241/4/1
f 1249/4/1 1246/4/1 1245/4/1
f 1250/4/1 1246/4/1 1249/4/1
f 1251/4/1 1244/4/1 1243/4/1
f 1252/4/1 1244/4/1 1251/4/1
f 1253/4/1 1248/4/1 1247/4/1
f 1254/4/1 1248/4/1 1253/4/1
f 1255/4/1 1253/4/1 1247/4/1
f 1256/4/1 1253/4/1 1255/4/1
f 1267/4/1 1258/4/1 1257/4/1
f 1268/4/1 1258/4/1 1267/4/1
f 1269/4/1 1260/4/1 1259/4/1
f 1270/4/1 1260/4/1 1269/4/1
f 1272/4/1 1262/4/1 1261/4/1
f 1273/4/1 1264/4/1 1263/4/1
f 1274/4/1 1264/4/1 1273/4/1
f 1276/4/1 1272/4/1 1271/4/1
f 1276/4/1 1262/4/1 1272/4/1
f 1277/4/1 1262/4/1 1276/4/1
f 1278/4/1 1276/4/1 1271/4/1
f 1279/4/1 1276/4/1 1278/4/1
f 1280/4/1 1275/4/1 1274/4/1
f 1282/4/1 1266/4/1 1265/4/1
f 1283/4/1 1266/4/1 1282/4/1
f 1286/4/1 1278/4/1 1271/4/1
f 1287/4/1 1278/4/1 1286/4/1
f 1288/4/1 1281/4/1 1280/4/1
f 1288/4/1 1280/4/1 1274/4/1
f 1289/4/1 1281/4/1 1288/4/1
f 1292/4/1 1285/4/1 1284/4/1
f 1293/4/1 1285/4/1 1292/4/1
f 1294/4/1 1291/4/1 1290/4/1
f 1295/4/1 1291/4/1 1294/4/1
f 1297/4/1 1296/4/1 1295/4/1
f 1298/4/1 1296/4/1 1297/4/1
f 1303/4/1 1300/4/1 1299/4/1
f 1305/4/1 1302/4/1 1301/4/1
f 1306/4/1 1302/4/1 1305/4/1
f 1307/4/1 1300/4/1 1303/4/1
f 1308/4/1 1300/4/1 1307/4/1
f 1309/4/1 1300/4/1 1308/4/1
f 1310/4/1 1305/4/1 1304/4/1
f 1311/4/1 1305/4/1 1310/4/1
f 1316/4/1 1309/4/1 1308/4/1
f 1317/4/1 1309/4/1 1316/4/1
f 1318/4/1 1313/4/1 1312/4/1
f 1319/4/1 1313/4/1 1318/4/1
f 1320/4/1 1315/4/1 1314/4/1
f 1321/4/1 1315/4/1 1320/4/1
f 1324/4/1 1323/4/1 1322/4/1
f 1329/4/1 1327/4/1 1326/4/1
f 1330/4/1 1324/4/1 1322/4/1
f 1330/4/1 1325/4/1 1324/4/1
f 1331/4/1 1325/4/1 1330/4/1
f 1334/4/1 1329/4/1 1328/4/1
f 1335/4/1 1327/4/1 1329/4/1
f 1335/4/1 1329/4/1 1334/4/1
f 1341/4/1 1336/4/1 1335/4/1
f 1342/4/1 1336/4/1 1341/4/1
f 1343/4/1 1336/4/1 1342/4/1
f 1344/4/1 1338/4/1 1337/4/1
f 1345/4/1 1338/4/1 1344/4/1
f 1346/4/1 1325/4/1 1331/4/1
f 1347/4/1 1325/4/1 1346/4/1
f 1349/4/1 1340/4/1 1339/4/1
f 1350/4/1 1340/4/1 1349/4/1
f 1351/4/1 1333/4/1 1332/4/1
f 1352/4/1 1333/4/1 1351/4/1
f 1353/4/1 1343/4/1 1342/4/1
f 1354/4/1 1343/4/1 1353/4/1
f 1355/4/1 1349/4/1 1348/4/1
f 1356/4/1 1349/4/1 1355/4/1
f 1359/4/1 1358/4/1 1357/4/1
f 1365/4/1 1359/4/1 1357/4/1
f 1366/4/1 1359/4/1 1365/4/1
f 1367/4/1 1361/4/1 1360/4/1
f 1368/4/1 1361/4/1 1367/4/1
f 1369/4/1 1363/4/1 1362/4/1
f 1370/4/1 1363/4/1 1369/4/1
f 1371/4/1 1365/4/1 1364/4/1
f 1372/4/1 1365/4/1 1371/4/1
f 1375/4/1 1374/4/1 1373/4/1
f 1376/4/1 1374/4/1 1375/4/1
f 1379/4/1 1378/4/1 1377/4/1
f 1380/4/1 1378/4/1 1379/4/1
f 1381/4/2 1382/4/2 1383/4/2
f 1383/4/2 1382/4/2 1384/4/2
f 1385/4/2 1386/4/2 1387/4/2
f 1387/4/2 1386/4/2 1388/4/2
f 1389/4/2 1390/4/2 1392/4/2
f 1392/4/2 1390/4/2 1393/4/2
f 1391/4/2 1392/4/2 1396/4/2
f 1396/4/2 1392/4/2 1397/4/2
f 1394/4/2 1395/4/2 1402/4/2
f 1402/4/2 1395/4/2 1403/4/2
f 1398/4/2 1399/4/2 1404/4/2
f 1404/4/2 1399/4/2 1405/4/2
f 1400/4/2 1401/4/2 1406/4/2
f 1406/4/2 1401/4/2 1407/4/2
f 1412/4/2 1413/4/2 1414/4/2
f 1414/4/2 1413/4/2 1415/4/2
f 1408/4/2 1409/4/2 1416/4/2
f 1416/4/2 1409/4/2 1417/4/2
f 1410/4/2 1411/4/2 1420/4/2
f 1420/4/2 1411/4/2 1421/4/2
f 1418/4/2 1419/4/2 1424/4/2
f 1424/4/2 1419/4/2 1425/4/2
f 1422/4/2 1423/4/2 1428/4/2
f 1428/4/2 1423/4/2 1429/4/2
f 1426/4/2 1427/4/2 1432/4/2
f 1432/4/2 1427/4/2 1433/4/2
f 1430/4/2 1431/4/2 1434/4/2
f 1434/4/2 1431/4/2 1435/4/2
f 1433/4/2 1427/4/2 1436/4/2
f 1436/4/2 1427/4/2 1437/4/2
f 1438/4/2 1439/4/2 1442/4/2
f 1442/4/2 1439/4/2 1443/4/2
f 1440/4/2 1441/4/2 1444/4/2
f 1444/4/2 1441/4/2 1445/4/2
f 1446/4/2 1447/4/2 1452/4/2
f 1452/4/2 1447/4/2 1453/4/2
f 1448/4/2 1449/4/2 1454/4/2
f 1454/4/2 1449/4/2 1455/4/2
f 1450/4/2 1451/4/2 1457/4/2
f 1457/4/2 1451/4/2 1458/4/2
f 1455/4/2 1456/4/2 1461/4/2
f 1461/4/2 1456/4/2 1462/4/2
f 1459/4/2 1460/4/2 1465/4/2
f 1465/4/2 1460/4/2 1466/4/2
f 1462/4/2 1463/4/2 1469/4/2
f 1469/4/2 1463/4/2 1470/4/2
f 1464/4/2 1465/4/2 1471/4/2
f 1471/4/2 1465/4/2 1472/4/2
f 1467/4/2 1468/4/2 1473/4/2
f 1473/4/2 1468/4/2 1474/4/2
f 1475/4/2 1476/4/2 1483/4/2
f 1479/4/2 1480/4/2 1485/4/2
f 1481/4/2 1482/4/2 1486/4/2
f 1483/4/2 1484/4/2 1487/4/2
f 1475/4/2 1483/4/2 1487/4/2
f 1487/4/2 1484/4/2 1488/4/2
f 1479/4/2 1485/4/2 1489/4/2
f 1485/4/2 1486/4/2 1489/4/2
f 1489/4/2 1486/4/2 1490/4/2
f 1486/4/2 1482/4/2 1491/4/2
f 1490/4/2 1486/4/2 1491/4/2
f 1491/4/2 1482/4/2 1492/4/2
f 1490/4/2 1491/4/2 1493/4/2
f 1493/4/2 1491/4/2 1494/4/2
f 1475/4/2 1487/4/2 1496/4/2
f 1496/4/2 1487/4/2 1497/4/2
f 1477/4/2 1478/4/2 1498/4/2
f 1498/4/2 1478/4/2 1499/4/2
f 1494/4/2 1491/4/2 1500/4/2
f 1500/4/2 1491/4/2 1501/4/2
f 1495/4/2 1496/4/2 1502/4/2
f 1502/4/2 1496/4/2 1503/4/2
f 1504/4/2 1505/4/2 1512/4/2
f 1512/4/2 1505/4/2 1513/4/2
f 1508/4/2 1509/4/2 1514/4/2
f 1514/4/2 1509/4/2 1515/4/2
f 1510/4/2 1511/4/2 1516/4/2
f 1516/4/2 1511/4/2 1517/4/2
f 1518/4/2 1519/4/2 1522/4/2
f 1506/4/2 1507/4/2 1524/4/2
f 1524/4/2 1507/4/2 1525/4/2
f 1520/4/2 1521/4/2 1526/4/2
f 1526/4/2 1521/4/2 1527/4/2
f 1522/4/2 1523/4/2 1529/4/2
f 1527/4/2 1528/4/2 1531/4/2
f 1531/4/2 1528/4/2 1532/4/2
f 1532/4/2 1528/4/2 1533/4/2
f 1529/4/2 1530/4/2 1535/4/2
f 1518/4/2 1522/4/2 1535/4/2
f 1522/4/2 1529/4/2 1535/4/2
f 1535/4/2 1530/4/2 1536/4/2
f 1533/4/2 1534/4/2 1537/4/2
f 1532/4/2 1533/4/2 1537/4/2
f 1537/4/2 1534/4/2 1538/4/2
f 1539/4/2 1540/4/2 1547/4/2
f 1547/4/2 1540/4/2 1548/4/2
f 1545/4/2 1546/4/2 1549/4/2
f 1549/4/2 1546/4/2 1550/4/2
f 1551/4/2 1552/4/2 1553/4/2
f 1553/4/2 1552/4/2 1554/4/2
f 1554/4/2 1552/4/2 1555/4/2
f 1541/4/2 1542/4/2 1557/4/2
f 1557/4/2 1542/4/2 1558/4/2
f 1543/4/2 1544/4/2 1559/4/2
f 1559/4/2 1544/4/2 1560/4/2
f 1555/4/2 1556/4/2 1563/4/2
f 1554/4/2 1555/4/2 1563/4/2
f 1563/4/2 1556/4/2 1564/4/2
f 1561/4/2 1562/4/2 1565/4/2
f 1565/4/2 1562/4/2 1566/4/2
f 1567/4/2 1568/4/2 1577/4/2
f 1569/5/2 1570/5/2 1579/5/2
f 1579/5/2 1570/5/2 1580/5/2
f 1571/5/2 1572/5/2 1581/5/2
f 1581/5/2 1572/5/2 1582/5/2
f 1573/4/2 1574/4/2 1583/4/2
f 1583/4/2 1574/4/2 1584/4/2
f 1575/4/2 1576/4/2 1586/4/2
f 1586/4/2 1576/4/2 1587/4/2
f 1584/4/2 1585/4/2 1588/4/2
f 1577/4/2 1578/4/2 1590/4/2
f 1567/4/2 1577/4/2 1590/4/2
f 1588/4/2 1589/4/2 1591/4/2
f 1584/4/2 1588/4/2 1591/4/2
f 1591/4/2 1589/4/2 1592/4/2
f 1592/4/2 1589/4/2 1593/4/2
f 1590/4/2 1578/4/2 1595/4/2
f 1595/4/2 1578/4/2 1596/4/2
f 1593/4/2 1594/4/2 1597/4/2
f 1592/4/2 1593/4/2 1597/4/2
f 1597/4/2 1594/4/2 1598/4/2
f 1599/5/2 1600/5/2 1609/5/2
f 1609/5/2 1600/5/2 1610/5/2
f 1601/5/2 1602/5/2 1611/5/2
f 1611/5/2 1602/5/2 1612/5/2
f 1603/5/2 1604/5/2 1614/5/2
f 1614/5/2 1604/5/2 1615/5/2
f 1605/4/2 1606/4/2 1618/4/2
f 1618/4/2 1606/4/2 1619/4/2
f 1607/4/2 1608/4/2 1620/4/2
f 1620/4/2 1608/4/2 1621/4/2
f 1613/5/2 1614/5/2 1622/5/2
f 1614/5/2 1615/5/2 1622/5/2
f 1622/5/2 1615/5/2 1623/5/2
f 1616/5/2 1617/5/2 1624/5/2
f 1624/5/2 1617/5/2 1625/5/2
f 1626/5/2 1627/5/2 1628/5/2
f 1628/5/2 1627/5/2 1629/5/2
f 1630/4/2 1631/4/2 1634/4/2
f 1634/4/2 1631/4/2 1635/4/2
f 1632/4/2 1633/4/2 1636/4/2
f 1636/4/2 1633/4/2 1637/4/2
f 1638/5/2 1639/5/2 1640/5/2
f 1640/5/2 1639/5/2 1641/5/2
f 1642/4/2 1643/4/2 1644/4/2
f 1644/4/2 1643/4/2 1645/4/2
f 1646/5/2 1647/5/2 1648/5/2
f 1648/5/2 1647/5/2 1649/5/2
f 1649/5/2 1647/5/2 1656/5/2
f 1656/5/2 1647/5/2 1657/5/2
f 1650/5/2 1651/5/2 1658/5/2
f 1658/5/2 1651/5/2 1659/5/2
f 1652/4/2 1653/4/2 1663/4/2
f 1654/5/2 1655/5/2 1664/5/2
f 1664/5/2 1655/5/2 1665/5/2
f 1665/5/2 1655/5/2 1666/5/2
f 1656/5/2 1657/5/2 1668/5/2
f 1657/5/2 1658/5/2 1668/5/2
f 1668/5/2 1658/5/2 1669/5/2
f 1660/4/2 1661/4/2 1670/4/2
f 1670/4/2 1661/4/2 1671/4/2
f 1662/4/2 1663/4/2 1674/4/2
f 1663/4/2 1653/4/2 1675/4/2
f 1674/4/2 1663/4/2 1675/4/2
f 1666/3/2 1667/3/2 1676/3/2
f 1665/3/2 1666/3/2 1676/3/2
f 1676/3/2 1667/3/2 1677/3/2
f 1672/4/2 1673/4/2 1679/4/2
f 1679/4/2 1673/4/2 1680/4/2
f 1678/4/2 1679/4/2 1681/4/2
f 1681/4/2 1679/4/2 1682/4/2
f 1685/4/2 1686/4/2 1689/4/2
f 1689/4/2 1686/4/2 1690/4/2
f 1687/5/2 1688/5/2 1691/5/2
f 1691/5/2 1688/5/2 1692/5/2
f 1683/4/2 1684/4/2 1693/4/2
f 1693/4/2 1684/4/2 1694/4/2
f 1683/4/2 1693/4/2 1699/4/2
f 1699/4/2 1693/4/2 1700/4/2
f 1695/5/2 1696/5/2 1701/5/2
f 1701/5/2 1696/5/2 1702/5/2
f 1697/4/2 1698/4/2 1704/4/2
f 1704/4/2 1698/4/2 1705/4/2
f 1703/4/2 1704/4/2 1707/4/2
f 1705/4/2 1706/4/2 1707/4/2
f 1704/4/2 1705/4/2 1707/4/2
f 1707/4/2 1706/4/2 1708/4/2
f 1709/4/2 1710/4/2 1711/4/2
f 1711/4/2 1710/4/2 1712/4/2
f 1713/5/2 1714/5/2 1719/5/2
f 1719/5/2 1714/5/2 1720/5/2
f 1715/5/2 1716/5/2 1724/5/2
f 1717/5/2 1718/5/2 1725/5/2
f 1725/5/2 1718/5/2 1726/5/2
f 1723/5/2 1724/5/2 1731/5/2
f 1727/4/2 1728/4/2 1732/4/2
f 1732/4/2 1728/4/2 1733/4/2
f 1733/4/2 1728/4/2 1734/4/2
f 1721/4/2 1722/4/2 1736/4/2
f 1736/4/2 1722/4/2 1737/4/2
f 1729/4/2 1730/4/2 1738/4/2
f 1738/4/2 1730/4/2 1739/4/2
f 1731/5/2 1724/5/2 1740/5/2
f 1724/5/2 1716/5/2 1741/5/2
f 1740/5/2 1724/5/2 1741/5/2
f 1734/4/2 1735/4/2 1742/4/2
f 1733/4/2 1734/4/2 1742/4/2
f 1742/4/2 1735/4/2 1743/4/2
f 1743/4/2 1735/4/2 1744/4/2
f 1744/4/2 1735/4/2 1745/4/2
f 1743/4/2 1744/4/2 1746/4/2
f 1746/4/2 1744/4/2 1747/4/2
f 1750/4/2 1751/4/2 1755/4/2
f 1755/4/2 1751/4/2 1756/4/2
f 1752/5/2 1753/5/2 1762/5/2
f 1748/4/2 1749/4/2 1763/4/2
f 1754/4/2 1755/4/2 1765/4/2
f 1759/5/2 1760/5/2 1767/5/2
f 1767/5/2 1760/5/2 1768/5/2
f 1763/4/2 1764/4/2 1773/4/2
f 1748/4/2 1763/4/2 1773/4/2
f 1773/4/2 1764/4/2 1774/4/2
f 1757/4/2 1758/4/2 1775/4/2
f 1775/4/2 1758/4/2 1776/4/2
f 1761/5/2 1762/5/2 1777/5/2
f 1762/5/2 1753/5/2 1778/5/2
f 1777/5/2 1762/5/2 1778/5/2
f 1769/5/2 1770/5/2 1780/5/2
f 1780/5/2 1770/5/2 1781/5/2
f 1771/3/2 1772/3/2 1782/3/2
f 1782/3/2 1772/3/2 1783/3/2
f 1765/4/2 1766/4/2 1784/4/2
f 1754/4/2 1765/4/2 1784/4/2
f 1784/4/2 1766/4/2 1785/4/2
f 1757/4/2 1775/4/2 1786/4/2
f 1786/4/2 1775/4/2 1787/4/2
f 1780/5/2 1781/5/2 1788/5/2
f 1779/5/2 1780/5/2 1788/5/2
f 1788/5/2 1781/5/2 1789/5/2
f 1790/5/2 1791/5/2 1794/5/2
f 1794/5/2 1791/5/2 1795/5/2
f 1792/5/2 1793/5/2 1796/5/2
f 1796/5/2 1793/5/2 1797/5/2
f 1798/4/2 1799/4/2 1807/4/2
f 1807/4/2 1799/4/2 1808/4/2
f 1800/4/2 1801/4/2 1809/4/2
f 1809/4/2 1801/4/2 1810/4/2
f 1803/4/2 1804/4/2 1811/4/2
f 1802/4/2 1803/4/2 1811/4/2
f 1811/4/2 1804/4/2 1812/4/2
f 1805/5/2 1806/5/2 1815/5/2
f 1815/5/2 1806/5/2 1816/5/2
f 1809/4/2 1810/4/2 1817/4/2
f 1808/4/2 1809/4/2 1817/4/2
f 1817/4/2 1810/4/2 1818/4/2
f 1813/5/2 1814/5/2 1821/5/2
f 1821/5/2 1814/5/2 1822/5/2
f 1818/4/2 1810/4/2 1823/4/2
f 1823/4/2 1810/4/2 1824/4/2
f 1819/3/2 1820/3/2 1825/3/2
f 1825/3/2 1820/3/2 1826/3/2
f 1829/5/2 1830/5/2 1831/5/2
f 1831/5/2 1830/5/2 1832/5/2
f 1827/4/2 1828/4/2 1833/4/2
f 1833/4/2 1828/4/2 1834/4/2
f 1835/3/2 1836/3/2 1837/3/2
f 1837/3/2 1836/3/2 1838/3/2
f 1839/5/2 1840/5/2 1845/5/2
f 1845/5/2 1840/5/2 1846/5/2
f 1841/5/2 1842/5/2 1848/5/2
f 1848/5/2 1842/5/2 1849/5/2
f 1843/4/2 1844/4/2 1850/4/2
f 1850/4/2 1844/4/2 1851/4/2
f 1839/5/2 1845/5/2 1856/5/2
f 1845/3/2 1846/3/2 1857/3/2
f 1856/5/2 1845/5/2 1857/5/2
f 1857/3/2 1846/3/2 1858/3/2
f 1847/5/2 1848/5/2 1860/5/2
f 1860/5/2 1848/5/2 1861/5/2
f 1852/5/2 1853/5/2 1862/5/2
f 1862/5/2 1853/5/2 1863/5/2
f 1854/5/2 1855/5/2 1865/5/2
f 1865/5/2 1855/5/2 1866/5/2
f 1856/5/2 1857/5/2 1867/5/2
f 1867/5/2 1857/5/2 1868/5/2
f 1859/3/2 1860/3/2 1871/3/2
f 1871/3/2 1860/3/2 1872/3/2
f 1865/3/2 1866/3/2 1873/3/2
f 1864/3/2 1865/3/2 1873/3/2
f 1866/3/2 1867/3/2 1873/3/2
f 1873/3/2 1867/3/2 1874/3/2
f 1869/5/2 1870/5/2 1875/5/2
f 1875/5/2 1870/5/2 1876/5/2
f 1877/4/2 1878/4/2 1887/4/2
f 1887/4/2 1878/4/2 1888/4/2
f 1879/5/2 1880/5/2 1889/5/2
f 1889/5/2 1880/5/2 1890/5/2
f 1881/3/2 1882/3/2 1892/3/2
f 1892/3/2 1882/3/2 1893/3/2
f 1883/3/2 1884/3/2 1894/3/2
f 1894/3/2 1884/3/2 1895/3/2
f 1885/4/2 1886/4/2 1898/4/2
f 1898/4/2 1886/4/2 1899/4/2
f 1891/3/2 1892/3/2 1900/3/2
f 1896/5/2 1897/5/2 1901/5/2
f 1901/5/2 1897/5/2 1902/5/2
f 1900/3/2 1892/3/2 1903/3/2
f 1903/3/2 1892/3/2 1904/3/2
f 1905/5/2 1906/5/2 1907/5/2
f 1907/5/2 1906/5/2 1908/5/2
f 1909/5/2 1910/5/2 1911/5/2
f 1911/5/2 1910/5/2 1912/5/2
f 1913/4/2 1914/4/2 1919/4/2
f 1919/4/2 1914/4/2 1920/4/2
f 1915/4/2 1916/4/2 1923/4/2
f 1923/4/2 1916/4/2 1924/4/2
f 1917/5/2 1918/5/2 1925/5/2
f 1925/5/2 1918/5/2 1926/5/2
f 1921/4/2 1922/4/2 1927/4/2
f 1927/4/2 1922/4/2 1928/4/2
f 1929/4/2 1930/4/2 1931/4/2
f 1932/4/2 1933/4/2 1936/4/2
f 1936/4/2 1933/4/2 1937/4/2
f 1934/5/2 1935/5/2 1943/5/2
f 1943/5/2 1935/5/2 1944/5/2
f 1931/4/2 1930/4/2 1945/4/2
f 1945/4/2 1930/4/2 1946/4/2
f 1938/5/2 1939/5/2 1949/5/2
f 1949/5/2 1939/5/2 1950/5/2
f 1940/5/2 1941/5/2 1953/5/2
f 1953/5/2 1941/5/2 1954/5/2
f 1942/5/2 1943/5/2 1955/5/2
f 1955/5/2 1943/5/2 1956/5/2
f 1945/5/2 1946/5/2 1957/5/2
f 1957/5/2 1946/5/2 1958/5/2
f 1947/4/2 1948/4/2 1960/4/2
f 1960/4/2 1948/4/2 1961/4/2
f 1951/3/2 1952/3/2 1962/3/2
f 1962/3/2 1952/3/2 1963/3/2
f 1959/4/2 1960/4/2 1964/4/2
f 1964/4/2 1960/4/2 1965/4/2
f 1968/5/2 1969/5/2 1973/5/2
f 1966/4/2 1967/4/2 1976/4/2
f 1976/4/2 1967/4/2 1977/4/2
f 1972/5/2 1973/5/2 1978/5/2
f 1973/5/2 1969/5/2 1979/5/2
f 1978/5/2 1973/5/2 1979/5/2
f 1970/3/2 1971/3/2 1980/3/2
f 1974/5/2 1975/5/2 1981/5/2
f 1979/5/2 1980/5/2 1982/5/2
f 1980/3/2 1971/3/2 1983/3/2
f 1982/5/2 1980/5/2 1983/5/2
f 1983/3/2 1971/3/2 1984/3/2
f 1974/5/2 1981/5/2 1987/5/2
f 1987/5/2 1981/5/2 1988/5/2
f 1984/5/2 1985/5/2 1993/5/2
f 1985/3/2 1986/3/2 1994/3/2
f 1993/5/2 1985/5/2 1994/5/2
f 1994/3/2 1986/3/2 1995/3/2
f 1989/4/2 1990/4/2 1996/4/2
f 1996/4/2 1990/4/2 1997/4/2
f 1991/4/2 1992/4/2 1998/4/2
f 1998/4/2 1992/4/2 1999/4/2
f 2000/5/2 2001/5/2 2006/5/2
f 2006/5/2 2001/5/2 2007/5/2
f 2002/5/2 2003/5/2 2012/5/2
f 2012/5/2 2003/5/2 2013/5/2
f 2004/4/2 2005/4/2 2017/4/2
f 2017/4/2 2005/4/2 2018/4/2
f 2008/5/2 2009/5/2 2019/5/2
f 2010/5/2 2011/5/2 2024/5/2
f 2013/5/2 2014/5/2 2025/5/2
f 2025/5/2 2014/5/2 2026/5/2
f 2015/4/2 2016/4/2 2029/4/2
f 2029/4/2 2016/4/2 2030/4/2
f 2008/5/2 2019/5/2 2031/5/2
f 2019/5/2 2020/5/2 2031/5/2
f 2031/5/2 2020/5/2 2032/5/2
f 2021/3/2 2022/3/2 2033/3/2
f 2033/3/2 2022/3/2 2034/3/2
f 2023/5/2 2024/5/2 2036/5/2
f 2024/5/2 2011/5/2 2037/5/2
f 2036/5/2 2024/5/2 2037/5/2
f 2037/5/2 2011/5/2 2038/5/2
f 2026/5/2 2027/5/2 2039/5/2
f 2039/5/2 2027/5/2 2040/5/2
f 2028/4/2 2029/4/2 2044/4/2
f 2044/4/2 2029/4/2 2045/4/2
f 2035/5/2 2036/5/2 2048/5/2
f 2036/5/2 2037/5/2 2048/5/2
f 2048/5/2 2037/5/2 2049/5/2
f 2041/5/2 2042/5/2 2050/5/2
f 2042/4/2 2043/4/2 2051/4/2
f 2050/5/2 2042/5/2 2051/5/2
f 2051/4/2 2043/4/2 2052/4/2
f 2046/4/2 2047/4/2 2053/4/2
f 2053/4/2 2047/4/2 2054/4/2
f 2050/4/2 2051/4/2 2055/4/2
f 2055/4/2 2051/4/2 2056/4/2
f 2057/6/2 2058/6/2 2063/6/2
f 2063/6/2 2058/6/2 2064/6/2
f 2059/4/2 2060/4/2 2065/4/2
f 2065/4/2 2060/4/2 2066/4/2
f 2061/5/2 2062/5/2 2069/5/2
f 2069/5/2 2062/5/2 2070/5/2
f 2067/5/2 2068/5/2 2075/5/2
f 2075/5/2 2068/5/2 2076/5/2
f 2071/4/2 2072/4/2 2086/4/2
f 2086/4/2 2072/4/2 2087/4/2
f 2073/4/2 2074/4/2 2088/4/2
f 2088/4/2 2074/4/2 2089/4/2
f 2075/3/2 2076/3/2 2090/3/2
f 2090/3/2 2076/3/2 2091/3/2
f 2077/5/2 2078/5/2 2092/5/2
f 2092/5/2 2078/5/2 2093/5/2
f 2079/5/2 2080/5/2 2094/5/2
f 2094/5/2 2080/5/2 2095/5/2
f 2081/5/2 2082/5/2 2096/5/2
f 2096/5/2 2082/5/2 2097/5/2
f 2083/5/2 2084/5/2 2100/5/2
f 2100/5/2 2084/5/2 2101/5/2
f 2085/4/2 2086/4/2 2102/4/2
f 2102/4/2 2086/4/2 2103/4/2
f 2095/5/2 2096/5/2 2108/5/2
f 2108/5/2 2096/5/2 2109/5/2
f 2098/3/2 2099/3/2 2112/3/2
f 2112/3/2 2099/3/2 2113/3/2
f 2085/4/2 2102/4/2 2114/4/2
f 2114/4/2 2102/4/2 2115/4/2
f 2104/4/2 2105/4/2 2116/4/2
f 2116/4/2 2105/4/2 2117/4/2
f 2106/4/2 2107/4/2 2118/4/2
f 2118/4/2 2107/4/2 2119/4/2
f 2110/5/2 2111/5/2 2120/5/2
f 2120/5/2 2111/5/2 2121/5/2
f 2122/5/2 2123/5/2 2128/5/2
f 2128/5/2 2123/5/2 2129/5/2
f 2124/5/2 2125/5/2 2132/5/2
f 2126/4/2 2127/4/2 2134/4/2
f 2134/4/2 2127/4/2 2135/4/2
f 2130/5/2 2131/5/2 2145/5/2
f 2145/5/2 2131/5/2 2146/5/2
f 2124/5/2 2132/5/2 2147/5/2
f 2147/5/2 2132/5/2 2148/5/2
f 2133/4/2 2134/4/2 2150/4/2
f 2150/4/2 2134/4/2 2151/4/2
f 2136/5/2 2137/5/2 2154/5/2
f 2154/5/2 2137/5/2 2155/5/2
f 2138/3/2 2139/3/2 2156/3/2
f 2156/3/2 2139/3/2 2157/3/2
f 2140/5/2 2141/5/2 2158/5/2
f 2158/5/2 2141/5/2 2159/5/2
f 2142/5/2 2143/5/2 2161/5/2
f 2161/5/2 2143/5/2 2162/5/2
f 2162/5/2 2143/5/2 2163/5/2
f 2144/3/2 2145/3/2 2164/3/2
f 2145/5/2 2146/5/2 2165/5/2
f 2164/3/2 2145/3/2 2165/3/2
f 2165/5/2 2146/5/2 2166/5/2
f 2149/4/2 2150/4/2 2167/4/2
f 2167/4/2 2150/4/2 2168/4/2
f 2152/4/2 2153/4/2 2170/4/2
f 2170/4/2 2153/4/2 2171/4/2
f 2161/5/2 2162/5/2 2172/5/2
f 2160/5/2 2161/5/2 2172/5/2
f 2172/5/2 2162/5/2 2173/5/2
f 2168/4/2 2150/4/2 2174/4/2
f 2174/4/2 2150/4/2 2175/4/2
f 2169/4/2 2170/4/2 2176/4/2
f 2176/4/2 2170/4/2 2177/4/2
f 2178/4/2 2179/4/2 2180/4/2
f 2180/4/2 2179/4/2 2181/4/2
f 2182/4/2 2183/4/2 2186/4/2
f 2186/4/2 2183/4/2 2187/4/2
f 2184/5/2 2185/5/2 2194/5/2
f 2194/5/2 2185/5/2 2195/5/2
f 2188/5/2 2189/5/2 2196/5/2
f 2196/5/2 2189/5/2 2197/5/2
f 2190/5/2 2191/5/2 2203/5/2
f 2203/5/2 2191/5/2 2204/5/2
f 2192/5/2 2193/5/2 2205/5/2
f 2205/5/2 2193/5/2 2206/5/2
f 2198/3/2 2199/3/2 2211/3/2
f 2211/3/2 2199/3/2 2212/3/2
f 2201/5/2 2202/5/2 2213/5/2
f 2200/5/2 2201/5/2 2213/5/2
f 2213/5/2 2202/5/2 2214/5/2
f 2190/5/2 2203/5/2 2215/5/2
f 2215/5/2 2203/5/2 2216/5/2
f 2207/4/2 2208/4/2 2217/4/2
f 2217/4/2 2208/4/2 2218/4/2
f 2209/4/2 2210/4/2 2219/4/2
f 2219/4/2 2210/4/2 2220/4/2
f 2223/6/2 2224/6/2 2231/6/2
f 2231/6/2 2224/6/2 2232/6/2
f 2221/4/2 2222/4/2 2233/4/2
f 2225/4/2 2226/4/2 2234/4/2
f 2229/5/2 2230/5/2 2241/5/2
f 2241/5/2 2230/5/2 2242/5/2
f 2221/4/2 2233/4/2 2243/4/2
f 2233/4/2 2234/4/2 2243/4/2
f 2243/4/2 2234/4/2 2244/4/2
f 2227/5/2 2228/5/2 2245/5/2
f 2245/5/2 2228/5/2 2246/5/2
f 2235/3/2 2236/3/2 2248/3/2
f 2248/3/2 2236/3/2 2249/3/2
f 2237/3/2 2238/3/2 2250/3/2
f 2238/3/2 2239/3/2 2250/3/2
f 2239/5/2 2240/5/2 2251/5/2
f 2250/3/2 2239/3/2 2251/3/2
f 2251/5/2 2240/5/2 2252/5/2
f 2244/4/2 2234/4/2 2253/4/2
f 2234/4/2 2226/4/2 2254/4/2
f 2253/4/2 2234/4/2 2254/4/2
f 2247/5/2 2248/5/2 2255/5/2
f 2255/5/2 2248/5/2 2256/5/2
f 2252/5/2 2240/5/2 2257/5/2
f 2257/5/2 2240/5/2 2258/5/2
f 2259/4/2 2260/4/2 2263/4/2
f 2263/4/2 2260/4/2 2264/4/2
f 2261/6/2 2262/6/2 2266/6/2
f 2266/6/2 2262/6/2 2267/6/2
f 2265/5/2 2266/5/2 2269/5/2
f 2269/5/2 2266/5/2 2270/5/2
f 2268/5/2 2269/5/2 2271/5/2
f 2271/5/2 2269/5/2 2272/5/2
f 2273/4/2 2274/4/2 2275/4/2
f 2275/4/2 2274/4/2 2276/4/2
f 2273/4/2 2275/4/2 2277/4/2
f 2277/4/2 2275/4/2 2278/4/2
f 2279/6/2 2280/6/2 2283/6/2
f 2283/6/2 2280/6/2 2284/6/2
f 2281/6/2 2282/6/2 2287/6/2
f 2287/6/2 2282/6/2 2288/6/2
f 2285/5/2 2286/5/2 2289/5/2
f 2289/5/2 2286/5/2 2290/5/2
f 2293/4/2 2294/4/2 2295/4/2
f 2295/4/2 2294/4/2 2296/4/2
f 2291/4/2 2292/4/2 2297/4/2
f 2297/4/2 2292/4/2 2298/4/2
f 2299/4/2 2300/4/2 2301/4/2
f 2301/4/2 2300/4/2 2302/4/2
f 2303/4/2 2304/4/2 2305/4/2
f 2305/4/2 2304/4/2 2306/4/2
f 2307/4/2 2308/4/2 2313/4/2
f 2313/4/2 2308/4/2 2314/4/2
f 2309/4/2 2310/4/2 2315/4/2
f 2315/4/2 2310/4/2 2316/4/2
f 2311/4/2 2312/4/2 2317/4/2
f 2317/4/2 2312/4/2 2318/4/2
f 2314/4/2 2315/4/2 2321/4/2
f 2321/4/2 2315/4/2 2322/4/2
f 2319/4/2 2320/4/2 2323/4/2
f 2323/4/2 2320/4/2 2324/4/2
f 2324/4/2 2325/4/2 2326/4/2
f 2326/4/2 2325/4/2 2327/4/2
f 2328/6/2 2329/6/2 2332/6/2
f 2332/6/2 2329/6/2 2333/6/2
f 2330/5/2 2331/5/2 2336/5/2
f 2336/5/2 2331/5/2 2337/5/2
f 2334/4/2 2335/4/2 2341/4/2
f 2341/4/2 2335/4/2 2342/4/2
f 2338/4/2 2339/4/2 2345/4/2
f 2345/4/2 2339/4/2 2346/4/2
f 2340/4/2 2341/4/2 2350/4/2
f 2350/4/2 2341/4/2 2351/4/2
f 2343/4/2 2344/4/2 2352/4/2
f 2352/4/2 2344/4/2 2353/4/2
f 2345/4/2 2346/4/2 2354/4/2
f 2346/4/2 2347/4/2 2354/4/2
f 2354/4/2 2347/4/2 2355/4/2
f 2355/4/2 2347/4/2 2356/4/2
f 2348/4/2 2349/4/2 2357/4/2
f 2357/4/2 2349/4/2 2358/4/2
f 2358/4/2 2349/4/2 2360/4/2
f 2359/4/2 2360/4/2 2361/4/2
f 2360/4/2 2349/4/2 2362/4/2
f 2361/4/2 2360/4/2 2362/4/2
f 2365/6/2 2366/6/2 2371/6/2
f 2371/6/2 2366/6/2 2372/6/2
f 2363/4/2 2364/4/2 2375/4/2
f 2375/4/2 2364/4/2 2376/4/2
f 2369/5/2 2370/5/2 2377/5/2
f 2377/5/2 2370/5/2 2378/5/2
f 2373/4/2 2374/4/2 2379/4/2
f 2379/4/2 2374/4/2 2380/4/2
f 2367/4/2 2368/4/2 2381/4/2
f 2381/4/2 2368/4/2 2382/4/2
f 2373/4/2 2379/4/2 2385/4/2
f 2385/4/2 2379/4/2 2386/4/2
f 2383/4/2 2384/4/2 2390/4/2
f 2387/4/2 2388/4/2 2393/4/2
f 2393/4/2 2388/4/2 2394/4/2
f 2389/4/2 2390/4/2 2398/4/2
f 2390/4/2 2384/4/2 2399/4/2
f 2398/4/2 2390/4/2 2399/4/2
f 2399/4/2 2384/4/2 2400/4/2
f 2391/5/2 2392/5/2 2401/5/2
f 2401/5/2 2392/5/2 2402/5/2
f 2393/2/2 2394/2/2 2403/2/2
f 2394/2/2 2395/2/2 2403/2/2
f 2396/5/2 2397/5/2 2404/5/2
f 2404/5/2 2397/5/2 2405/5/2
f 2399/4/2 2400/4/2 2406/4/2
f 2406/4/2 2400/4/2 2407/4/2
f 2403/2/2 2395/2/2 2408/2/2
f 2408/2/2 2395/2/2 2409/2/2
f 2410/4/2 2411/4/2 2414/4/2
f 2412/6/2 2413/6/2 2425/6/2
f 2425/6/2 2413/6/2 2426/6/2
f 2410/4/2 2414/4/2 2431/4/2
f 2414/4/2 2415/4/2 2431/4/2
f 2431/4/2 2415/4/2 2432/4/2
f 2419/2/2 2420/2/2 2433/2/2
f 2421/2/2 2422/2/2 2434/2/2
f 2434/2/2 2422/2/2 2435/2/2
f 2429/4/2 2430/4/2 2437/4/2
f 2437/4/2 2430/4/2 2438/4/2
f 2416/4/2 2417/4/2 2439/4/2
f 2439/4/2 2417/4/2 2440/4/2
f 2418/4/2 2419/4/2 2441/4/2
f 2435/2/2 2436/2/2 2442/2/2
f 2434/2/2 2435/2/2 2442/2/2
f 2441/4/2 2419/4/2 2442/4/2
f 2419/2/2 2433/2/2 2442/2/2
f 2433/2/2 2434/2/2 2442/2/2
f 2427/4/2 2428/4/2 2443/4/2
f 2440/4/2 2441/4/2 2445/4/2
f 2445/4/2 2441/4/2 2446/4/2
f 2442/2/2 2436/2/2 2447/2/2
f 2447/2/2 2436/2/2 2448/2/2
f 2423/4/2 2424/4/2 2450/4/2
f 2444/4/2 2445/4/2 2452/4/2
f 2452/4/2 2445/4/2 2453/4/2
f 2448/2/2 2449/2/2 2454/2/2
f 2447/2/2 2448/2/2 2454/2/2
f 2454/2/2 2449/2/2 2455/2/2
f 2450/4/2 2424/4/2 2456/4/2
f 2456/4/2 2424/4/2 2457/4/2
f 2443/4/2 2428/4/2 2458/4/2
f 2458/4/2 2428/4/2 2459/4/2
f 2452/5/2 2453/5/2 2460/5/2
f 2451/5/2 2452/5/2 2460/5/2
f 2460/5/2 2453/5/2 2461/5/2
f 2462/4/2 2463/4/2 2466/4/2
f 2466/4/2 2463/4/2 2467/4/2
f 2464/6/2 2465/6/2 2470/6/2
f 2470/6/2 2465/6/2 2471/6/2
f 2468/4/2 2469/4/2 2472/4/2
f 2472/4/2 2469/4/2 2473/4/2
f 2474/4/2 2475/4/2 2480/4/2
f 2480/4/2 2475/4/2 2481/4/2
f 2476/4/2 2477/4/2 2483/4/2
f 2483/4/2 2477/4/2 2484/4/2
f 2478/4/2 2479/4/2 2485/4/2
f 2485/4/2 2479/4/2 2486/4/2
f 2482/4/2 2483/4/2 2489/4/2
f 2489/4/2 2483/4/2 2490/4/2
f 2487/4/2 2488/4/2 2492/4/2
f 2492/4/2 2488/4/2 2493/4/2
f 2491/4/2 2492/4/2 2494/4/2
f 2494/4/2 2492/4/2 2495/4/2
f 2496/4/2 2497/4/2 2502/4/2
f 2497/6/2 2498/6/2 2503/6/2
f 2502/4/2 2497/4/2 2503/4/2
f 2503/6/2 2498/6/2 2504/6/2
f 2499/6/2 2500/6/2 2505/6/2
f 2505/6/2 2500/6/2 2506/6/2
f 2501/4/2 2502/4/2 2511/4/2
f 2502/4/2 2503/4/2 2511/4/2
f 2511/4/2 2503/4/2 2512/4/2
f 2512/4/2 2503/4/2 2513/4/2
f 2507/4/2 2508/4/2 2516/4/2
f 2516/4/2 2508/4/2 2517/4/2
f 2509/4/2 2510/4/2 2519/4/2
f 2519/4/2 2510/4/2 2520/4/2
f 2514/4/2 2515/4/2 2524/4/2
f 2524/4/2 2515/4/2 2525/4/2
f 2518/4/2 2519/4/2 2526/4/2
f 2526/4/2 2519/4/2 2527/4/2
f 2512/4/2 2513/4/2 2528/4/2
f 2521/4/2 2522/4/2 2529/4/2
f 2529/4/2 2522/4/2 2530/4/2
f 2523/4/2 2524/4/2 2531/4/2
f 2531/4/2 2524/4/2 2532/4/2
f 2512/4/2 2528/4/2 2534/4/2
f 2528/4/2 2529/4/2 2534/4/2
f 2534/4/2 2529/4/2 2535/4/2
f 2533/4/2 2534/4/2 2536/4/2
f 2536/4/2 2534/4/2 2537/4/2
f 2537/4/2 2534/4/2 2538/4/2
f 2538/4/2 2534/4/2 2539/4/2
f 2537/4/2 2538/4/2 2540/4/2
f 2540/4/2 2538/4/2 2541/4/2
f 2542/6/2 2543/6/2 2546/6/2
f 2546/6/2 2543/6/2 2547/6/2
f 2547/6/2 2543/6/2 2548/6/2
f 2544/6/2 2545/6/2 2549/6/2
f 2549/6/2 2545/6/2 2550/6/2
f 2547/4/2 2548/4/2 2555/4/2
f 2555/4/2 2548/4/2 2556/4/2
f 2551/4/2 2552/4/2 2558/4/2
f 2558/4/2 2552/4/2 2559/4/2
f 2553/4/2 2554/4/2 2561/4/2
f 2561/4/2 2554/4/2 2562/4/2
f 2557/4/2 2558/4/2 2564/4/2
f 2564/4/2 2558/4/2 2565/4/2
f 2560/4/2 2561/4/2 2566/4/2
f 2566/4/2 2561/4/2 2567/4/2
f 2567/4/2 2568/4/2 2573/4/2
f 2573/4/2 2568/4/2 2574/4/2
f 2569/4/2 2570/4/2 2577/4/2
f 2577/4/2 2570/4/2 2578/4/2
f 2571/4/2 2572/4/2 2579/4/2
f 2579/4/2 2572/4/2 2580/4/2
f 2563/4/2 2564/4/2 2582/4/2
f 2582/4/2 2564/4/2 2583/4/2
f 2575/4/2 2576/4/2 2584/4/2
f 2584/4/2 2576/4/2 2585/4/2
f 2580/4/2 2581/4/2 2586/4/2
f 2586/4/2 2581/4/2 2587/4/2
f 2587/4/2 2588/4/2 2589/4/2
f 2589/4/2 2588/4/2 2590/4/2
f 2591/6/2 2592/6/2 2595/6/2
f 2595/6/2 2592/6/2 2596/6/2
f 2593/6/2 2594/6/2 2597/6/2
f 2597/6/2 2594/6/2 2598/6/2
f 2599/4/2 2600/4/2 2603/4/2
f 2603/4/2 2600/4/2 2604/4/2
f 2601/4/2 2602/4/2 2606/4/2
f 2599/4/2 2603/4/2 2607/4/2
f 2607/4/2 2603/4/2 2608/4/2
f 2605/4/2 2606/4/2 2609/4/2
f 2609/4/2 2606/4/2 2610/4/2
f 2606/4/2 2602/4/2 2611/4/2
f 2610/4/2 2606/4/2 2611/4/2
f 2610/4/2 2611/4/2 2615/4/2
f 2611/4/2 2612/4/2 2615/4/2
f 2615/4/2 2612/4/2 2616/4/2
f 2613/4/2 2614/4/2 2617/4/2
f 2617/4/2 2614/4/2 2618/4/2
f 2599/4/2 2607/4/2 2620/4/2
f 2620/4/2 2607/4/2 2621/4/2
f 2619/4/2 2620/4/2 2622/4/2
f 2622/4/2 2620/4/2 2623/4/2
f 2624/6/2 2625/6/2 2628/6/2
f 2628/6/2 2625/6/2 2629/6/2
f 2626/6/2 2627/6/2 2630/6/2
f 2630/6/2 2627/6/2 2631/6/2
f 2631/6/2 2627/6/2 2632/6/2
f 2632/4/2 2633/4/2 2638/4/2
f 2631/4/2 2632/4/2 2638/4/2
f 2638/4/2 2633/4/2 2639/4/2
f 2634/4/2 2635/4/2 2640/4/2
f 2640/4/2 2635/4/2 2641/4/2
f 2636/4/2 2637/4/2 2642/4/2
f 2642/4/2 2637/4/2 2643/4/2
f 2639/4/2 2633/4/2 2644/4/2
f 2644/4/2 2633/4/2 2645/4/2
f 2645/4/2 2646/4/2 2651/4/2
f 2644/4/2 2645/4/2 2651/4/2
f 2651/4/2 2646/4/2 2652/4/2
f 2647/4/2 2648/4/2 2653/4/2
f 2653/4/2 2648/4/2 2654/4/2
f 2649/4/2 2650/4/2 2655/4/2
f 2655/4/2 2650/4/2 2656/4/2
f 2657/4/2 2658/4/2 2659/4/2
f 2659/4/2 2658/4/2 2660/4/2
f 2661/6/2 2662/6/2 2663/6/2
f 2663/6/2 2662/6/2 2664/6/2
f 2664/6/2 2662/6/2 2665/6/2
f 2665/6/2 2662/6/2 2666/6/2
f 2666/6/2 2662/6/2 2667/6/2
f 2667/6/2 2662/6/2 2668/6/2
f 2666/4/2 2667/4/2 2673/4/2
f 2673/4/2 2667/4/2 2674/4/2
f 2671/4/2 2672/4/2 2675/4/2
f 2675/4/2 2672/4/2 2676/4/2
f 2664/4/2 2665/4/2 2677/4/2
f 2677/4/2 2665/4/2 2678/4/2
f 2679/4/2 2680/4/2 2683/4/2
f 2683/4/2 2680/4/2 2684/4/2
f 2669/4/2 2670/4/2 2685/4/2
f 2685/4/2 2670/4/2 2686/4/2
f 2681/4/2 2682/4/2 2687/4/2
f 2687/4/2 2682/4/2 2688/4/2
f 2686/4/2 2670/4/2 2695/4/2
f 2695/4/2 2670/4/2 2696/4/2
f 2689/4/2 2690/4/2 2697/4/2
f 2691/4/2 2692/4/2 2699/4/2
f 2693/4/2 2694/4/2 2701/4/2
f 2701/4/2 2694/4/2 2702/4/2
f 2697/4/2 2698/4/2 2703/4/2
f 2689/4/2 2697/4/2 2703/4/2
f 2703/4/2 2698/4/2 2704/4/2
f 2699/4/2 2700/4/2 2705/4/2
f 2691/4/2 2699/4/2 2705/4/2
f 2705/4/2 2700/4/2 2706/4/2
f 2707/4/2 2708/4/2 2716/4/2
f 2716/4/2 2708/4/2 2717/4/2
f 2711/4/2 2712/4/2 2718/4/2
f 2718/4/2 2712/4/2 2719/4/2
f 2713/4/2 2714/4/2 2720/4/2
f 2720/4/2 2714/4/2 2721/4/2
f 2709/4/2 2710/4/2 2722/4/2
f 2722/4/2 2710/4/2 2723/4/2
f 2711/4/2 2718/4/2 2724/4/2
f 2724/4/2 2718/4/2 2725/4/2
f 2715/4/2 2716/4/2 2726/4/2
f 2726/4/2 2716/4/2 2727/4/2
f 2727/4/2 2716/4/2 2728/4/2
f 2723/4/2 2724/4/2 2731/4/2
f 2731/4/2 2724/4/2 2732/4/2
f 2728/4/2 2729/4/2 2735/4/2
f 2727/4/2 2728/4/2 2735/4/2
f 2735/4/2 2729/4/2 2736/4/2
f 2736/4/2 2729/4/2 2737/4/2
f 2730/4/2 2731/4/2 2738/4/2
f 2733/4/2 2734/4/2 2739/4/2
f 2739/4/2 2734/4/2 2740/4/2
f 2740/4/2 2734/4/2 2741/4/2
f 2737/4/2 2738/4/2 2743/4/2
f 2736/4/2 2737/4/2 2743/4/2
f 2738/4/2 2731/4/2 2744/4/2
f 2743/4/2 2738/4/2 2744/4/2
f 2741/4/2 2742/4/2 2745/4/2
f 2740/4/2 2741/4/2 2745/4/2
f 2745/4/2 2742/4/2 2746/4/2
f 2746/4/2 2747/4/2 2748/4/2
f 2748/4/2 2747/4/2 2749/4/2
f 2750/4/2 2751/4/2 2755/4/2
f 2755/4/2 2751/4/2 2756/4/2
f 2752/4/2 2753/4/2 2757/4/2
f 2757/4/2 2753/4/2 2758/4/2
f 2754/4/2 2755/4/2 2764/4/2
f 2764/4/2 2755/4/2 2765/4/2
f 2760/4/2 2761/4/2 2766/4/2
f 2766/4/2 2761/4/2 2767/4/2
f 2762/4/2 2763/4/2 2768/4/2
f 2768/4/2 2763/4/2 2769/4/2
f 2758/4/2 2759/4/2 2770/4/2
f 2765/4/2 2755/4/2 2771/4/2
f 2771/4/2 2755/4/2 2772/4/2
f 2770/4/2 2759/4/2 2773/4/2
f 2773/4/2 2759/4/2 2774/4/2
f 2774/4/2 2759/4/2 2775/4/2
f 2775/4/2 2759/4/2 2776/4/2
f 2774/4/2 2775/4/2 2777/4/2
f 2777/4/2 2775/4/2 2778/4/2
f 2781/4/2 2782/4/2 2783/4/2
f 2783/4/2 2782/4/2 2784/4/2
f 2779/4/2 2780/4/2 2785/4/2
f 2785/4/2 2780/4/2 2786/4/2
f 2789/4/3 2788/4/3 2787/4/3
f 2791/4/3 2789/4/3 2787/4/3
f 2791/4/3 2790/4/3 2789/4/3
f 2792/4/3 2790/4/3 2791/4/3
f 2793/4/3 2791/4/3 2787/4/3
f 2794/4/3 2791/4/3 2793/4/3
f 2797/4/3 2796/4/3 2795/4/3
f 2799/4/3 2797/4/3 2795/4/3
f 2799/4/3 2798/4/3 2797/4/3
f 2800/4/3 2798/4/3 2799/4/3
f 2801/4/3 2799/4/3 2795/4/3
f 2802/4/3 2799/4/3 2801/4/3
f 2806/6/3 2804/6/3 2803/6/3
f 2807/4/3 2805/4/3 2804/4/3
f 2807/6/3 2804/6/3 2806/6/3
f 2808/4/3 2805/4/3 2807/4/3
f 2809/4/3 2805/4/3 2808/4/3
f 2810/4/3 2805/4/3 2809/4/3
f 2812/4/3 2810/4/3 2809/4/3
f 2812/4/3 2811/4/3 2810/4/3
f 2813/4/3 2811/4/3 2812/4/3
f 2815/4/3 2812/4/3 2809/4/3
f 2817/4/3 2815/4/3 2814/4/3
f 2818/4/3 2817/4/3 2816/4/3
f 2819/4/3 2812/4/3 2815/4/3
f 2819/4/3 2817/4/3 2818/4/3
f 2819/4/3 2815/4/3 2817/4/3
f 2822/4/3 2821/4/3 2820/4/3
f 2823/4/3 2821/4/3 2822/4/3
f 2825/4/3 2824/4/3 2823/4/3
f 2826/4/3 2824/4/3 2825/4/3
f 2828/4/3 2827/4/3 2826/4/3
f 2829/4/3 2827/4/3 2828/4/3
f 2832/4/3 2831/4/3 2830/4/3
f 2836/4/3 2833/4/3 2832/4/3
f 2839/4/3 2832/4/3 2830/4/3
f 2839/4/3 2837/4/3 2836/4/3
f 2839/4/3 2836/4/3 2832/4/3
f 2840/4/3 2837/4/3 2839/4/3
f 2841/4/3 2837/4/3 2840/4/3
f 2842/6/3 2835/6/3 2834/6/3
f 2843/4/3 2839/4/3 2838/4/3
f 2843/4/3 2840/4/3 2839/4/3
f 2844/6/3 2842/6/3 2834/6/3
f 2845/4/3 2843/4/3 2842/4/3
f 2845/6/3 2842/6/3 2844/6/3
f 2846/4/3 2840/4/3 2843/4/3
f 2846/4/3 2843/4/3 2845/4/3
f 2847/4/3 2840/4/3 2846/4/3
f 2850/4/3 2849/4/3 2848/4/3
f 2852/4/3 2850/4/3 2848/4/3
f 2852/4/3 2851/4/3 2850/4/3
f 2853/4/3 2851/4/3 2852/4/3
f 2854/4/3 2851/4/3 2853/4/3
f 2857/4/3 2855/4/3 2854/4/3
f 2857/4/3 2854/4/3 2853/4/3
f 2858/4/3 2855/4/3 2857/4/3
f 2858/4/3 2857/4/3 2856/4/3
f 2859/4/3 2855/4/3 2858/4/3
f 2860/4/3 2858/4/3 2856/4/3
f 2861/4/3 2858/4/3 2860/4/3
f 2864/4/3 2860/4/3 2856/4/3
f 2865/4/3 2860/4/3 2864/4/3
f 2866/4/3 2863/4/3 2862/4/3
f 2867/4/3 2863/4/3 2866/4/3
f 2868/4/3 2863/4/3 2867/4/3
f 2871/4/3 2870/4/3 2869/4/3
f 2872/4/3 2870/4/3 2871/4/3
f 2873/4/3 2870/4/3 2872/4/3
f 2877/4/3 2875/4/3 2874/4/3
f 2878/4/3 2875/4/3 2877/4/3
f 2879/4/3 2877/4/3 2876/4/3
f 2880/4/3 2877/4/3 2879/4/3
f 2882/4/3 2881/4/3 2880/4/3
f 2883/4/3 2881/4/3 2882/4/3
f 2886/4/3 2885/4/3 2884/4/3
f 2887/4/3 2885/4/3 2886/4/3
f 2893/4/3 2888/4/3 2887/4/3
f 2894/4/3 2888/4/3 2893/4/3
f 2895/4/3 2890/4/3 2889/4/3
f 2896/6/3 2892/6/3 2891/6/3
f 2897/6/3 2892/6/3 2896/6/3
f 2898/4/3 2890/4/3 2895/4/3
f 2899/4/3 2890/4/3 2898/4/3
f 2902/4/3 2901/4/3 2900/4/3
f 2903/4/3 2901/4/3 2902/4/3
f 2906/4/3 2905/4/3 2904/4/3
f 2907/4/3 2905/4/3 2906/4/3
f 2912/6/3 2909/6/3 2908/6/3
f 2913/6/3 2909/6/3 2912/6/3
f 2914/4/3 2911/4/3 2910/4/3
f 2915/4/3 2911/4/3 2914/4/3
f 2918/4/3 2917/4/3 2916/4/3
f 2919/4/3 2917/4/3 2918/4/3
f 2922/4/3 2921/4/3 2920/4/3
f 2926/4/3 2922/4/3 2920/4/3
f 2926/4/3 2923/4/3 2922/4/3
f 2927/4/3 2923/4/3 2926/4/3
f 2928/4/3 2925/4/3 2924/4/3
f 2929/4/3 2925/4/3 2928/4/3
f 2930/4/3 2926/4/3 2920/4/3
f 2931/4/3 2926/4/3 2930/4/3
f 2932/4/3 2930/4/3 2929/4/3
f 2933/4/3 2930/4/3 2932/4/3
f 2936/4/3 2935/4/3 2934/4/3
f 2938/4/3 2936/4/3 2934/4/3
f 2938/4/3 2937/4/3 2936/4/3
f 2939/4/3 2937/4/3 2938/4/3
f 2944/4/3 2941/4/3 2940/4/3
f 2945/4/3 2941/4/3 2944/4/3
f 2947/4/3 2946/4/3 2945/4/3
f 2948/6/3 2943/6/3 2942/6/3
f 2949/6/3 2943/6/3 2948/6/3
f 2950/4/3 2947/4/3 2945/4/3
f 2951/4/3 2947/4/3 2950/4/3
f 2954/4/3 2953/4/3 2952/4/3
f 2955/4/3 2953/4/3 2954/4/3
f 2960/6/3 2959/6/3 2958/6/3
f 2962/4/3 2957/4/3 2956/4/3
f 2963/4/3 2957/4/3 2962/4/3
f 2964/6/3 2960/6/3 2958/6/3
f 2965/4/3 2961/4/3 2960/4/3
f 2965/6/3 2960/6/3 2964/6/3
f 2967/4/3 2957/4/3 2963/4/3
f 2968/4/3 2957/4/3 2967/4/3
f 2970/4/3 2965/4/3 2964/4/3
f 2971/4/3 2961/4/3 2965/4/3
f 2971/4/3 2965/4/3 2970/4/3
f 2972/4/3 2969/4/3 2968/4/3
f 2972/4/3 2967/4/3 2966/4/3
f 2972/4/3 2968/4/3 2967/4/3
f 2973/4/3 2969/4/3 2972/4/3
f 2974/4/3 2969/4/3 2973/4/3
f 2975/4/3 2969/4/3 2974/4/3
f 2978/4/3 2977/4/3 2976/4/3
f 2979/4/3 2977/4/3 2978/4/3
f 2982/4/3 2981/4/3 2980/4/3
f 2983/4/3 2981/4/3 2982/4/3
f 2985/4/3 2984/4/3 2983/4/3
f 2986/4/3 2984/4/3 2985/4/3
f 2989/4/3 2988/4/3 2987/4/3
f 2990/4/3 2988/4/3 2989/4/3
f 2991/4/3 2988/4/3 2990/4/3
f 2994/6/3 2993/6/3 2992/6/3
f 2995/6/3 2993/6/3 2994/6/3
f 2998/4/3 2997/4/3 2996/4/3
f 2999/4/3 2997/4/3 2998/4/3
f 3002/4/3 3001/4/3 3000/4/3
f 3003/4/3 3001/4/3 3002/4/3
f 3006/4/3 3005/4/3 3004/4/3
f 3007/4/3 3005/4/3 3006/4/3
f 3010/4/3 3009/4/3 3008/4/3
f 3011/4/3 3009/4/3 3010/4/3
f 3015/4/3 3014/4/3 3013/4/3
f 3016/4/3 3014/4/3 3015/4/3
f 3017/4/3 3012/4/3 3011/4/3
f 3018/4/3 3012/4/3 3017/4/3
f 3021/4/3 3020/4/3 3019/4/3
f 3022/4/3 3020/4/3 3021/4/3
f 3025/4/3 3024/4/3 3023/4/3
f 3026/4/3 3024/4/3 3025/4/3
f 3031/6/3 3028/6/3 3027/6/3
f 3032/6/3 3028/6/3 3031/6/3
f 3033/4/3 3030/4/3 3029/4/3
f 3034/4/3 3030/4/3 3033/4/3
f 3037/4/3 3036/4/3 3035/4/3
f 3038/4/3 3036/4/3 3037/4/3
f 3041/4/3 3040/4/3 3039/4/3
f 3042/4/3 3040/4/3 3041/4/3
f 3044/4/3 3043/4/3 3042/4/3
f 3045/4/3 3043/4/3 3044/4/3
f 3048/4/3 3047/4/3 3046/4/3
f 3049/4/3 3047/4/3 3048/4/3
f 3052/4/3 3051/4/3 3050/4/3
f 3053/4/3 3051/4/3 3052/4/3
f 3057/4/3 3055/4/3 3054/4/3
f 3058/4/3 3055/4/3 3057/4/3
f 3058/4/3 3057/4/3 3056/4/3
f 3062/6/3 3061/6/3 3060/6/3
f 3063/6/3 3061/6/3 3062/6/3
f 3064/4/3 3058/4/3 3056/4/3
f 3064/4/3 3059/4/3 3058/4/3
f 3065/4/3 3059/4/3 3064/4/3
f 3068/4/3 3067/4/3 3066/4/3
f 3069/4/3 3067/4/3 3068/4/3
f 3073/4/3 3071/4/3 3070/4/3
f 3074/4/3 3071/4/3 3073/4/3
f 3075/4/3 3073/4/3 3072/4/3
f 3076/4/3 3073/4/3 3075/4/3
f 3079/4/3 3078/4/3 3077/4/3
f 3080/4/3 3078/4/3 3079/4/3
f 3082/4/3 3081/4/3 3080/4/3
f 3083/4/3 3081/4/3 3082/4/3
f 3088/4/3 3085/4/3 3084/4/3
f 3089/4/3 3085/4/3 3088/4/3
f 3090/6/3 3087/6/3 3086/6/3
f 3091/6/3 3087/6/3 3090/6/3
f 3094/4/3 3093/4/3 3092/4/3
f 3095/4/3 3093/4/3 3094/4/3
f 3096/4/3 3094/4/3 3092/4/3
f 3097/4/3 3094/4/3 3096/4/3
f 3100/4/3 3099/4/3 3098/4/3
f 3102/4/3 3100/4/3 3098/4/3
f 3102/4/3 3101/4/3 3100/4/3
f 3103/4/3 3101/4/3 3102/4/3
f 3104/4/3 3102/4/3 3098/4/3
f 3105/4/3 3102/4/3 3104/4/3
f 3106/4/3 3104/4/3 3098/4/3
f 3107/4/3 3104/4/3 3106/4/3
f 3112/4/3 3109/4/3 3108/4/3
f 3113/4/3 3109/4/3 3112/4/3
f 3114/6/3 3111/6/3 3110/6/3
f 3115/6/3 3111/6/3 3114/6/3
f 3118/4/3 3117/4/3 3116/4/3
f 3119/4/3 3117/4/3 3118/4/3
f 3122/4/3 3121/4/3 3120/4/3
f 3123/4/3 3121/4/3 3122/4/3
f 3125/4/3 3124/4/3 3123/4/3
f 3126/4/3 3124/4/3 3125/4/3
f 3129/5/3 3128/5/3 3127/5/3
f 3130/5/3 3128/5/3 3129/5/3
f 3133/6/3 3132/6/3 3131/6/3
f 3134/6/3 3132/6/3 3133/6/3
f 3138/4/3 3136/4/3 3135/4/3
f 3140/4/3 3138/4/3 3137/4/3
f 3141/4/3 3136/4/3 3138/4/3
f 3141/4/3 3138/4/3 3140/4/3
f 3142/4/3 3136/4/3 3141/4/3
f 3143/4/3 3140/4/3 3139/4/3
f 3143/4/3 3141/4/3 3140/4/3
f 3144/4/3 3141/4/3 3143/4/3
f 3147/4/3 3146/4/3 3145/4/3
f 3148/4/3 3146/4/3 3147/4/3
f 3149/4/3 3146/4/3 3148/4/3
f 3150/4/3 3146/4/3 3149/4/3
f 3152/4/3 3151/4/3 3150/4/3
f 3153/4/3 3151/4/3 3152/4/3
f 3156/4/3 3155/4/3 3154/4/3
f 3157/4/3 3155/4/3 3156/4/3
f 3160/4/3 3159/4/3 3158/4/3
f 3161/4/3 3159/4/3 3160/4/3
f 3164/5/3 3163/5/3 3162/5/3
f 3165/5/3 3163/5/3 3164/5/3
f 3171/4/3 3167/4/3 3166/4/3
f 3172/4/3 3167/4/3 3171/4/3
f 3173/4/3 3170/4/3 3169/4/3
f 3173/4/3 3169/4/3 3168/4/3
f 3174/4/3 3170/4/3 3173/4/3
f 3176/4/3 3175/4/3 3174/4/3
f 3177/4/3 3175/4/3 3176/4/3
f 3180/4/3 3179/4/3 3178/4/3
f 3181/4/3 3179/4/3 3180/4/3
f 3184/6/3 3183/6/3 3182/6/3
f 3185/6/3 3183/6/3 3184/6/3
f 3188/5/3 3187/5/3 3186/5/3
f 3189/5/3 3187/5/3 3188/5/3
f 3193/5/3 3191/5/3 3190/5/3
f 3194/5/3 3191/5/3 3193/5/3
f 3194/5/3 3193/5/3 3192/5/3
f 3195/5/3 3191/5/3 3194/5/3
f 3196/5/3 3194/5/3 3192/5/3
f 3197/5/3 3194/5/3 3196/5/3
f 3200/2/3 3199/2/3 3198/2/3
f 3201/2/3 3199/2/3 3200/2/3
f 3202/2/3 3199/2/3 3201/2/3
f 3203/2/3 3201/2/3 3200/2/3
f 3203/1/3 3202/1/3 3201/1/3
f 3204/2/3 3199/2/3 3202/2/3
f 3204/1/3 3202/1/3 3203/1/3
f 3205/2/3 3203/2/3 3200/2/3
f 3205/2/3 3204/2/3 3203/2/3
f 3206/2/3 3204/2/3 3205/2/3
f 3207/2/3 3199/2/3 3204/2/3
f 3207/2/3 3204/2/3 3206/2/3
f 3213/6/3 3209/6/3 3208/6/3
f 3214/4/3 3210/4/3 3209/4/3
f 3214/6/3 3209/6/3 3213/6/3
f 3216/4/3 3212/4/3 3211/4/3
f 3217/4/3 3216/4/3 3215/4/3
f 3218/4/3 3212/4/3 3216/4/3
f 3218/4/3 3216/4/3 3217/4/3
f 3219/4/3 3210/4/3 3214/4/3
f 3220/4/3 3210/4/3 3219/4/3
f 3222/4/3 3221/4/3 3220/4/3
f 3223/4/3 3221/4/3 3222/4/3
f 3226/4/3 3225/4/3 3224/4/3
f 3227/4/3 3225/4/3 3226/4/3
f 3230/5/3 3229/5/3 3228/5/3
f 3232/5/3 3230/5/3 3228/5/3
f 3232/5/3 3231/5/3 3230/5/3
f 3233/5/3 3231/5/3 3232/5/3
f 3237/5/3 3235/5/3 3234/5/3
f 3239/5/3 3237/5/3 3236/5/3
f 3240/5/3 3235/5/3 3237/5/3
f 3240/5/3 3237/5/3 3239/5/3
f 3241/5/3 3235/5/3 3240/5/3
f 3242/5/3 3239/5/3 3238/5/3
f 3242/5/3 3240/5/3 3239/5/3
f 3243/5/3 3240/5/3 3242/5/3
f 3246/4/3 3245/4/3 3244/4/3
f 3247/4/3 3245/4/3 3246/4/3
f 3249/4/3 3248/4/3 3247/4/3
f 3250/4/3 3248/4/3 3249/4/3
f 3253/4/3 3252/4/3 3251/4/3
f 3254/4/3 3252/4/3 3253/4/3
f 3257/4/3 3256/4/3 3255/4/3
f 3258/4/3 3256/4/3 3257/4/3
f 3261/6/3 3260/6/3 3259/6/3
f 3262/6/3 3260/6/3 3261/6/3
f 3265/5/3 3264/5/3 3263/5/3
f 3267/5/3 3266/5/3 3265/5/3
f 3269/5/3 3265/5/3 3263/5/3
f 3269/5/3 3268/5/3 3267/5/3
f 3269/5/3 3267/5/3 3265/5/3
f 3270/5/3 3268/5/3 3269/5/3
f 3271/5/3 3268/5/3 3270/5/3
f 3272/5/3 3268/5/3 3271/5/3
f 3273/5/3 3268/5/3 3272/5/3
f 3274/5/3 3268/5/3 3273/5/3
f 3277/5/3 3276/5/3 3275/5/3
f 3278/5/3 3276/5/3 3277/5/3
f 3280/5/3 3277/5/3 3275/5/3
f 3281/2/3 3278/2/3 3277/2/3
f 3281/5/3 3277/5/3 3280/5/3
f 3281/2/3 3279/2/3 3278/2/3
f 3282/2/3 3279/2/3 3281/2/3
f 3283/2/3 3279/2/3 3282/2/3
f 3284/2/3 3283/2/3 3282/2/3
f 3285/2/3 3283/2/3 3284/2/3
f 3288/2/3 3287/2/3 3286/2/3
f 3289/2/3 3287/2/3 3288/2/3
f 3292/6/3 3291/6/3 3290/6/3
f 3293/6/3 3291/6/3 3292/6/3
f 3296/4/3 3295/4/3 3294/4/3
f 3297/4/3 3295/4/3 3296/4/3
f 3300/4/3 3299/4/3 3298/4/3
f 3301/4/3 3299/4/3 3300/4/3
f 3304/5/3 3303/5/3 3302/5/3
f 3305/5/3 3303/5/3 3304/5/3
f 3307/5/3 3306/5/3 3305/5/3
f 3308/5/3 3306/5/3 3307/5/3
f 3311/5/3 3310/5/3 3309/5/3
f 3312/5/3 3310/5/3 3311/5/3
f 3315/5/3 3314/5/3 3313/5/3
f 3316/5/3 3314/5/3 3315/5/3
f 3320/5/3 3318/5/3 3317/5/3
f 3320/3/3 3319/3/3 3318/3/3
f 3321/3/3 3319/3/3 3320/3/3
f 3322/5/3 3320/5/3 3317/5/3
f 3323/5/3 3320/5/3 3322/5/3
f 3326/4/3 3325/4/3 3324/4/3
f 3327/4/3 3325/4/3 3326/4/3
f 3330/4/3 3329/4/3 3328/4/3
f 3331/4/3 3329/4/3 3330/4/3
f 3334/4/3 3333/4/3 3332/4/3
f 3335/4/3 3333/4/3 3334/4/3
f 3337/4/3 3336/4/3 3335/4/3
f 3338/4/3 3336/4/3 3337/4/3
f 3341/4/3 3340/4/3 3339/4/3
f 3342/4/3 3340/4/3 3341/4/3
f 3344/4/3 3343/4/3 3342/4/3
f 3345/4/3 3343/4/3 3344/4/3
f 3347/4/3 3346/4/3 3345/4/3
f 3349/4/3 3347/4/3 3345/4/3
f 3349/4/3 3348/4/3 3347/4/3
f 3350/4/3 3348/4/3 3349/4/3
f 3352/4/3 3348/4/3 3350/4/3
f 3353/4/3 3348/4/3 3352/4/3
f 3355/4/3 3352/4/3 3351/4/3
f 3357/4/3 3355/4/3 3354/4/3
f 3358/4/3 3352/4/3 3355/4/3
f 3358/4/3 3355/4/3 3357/4/3
f 3360/4/3 3357/4/3 3356/4/3
f 3360/4/3 3359/4/3 3358/4/3
f 3360/4/3 3358/4/3 3357/4/3
f 3361/4/3 3359/4/3 3360/4/3
f 3362/4/3 3359/4/3 3361/4/3
f 3365/5/3 3364/5/3 3363/5/3
f 3366/5/3 3364/5/3 3365/5/3
f 3369/5/3 3368/5/3 3367/5/3
f 3370/5/3 3368/5/3 3369/5/3
f 3374/5/3 3372/5/3 3371/5/3
f 3374/5/3 3373/5/3 3372/5/3
f 3375/5/3 3373/5/3 3374/5/3
f 3376/5/3 3373/5/3 3375/5/3
f 3377/3/3 3376/3/3 3375/3/3
f 3378/3/3 3376/3/3 3377/3/3
f 3379/5/3 3378/5/3 3377/5/3
f 3380/5/3 3378/5/3 3379/5/3
f 3384/5/3 3382/5/3 3381/5/3
f 3385/5/3 3382/5/3 3384/5/3
f 3386/5/3 3384/5/3 3383/5/3
f 3387/5/3 3384/5/3 3386/5/3
f 3391/5/3 3389/5/3 3388/5/3
f 3392/5/3 3389/5/3 3391/5/3
f 3392/5/3 3391/5/3 3390/5/3
f 3393/5/3 3389/5/3 3392/5/3
f 3394/5/3 3392/5/3 3390/5/3
f 3395/5/3 3392/5/3 3394/5/3
f 3398/4/3 3397/4/3 3396/4/3
f 3399/4/3 3397/4/3 3398/4/3
f 3402/4/3 3401/4/3 3400/4/3
f 3403/4/3 3401/4/3 3402/4/3
f 3406/6/3 3405/6/3 3404/6/3
f 3407/6/3 3405/6/3 3406/6/3
f 3411/4/3 3409/4/3 3408/4/3
f 3412/4/3 3409/4/3 3411/4/3
f 3413/4/3 3411/4/3 3410/4/3
f 3414/4/3 3411/4/3 3413/4/3
f 3417/5/3 3416/5/3 3415/5/3
f 3418/5/3 3416/5/3 3417/5/3
f 3421/5/3 3420/5/3 3419/5/3
f 3422/5/3 3420/5/3 3421/5/3
f 3425/5/3 3423/5/3 3422/5/3
f 3426/3/3 3424/3/3 3423/3/3
f 3426/5/3 3423/5/3 3425/5/3
f 3427/3/3 3424/3/3 3426/3/3
f 3429/5/3 3428/5/3 3427/5/3
f 3430/5/3 3428/5/3 3429/5/3
f 3432/3/3 3431/3/3 3430/3/3
f 3433/3/3 3431/3/3 3432/3/3
f 3437/5/3 3435/5/3 3434/5/3
f 3438/5/3 3435/5/3 3437/5/3
f 3438/5/3 3437/5/3 3436/5/3
f 3439/5/3 3435/5/3 3438/5/3
f 3440/5/3 3438/5/3 3436/5/3
f 3441/5/3 3438/5/3 3440/5/3
f 3444/5/3 3443/5/3 3442/5/3
f 3445/5/3 3443/5/3 3444/5/3
f 3448/6/3 3447/6/3 3446/6/3
f 3449/6/3 3447/6/3 3448/6/3
f 3452/4/3 3451/4/3 3450/4/3
f 3453/4/3 3451/4/3 3452/4/3
f 3456/5/3 3455/5/3 3454/5/3
f 3457/5/3 3455/5/3 3456/5/3
f 3460/3/3 3459/3/3 3458/3/3
f 3461/3/3 3459/3/3 3460/3/3
f 3464/3/3 3463/3/3 3462/3/3
f 3465/3/3 3463/3/3 3464/3/3
f 3468/3/3 3467/3/3 3466/3/3
f 3469/3/3 3467/3/3 3468/3/3
f 3471/5/3 3469/5/3 3468/5/3
f 3472/5/3 3469/5/3 3471/5/3
f 3473/5/3 3471/5/3 3470/5/3
f 3474/5/3 3471/5/3 3473/5/3
f 3475/5/3 3471/5/3 3474/5/3
f 3478/4/3 3477/4/3 3476/4/3
f 3479/4/3 3477/4/3 3478/4/3
f 3480/4/3 3477/4/3 3479/4/3
f 3483/5/3 3482/5/3 3481/5/3
f 3484/5/3 3482/5/3 3483/5/3
f 3487/3/3 3486/3/3 3485/3/3
f 3488/3/3 3486/3/3 3487/3/3
f 3491/4/3 3490/4/3 3489/4/3
f 3492/4/3 3490/4/3 3491/4/3
f 3494/4/3 3493/4/3 3492/4/3
f 3495/4/3 3493/4/3 3494/4/3
f 3498/4/3 3497/4/3 3496/4/3
f 3499/4/3 3497/4/3 3498/4/3
f 3502/4/3 3501/4/3 3500/4/3
f 3503/4/3 3501/4/3 3502/4/3
f 3507/5/3 3505/5/3 3504/5/3
f 3507/5/3 3506/5/3 3505/5/3
f 3508/5/3 3506/5/3 3507/5/3
f 3509/5/3 3506/5/3 3508/5/3
f 3510/5/3 3506/5/3 3509/5/3
f 3511/5/3 3506/5/3 3510/5/3
f 3512/5/3 3506/5/3 3511/5/3
f 3516/5/3 3514/5/3 3513/5/3
f 3516/5/3 3515/5/3 3514/5/3
f 3517/5/3 3515/5/3 3516/5/3
f 3518/5/3 3515/5/3 3517/5/3
f 3521/5/3 3520/5/3 3519/5/3
f 3522/5/3 3520/5/3 3521/5/3
f 3523/5/3 3520/5/3 3522/5/3
f 3524/5/3 3520/5/3 3523/5/3
f 3528/5/3 3526/5/3 3525/5/3
f 3529/5/3 3526/5/3 3528/5/3
f 3530/5/3 3528/5/3 3527/5/3
f 3531/5/3 3528/5/3 3530/5/3
f 3534/5/3 3533/5/3 3532/5/3
f 3535/5/3 3533/5/3 3534/5/3
f 3538/4/3 3537/4/3 3536/4/3
f 3539/4/3 3537/4/3 3538/4/3
f 3542/4/3 3541/4/3 3540/4/3
f 3543/4/3 3541/4/3 3542/4/3
f 3546/4/3 3542/4/3 3540/4/3
f 3547/4/3 3542/4/3 3546/4/3
f 3548/4/3 3545/4/3 3544/4/3
f 3550/4/3 3548/4/3 3544/4/3
f 3550/4/3 3549/4/3 3548/4/3
f 3551/4/3 3549/4/3 3550/4/3
f 3554/3/3 3553/3/3 3552/3/3
f 3555/3/3 3553/3/3 3554/3/3
f 3558/5/3 3557/5/3 3556/5/3
f 3559/5/3 3557/5/3 3558/5/3
f 3562/4/3 3561/4/3 3560/4/3
f 3563/4/3 3561/4/3 3562/4/3
f 3565/4/3 3564/4/3 3563/4/3
f 3567/4/3 3565/4/3 3563/4/3
f 3567/4/3 3566/4/3 3565/4/3
f 3568/4/3 3566/4/3 3567/4/3
f 3572/4/3 3570/4/3 3569/4/3
f 3573/4/3 3572/4/3 3571/4/3
f 3574/4/3 3570/4/3 3572/4/3
f 3574/4/3 3572/4/3 3573/4/3
f 3577/3/3 3576/3/3 3575/3/3
f 3578/3/3 3576/3/3 3577/3/3
f 3581/5/3 3580/5/3 3579/5/3
f 3583/5/3 3581/5/3 3579/5/3
f 3583/5/3 3582/5/3 3581/5/3
f 3584/5/3 3582/5/3 3583/5/3
f 3585/5/3 3582/5/3 3584/5/3
f 3586/3/3 3585/3/3 3584/3/3
f 3587/3/3 3585/3/3 3586/3/3
f 3589/5/3 3587/5/3 3586/5/3
f 3591/5/3 3589/5/3 3588/5/3
f 3592/5/3 3587/5/3 3589/5/3
f 3592/5/3 3589/5/3 3591/5/3
f 3593/5/3 3587/5/3 3592/5/3
f 3594/5/3 3591/5/3 3590/5/3
f 3594/5/3 3592/5/3 3591/5/3
f 3595/5/3 3592/5/3 3594/5/3
f 3596/5/3 3592/5/3 3595/5/3
f 3601/4/3 3600/4/3 3599/4/3
f 3602/4/3 3600/4/3 3601/4/3
f 3603/4/3 3598/4/3 3597/4/3
f 3604/4/3 3598/4/3 3603/4/3
f 3607/4/3 3606/4/3 3605/4/3
f 3609/4/3 3606/4/3 3607/4/3
f 3610/4/3 3606/4/3 3609/4/3
f 3610/4/3 3609/4/3 3608/4/3
f 3611/4/3 3606/4/3 3610/4/3
f 3612/4/3 3610/4/3 3608/4/3
f 3613/4/3 3610/4/3 3612/4/3
f 3616/5/3 3615/5/3 3614/5/3
f 3617/5/3 3615/5/3 3616/5/3
f 3620/3/3 3619/3/3 3618/3/3
f 3621/3/3 3619/3/3 3620/3/3
f 3624/5/3 3623/5/3 3622/5/3
f 3625/5/3 3623/5/3 3624/5/3
f 3626/5/3 3623/5/3 3625/5/3
f 3629/5/3 3628/5/3 3627/5/3
f 3630/5/3 3628/5/3 3629/5/3
f 3633/4/3 3632/4/3 3631/4/3
f 3634/4/3 3632/4/3 3633/4/3
f 3637/4/3 3636/4/3 3635/4/3
f 3638/4/3 3636/4/3 3637/4/3
f 3641/4/3 3640/4/3 3639/4/3
f 3642/4/3 3640/4/3 3641/4/3
f 3647/4/3 3644/4/3 3643/4/3
f 3648/4/3 3644/4/3 3647/4/3
f 3649/4/3 3646/4/3 3645/4/3
f 3650/4/3 3646/4/3 3649/4/3
f 3653/5/3 3652/5/3 3651/5/3
f 3654/5/3 3652/5/3 3653/5/3
f 3657/5/3 3656/5/3 3655/5/3
f 3658/5/3 3656/5/3 3657/5/3
f 3663/5/3 3660/5/3 3659/5/3
f 3664/5/3 3662/5/3 3661/5/3
f 3664/5/3 3663/5/3 3662/5/3
f 3665/5/3 3660/5/3 3663/5/3
f 3665/5/3 3663/5/3 3664/5/3
f 3668/4/3 3667/4/3 3666/4/3
f 3669/4/3 3667/4/3 3668/4/3
f 3673/4/3 3671/4/3 3670/4/3
f 3674/4/3 3671/4/3 3673/4/3
f 3675/4/3 3673/4/3 3672/4/3
f 3676/4/3 3673/4/3 3675/4/3
f 3679/4/3 3678/4/3 3677/4/3
f 3680/4/3 3678/4/3 3679/4/3
f 3683/5/3 3682/5/3 3681/5/3
f 3684/5/3 3682/5/3 3683/5/3
f 3688/3/3 3686/3/3 3685/3/3
f 3689/5/3 3687/5/3 3686/5/3
f 3689/3/3 3686/3/3 3688/3/3
f 3690/5/3 3689/5/3 3688/5/3
f 3691/5/3 3687/5/3 3689/5/3
f 3691/5/3 3689/5/3 3690/5/3
f 3692/5/3 3687/5/3 3691/5/3
f 3693/5/3 3687/5/3 3692/5/3
f 3696/5/3 3695/5/3 3694/5/3
f 3697/5/3 3695/5/3 3696/5/3
f 3700/4/3 3699/4/3 3698/4/3
f 3701/4/3 3699/4/3 3700/4/3
f 3706/4/3 3703/4/3 3702/4/3
f 3707/4/3 3703/4/3 3706/4/3
f 3708/4/3 3705/4/3 3704/4/3
f 3709/4/3 3705/4/3 3708/4/3
f 3711/4/3 3710/4/3 3709/4/3
f 3712/4/3 3710/4/3 3711/4/3
f 3715/4/3 3714/4/3 3713/4/3
f 3716/4/3 3714/4/3 3715/4/3
f 3719/4/3 3718/4/3 3717/4/3
f 3720/4/3 3718/4/3 3719/4/3
f 3721/4/3 3719/4/3 3717/4/3
f 3722/4/3 3719/4/3 3721/4/3
f 3725/5/3 3724/5/3 3723/5/3
f 3726/5/3 3724/5/3 3725/5/3
f 3729/5/3 3728/5/3 3727/5/3
f 3730/5/3 3728/5/3 3729/5/3
f 3733/5/3 3732/5/3 3731/5/3
f 3734/5/3 3732/5/3 3733/5/3
f 3737/5/3 3736/5/3 3735/5/3
f 3738/5/3 3736/5/3 3737/5/3
f 3741/4/3 3740/4/3 3739/4/3
f 3742/4/3 3740/4/3 3741/4/3
f 3745/4/3 3744/4/3 3743/4/3
f 3746/4/3 3744/4/3 3745/4/3
f 3749/5/3 3748/5/3 3747/5/3
f 3750/5/3 3748/5/3 3749/5/3
f 3753/5/3 3752/5/3 3751/5/3
f 3754/5/3 3752/5/3 3753/5/3
f 3757/5/3 3756/5/3 3755/5/3
f 3758/5/3 3756/5/3 3757/5/3
f 3759/3/3 3758/3/3 3757/3/3
f 3760/3/3 3758/3/3 3759/3/3
f 3764/4/3 3762/4/3 3761/4/3
f 3764/4/3 3763/4/3 3762/4/3
f 3765/4/3 3763/4/3 3764/4/3
f 3766/4/3 3763/4/3 3765/4/3
f 3769/5/3 3768/5/3 3767/5/3
f 3770/5/3 3768/5/3 3769/5/3
f 3774/5/3 3772/5/3 3771/5/3
f 3775/5/3 3774/5/3 3773/5/3
f 3776/5/3 3772/5/3 3774/5/3
f 3776/5/3 3774/5/3 3775/5/3
f 3779/3/3 3778/3/3 3777/3/3
f 3780/3/3 3778/3/3 3779/3/3
f 3783/3/3 3782/3/3 3781/3/3
f 3784/3/3 3782/3/3 3783/3/3
f 3787/5/3 3786/5/3 3785/5/3
f 3789/5/3 3787/5/3 3785/5/3
f 3789/5/3 3788/5/3 3787/5/3
f 3790/5/3 3788/5/3 3789/5/3
f 3793/4/3 3790/4/3 3789/4/3
f 3794/4/3 3793/4/3 3792/4/3
f 3795/5/3 3791/5/3 3790/5/3
f 3795/4/3 3793/4/3 3794/4/3
f 3795/4/3 3790/4/3 3793/4/3
f 3796/5/3 3791/5/3 3795/5/3
f 3799/4/3 3798/4/3 3797/4/3
f 3800/4/3 3798/4/3 3799/4/3
f 3801/4/3 3798/4/3 3800/4/3
f 3802/4/3 3798/4/3 3801/4/3
f 3805/4/3 3804/4/3 3803/4/3
f 3806/4/3 3804/4/3 3805/4/3
f 3809/5/3 3808/5/3 3807/5/3
f 3810/5/3 3808/5/3 3809/5/3
f 3813/5/3 3812/5/3 3811/5/3
f 3814/5/3 3812/5/3 3813/5/3
f 3817/5/3 3816/5/3 3815/5/3
f 3818/5/3 3816/5/3 3817/5/3
f 3821/5/3 3820/5/3 3819/5/3
f 3822/5/3 3820/5/3 3821/5/3
f 3825/5/3 3824/5/3 3823/5/3
f 3826/5/3 3824/5/3 3825/5/3
f 3830/4/3 3828/4/3 3827/4/3
f 3831/4/3 3828/4/3 3830/4/3
f 3832/4/3 3830/4/3 3829/4/3
f 3833/4/3 3830/4/3 3832/4/3
f 3836/5/3 3835/5/3 3834/5/3
f 3837/5/3 3835/5/3 3836/5/3
f 3840/5/3 3839/5/3 3838/5/3
f 3841/5/3 3839/5/3 3840/5/3
f 3844/4/3 3843/4/3 3842/4/3
f 3845/4/3 3843/4/3 3844/4/3
f 3848/4/3 3846/4/3 3845/4/3
f 3849/4/3 3846/4/3 3848/4/3
f 3850/4/3 3848/4/3 3847/4/3
f 3851/4/3 3848/4/3 3850/4/3
f 3854/4/3 3853/4/3 3852/4/3
f 3855/4/3 3853/4/3 3854/4/3
f 3858/4/3 3857/4/3 3856/4/3
f 3859/4/3 3857/4/3 3858/4/3
f 3862/4/3 3861/4/3 3860/4/3
f 3863/4/3 3861/4/3 3862/4/3
f 3864/4/3 3862/4/3 3860/4/3
f 3865/4/3 3862/4/3 3864/4/3
f 3868/5/3 3867/5/3 3866/5/3
f 3869/5/3 3867/5/3 3868/5/3
f 3872/5/3 3871/5/3 3870/5/3
f 3873/5/3 3871/5/3 3872/5/3
f 3877/4/3 3875/4/3 3874/4/3
f 3877/4/3 3876/4/3 3875/4/3
f 3879/4/3 3877/4/3 3874/4/3
f 3879/4/3 3878/4/3 3877/4/3
f 3880/4/3 3878/4/3 3879/4/3
f 3883/4/3 3882/4/3 3881/4/3
f 3884/4/3 3882/4/3 3883/4/3
f 3887/4/3 3886/4/3 3885/4/3
f 3889/4/3 3887/4/3 3885/4/3
f 3889/4/3 3888/4/3 3887/4/3
f 3890/4/3 3888/4/3 3889/4/3
f 3892/4/3 3889/4/3 3885/4/3
f 3894/4/3 3892/4/3 3891/4/3
f 3895/4/3 3889/4/3 3892/4/3
f 3895/4/3 3892/4/3 3894/4/3
f 3896/4/3 3894/4/3 3893/4/3
f 3897/4/3 3894/4/3 3896/4/3
f 3900/5/3 3899/5/3 3898/5/3
f 3901/5/3 3899/5/3 3900/5/3
f 3904/6/3 3903/6/3 3902/6/3
f 3905/6/3 3903/6/3 3904/6/3
f 3909/4/3 3907/4/3 3906/4/3
f 3910/4/3 3907/4/3 3909/4/3
f 3911/4/3 3909/4/3 3908/4/3
f 3912/4/3 3909/4/3 3911/4/3
f 3915/4/3 3914/4/3 3913/4/3
f 3916/4/3 3914/4/3 3915/4/3
f 3919/5/3 3918/5/3 3917/5/3
f 3920/5/3 3918/5/3 3919/5/3
f 3922/4/3 3920/4/3 3919/4/3
f 3923/5/3 3921/5/3 3920/5/3
f 3923/4/3 3920/4/3 3922/4/3
f 3924/5/3 3921/5/3 3923/5/3
f 3927/5/3 3926/5/3 3925/5/3
f 3928/5/3 3926/5/3 3927/5/3
f 3931/4/3 3930/4/3 3929/4/3
f 3932/4/3 3930/4/3 3931/4/3
f 3935/4/3 3934/4/3 3933/4/3
f 3936/4/3 3934/4/3 3935/4/3
f 3939/4/3 3938/4/3 3937/4/3
f 3940/4/3 3938/4/3 3939/4/3
f 3945/4/3 3942/4/3 3941/4/3
f 3946/4/3 3944/4/3 3943/4/3
f 3947/4/3 3945/4/3 3941/4/3
f 3947/4/3 3946/4/3 3945/4/3
f 3948/4/3 3944/4/3 3946/4/3
f 3948/4/3 3946/4/3 3947/4/3
f 3950/4/3 3949/4/3 3948/4/3
f 3951/4/3 3949/4/3 3950/4/3
f 3954/4/3 3953/4/3 3952/4/3
f 3955/4/3 3953/4/3 3954/4/3
f 3956/4/3 3953/4/3 3955/4/3
f 3960/4/3 3958/4/3 3957/4/3
f 3960/4/3 3959/4/3 3958/4/3
f 3961/4/3 3959/4/3 3960/4/3
f 3962/4/3 3960/4/3 3957/4/3
f 3963/4/3 3960/4/3 3962/4/3
f 3966/4/3 3965/4/3 3964/4/3
f 3967/4/3 3965/4/3 3966/4/3
f 3970/4/3 3969/4/3 3968/4/3
f 3971/4/3 3969/4/3 3970/4/3
f 3974/4/3 3973/4/3 3972/4/3
f 3975/4/3 3973/4/3 3974/4/3
f 3978/4/3 3977/4/3 3976/4/3
f 3979/4/3 3977/4/3 3978/4/3
f 3982/4/3 3981/4/3 3980/4/3
f 3983/4/3 3981/4/3 3982/4/3
f 3984/4/3 3982/4/3 3980/4/3
f 3986/4/3 3985/4/3 3984/4/3
f 3987/4/3 3985/4/3 3986/4/3
f 3988/4/3 3984/4/3 3980/4/3
f 3988/4/3 3986/4/3 3984/4/3
f 3989/4/3 3986/4/3 3988/4/3
f 3994/4/3 3991/4/3 3990/4/3
f 3995/5/3 3993/5/3 3992/5/3
f 3996/5/3 3993/5/3 3995/5/3
f 3997/4/3 3994/4/3 3990/4/3
f 3997/4/3 3995/4/3 3994/4/3
f 3998/4/3 3995/4/3 3997/4/3
f 3999/4/3 3997/4/3 3990/4/3
f 4000/4/3 3997/4/3 3999/4/3
f 4004/4/3 4002/4/3 4001/4/3
f 4004/4/3 4003/4/3 4002/4/3
f 4005/4/3 4003/4/3 4004/4/3
f 4006/4/3 4004/4/3 4001/4/3
f 4007/4/3 4004/4/3 4006/4/3
f 4012/4/3 4009/4/3 4008/4/3
f 4013/4/3 4009/4/3 4012/4/3
f 4014/4/3 4011/4/3 4010/4/3
f 4015/4/3 4011/4/3 4014/4/3
f 4017/4/3 4014/4/3 4013/4/3
f 4018/4/3 4014/4/3 4017/4/3
f 4019/4/3 4016/4/3 4015/4/3
f 4020/4/3 4016/4/3 4019/4/3
f 4021/4/3 4016/4/3 4020/4/3
f 4022/4/3 4016/4/3 4021/4/3
f 4026/4/3 4024/4/3 4023/4/3
f 4027/4/3 4024/4/3 4026/4/3
f 4028/4/3 4026/4/3 4025/4/3
f 4029/4/3 4026/4/3 4028/4/3
f 4032/4/3 4031/4/3 4030/4/3
f 4033/4/3 4031/4/3 4032/4/3
f 4036/4/3 4035/4/3 4034/4/3
f 4037/4/3 4035/4/3 4036/4/3
f 4038/4/3 4035/4/3 4037/4/3
f 4041/4/3 4040/4/3 4039/4/3
f 4042/4/3 4040/4/3 4041/4/3
f 4045/4/3 4044/4/3 4043/4/3
f 4047/4/3 4045/4/3 4043/4/3
f 4047/4/3 4046/4/3 4045/4/3
f 4048/4/3 4046/4/3 4047/4/3
f 4049/4/3 4046/4/3 4048/4/3
f 4054/4/3 4051/4/3 4050/4/3
f 4055/4/3 4051/4/3 4054/4/3
f 4056/4/3 4053/4/3 4052/4/3
f 4057/4/3 4053/4/3 4056/4/3
f 4060/4/3 4059/4/3 4058/4/3
f 4063/4/3 4060/4/3 4058/4/3
f 4064/4/3 4060/4/3 4063/4/3
f 4065/4/3 4062/4/3 4061/4/3
f 4066/4/3 4062/4/3 4065/4/3
f 4069/4/3 4068/4/3 4067/4/3
f 4070/4/3 4068/4/3 4069/4/3
f 4073/4/3 4072/4/3 4071/4/3
f 4074/4/3 4072/4/3 4073/4/3
f 4078/4/3 4076/4/3 4075/4/3
f 4078/4/3 4077/4/3 4076/4/3
f 4079/4/3 4077/4/3 4078/4/3
f 4083/4/3 4081/4/3 4080/4/3
f 4084/4/3 4083/4/3 4082/4/3
f 4085/4/3 4081/4/3 4083/4/3
f 4085/4/3 4083/4/3 4084/4/3
f 4089/5/3 4087/5/3 4086/5/3
f 4090/4/3 4088/4/3 4087/4/3
f 4090/5/3 4087/5/3 4089/5/3
f 4091/4/3 4088/4/3 4090/4/3
f 4095/4/3 4093/4/3 4092/4/3
f 4096/4/3 4093/4/3 4095/4/3
f 4098/4/3 4095/4/3 4094/4/3
f 4099/4/3 4095/4/3 4098/4/3
f 4100/4/3 4098/4/3 4097/4/3
f 4101/4/3 4098/4/3 4100/4/3
f 4102/4/3 4095/4/3 4099/4/3
f 4103/4/3 4095/4/3 4102/4/3
f 4106/4/3 4105/4/3 4104/4/3
f 4107/4/3 4105/4/3 4106/4/3
f 4110/4/3 4109/4/3 4108/4/3
f 4111/4/3 4109/4/3 4110/4/3
f 4114/4/3 4113/4/3 4112/4/3
f 4115/4/3 4113/4/3 4114/4/3
f 4118/4/3 4117/4/3 4116/4/3
f 4119/4/3 4117/4/3 4118/4/3
f 4122/4/3 4121/4/3 4120/4/3
f 4123/4/3 4121/4/3 4122/4/3
f 4126/4/3 4125/4/3 4124/4/3
f 4127/4/3 4125/4/3 4126/4/3
f 4130/4/3 4129/4/3 4128/4/3
f 4131/4/3 4129/4/3 4130/4/3
f 4134/4/3 4133/4/3 4132/4/3
f 4135/4/3 4133/4/3 4134/4/3
f 4139/4/3 4137/4/3 4136/4/3
f 4140/4/3 4137/4/3 4139/4/3
f 4141/4/3 4139/4/3 4138/4/3
f 4142/4/3 4139/4/3 4141/4/3
f 4143/4/4 4144/4/4 4145/4/4
f 4145/4/4 4144/4/4 4146/4/4
f 4147/4/4 4148/4/4 4149/4/4
f 4149/4/4 4148/4/4 4150/4/4
f 4151/4/4 4152/4/4 4153/4/4
f 4153/4/4 4152/4/4 4154/4/4
f 4155/4/4 4156/4/4 4157/4/4
f 4157/4/4 4156/4/4 4158/4/4
f 4159/4/4 4160/4/4 4161/4/4
f 4161/4/4 4160/4/4 4162/4/4
f 4163/4/4 4164/4/4 4166/4/4
f 4166/4/4 4164/4/4 4167/4/4
f 4165/4/4 4166/4/4 4168/4/4
f 4168/4/4 4166/4/4 4169/4/4
f 4170/4/4 4171/4/4 4172/4/4
f 4172/4/4 4171/4/4 4173/4/4
f 4174/4/4 4175/4/4 4176/4/4
f 4176/4/4 4175/4/4 4177/4/4
f 4178/4/4 4179/4/4 4181/4/4
f 4180/4/4 4181/4/4 4182/4/4
f 4181/4/4 4179/4/4 4183/4/4
f 4182/4/4 4181/4/4 4183/4/4
f 4183/4/4 4179/4/4 4184/4/4
f 4184/4/4 4179/4/4 4185/4/4
f 4186/4/4 4187/4/4 4189/4/4
f 4187/4/4 4188/4/4 4189/4/4
f 4189/4/4 4188/4/4 4190/4/4
f 4191/4/4 4192/4/4 4193/4/4
f 4193/4/4 4192/4/4 4194/4/4
f 4195/4/4 4196/4/4 4197/4/4
f 4197/4/4 4196/4/4 4198/4/4
f 4199/4/4 4200/4/4 4201/4/4
f 4201/4/4 4200/4/4 4202/4/4
f 4203/4/4 4204/4/4 4205/4/4
f 4205/4/4 4204/4/4 4206/4/4
f 4207/4/4 4208/4/4 4209/4/4
f 4209/4/4 4208/4/4 4210/4/4
f 4211/4/4 4212/4/4 4213/4/4
f 4213/4/4 4212/4/4 4214/4/4
f 4214/4/4 4212/4/4 4215/4/4
f 4215/4/4 4216/4/4 4217/4/4
f 4214/4/4 4215/4/4 4217/4/4
f 4217/4/4 4216/4/4 4218/4/4
f 4218/4/4 4216/4/4 4219/4/4
f 4220/4/4 4221/4/4 4222/4/4
f 4222/4/4 4221/4/4 4223/4/4
f 4224/4/4 4225/4/4 4227/4/4
f 4226/4/4 4227/4/4 4228/4/4
f 4227/4/4 4225/4/4 4229/4/4
f 4228/4/4 4227/4/4 4229/4/4
f 4229/4/4 4225/4/4 4231/4/4
f 4230/4/4 4231/4/4 4232/4/4
f 4231/4/4 4225/4/4 4233/4/4
f 4232/4/4 4231/4/4 4233/4/4
f 4233/4/4 4225/4/4 4235/4/4
f 4234/4/4 4235/4/4 4236/4/4
f 4235/4/4 4225/4/4 4237/4/4
f 4236/4/4 4235/4/4 4237/4/4
f 4237/4/4 4225/4/4 4238/4/4
f 4238/4/4 4225/4/4 4239/4/4
f 4240/4/4 4241/4/4 4242/4/4
f 4242/4/4 4241/4/4 4243/4/4
f 4244/4/4 4245/4/4 4246/4/4
f 4244/4/4 4246/4/4 4248/4/4
f 4246/4/4 4247/4/4 4248/4/4
f 4248/4/4 4247/4/4 4249/4/4
f 4249/4/4 4247/4/4 4250/4/4
f 4250/4/4 4247/4/4 4251/4/4
f 4251/4/4 4252/4/4 4254/4/4
f 4254/4/4 4252/4/4 4255/4/4
f 4253/4/4 4254/4/4 4257/4/4
f 4257/4/4 4254/4/4 4258/4/4
f 4256/4/4 4257/4/4 4259/4/4
f 4259/4/4 4257/4/4 4260/4/4
f 4256/4/4 4259/4/4 4261/4/4
f 4261/4/4 4259/4/4 4262/4/4
f 4263/4/4 4264/4/4 4265/4/4
f 4265/4/4 4264/4/4 4266/4/4
f 4267/4/4 4268/4/4 4270/4/4
f 4270/4/4 4268/4/4 4271/4/4
f 4269/4/4 4270/4/4 4271/4/4
f 4271/4/4 4268/4/4 4272/4/4
f 4269/4/4 4271/4/4 4273/4/4
f 4273/4/4 4271/4/4 4274/4/4
f 4269/4/4 4273/4/4 4275/4/4
f 4269/4/4 4275/4/4 4277/4/4
f 4275/4/4 4276/4/4 4277/4/4
f 4277/4/4 4276/4/4 4278/4/4
f 4278/4/4 4276/4/4 4279/4/4
f 4279/4/4 4276/4/4 4280/4/4
f 4278/4/4 4279/4/4 4281/4/4
f 4278/4/4 4281/4/4 4283/4/4
f 4281/4/4 4282/4/4 4283/4/4
f 4283/4/4 4282/4/4 4284/4/4
f 4278/4/4 4283/4/4 4285/4/4
f 4278/4/4 4285/4/4 4287/4/4
f 4285/4/4 4286/4/4 4287/4/4
f 4287/4/4 4286/4/4 4288/4/4
f 4278/4/4 4287/4/4 4289/4/4
f 4278/4/4 4289/4/4 4292/4/4
f 4289/4/4 4290/4/4 4292/4/4
f 4291/4/4 4292/4/4 4293/4/4
f 4292/4/4 4290/4/4 4294/4/4
f 4293/4/4 4292/4/4 4294/4/4
f 4295/4/4 4296/4/4 4297/4/4
f 4297/4/4 4296/4/4 4298/4/4
f 4299/4/4 4300/4/4 4303/4/4
f 4303/4/4 4300/4/4 4304/4/4
f 4301/4/4 4302/4/4 4305/4/4
f 4305/4/4 4302/4/4 4306/4/4
f 4307/4/4 4308/4/4 4309/4/4
f 4309/4/4 4308/4/4 4310/4/4
f 4311/4/4 4312/4/4 4313/4/4
f 4313/4/4 4312/4/4 4314/4/4
f 4315/4/4 4316/4/4 4317/4/4
f 4317/4/4 4316/4/4 4318/4/4
f 4319/4/4 4320/4/4 4321/4/4
f 4321/4/4 4320/4/4 4322/4/4
f 4323/4/4 4324/4/4 4325/4/4
f 4325/4/4 4324/4/4 4326/4/4
f 4327/5/4 4328/5/4 4329/5/4
f 4329/5/4 4328/5/4 4330/5/4
f 4331/4/4 4332/4/4 4334/4/4
f 4334/4/4 4332/4/4 4335/4/4
f 4333/4/4 4334/4/4 4336/4/4
f 4336/4/4 4334/4/4 4337/4/4
f 4338/4/4 4339/4/4 4340/4/4
f 4340/4/4 4339/4/4 4341/4/4
f 4342/4/4 4343/4/4 4344/4/4
f 4344/4/4 4345/4/4 4346/4/4
f 4342/4/4 4344/4/4 4348/4/4
f 4346/4/4 4347/4/4 4348/4/4
f 4344/4/4 4346/4/4 4348/4/4
f 4348/4/4 4347/4/4 4349/4/4
f 4342/4/4 4348/4/4 4350/4/4
f 4350/4/4 4348/4/4 4351/4/4
f 4352/4/4 4353/4/4 4354/4/4
f 4354/4/4 4353/4/4 4355/4/4
f 4356/4/4 4357/4/4 4360/4/4
f 4360/4/4 4357/4/4 4361/4/4
f 4361/4/4 4357/4/4 4362/4/4
f 4358/4/4 4359/4/4 4363/4/4
f 4363/4/4 4359/4/4 4364/4/4
f 4361/4/4 4362/4/4 4365/4/4
f 4362/4/4 4363/4/4 4365/4/4
f 4365/4/4 4363/4/4 4366/4/4
f 4367/4/4 4368/4/4 4370/4/4
f 4370/4/4 4368/4/4 4371/4/4
f 4369/4/4 4370/4/4 4372/4/4
f 4372/4/4 4370/4/4 4373/4/4
f 4373/4/4 4374/4/4 4375/4/4
f 4375/4/4 4374/4/4 4376/4/4
f 4376/4/4 4374/4/4 4378/4/4
f 4378/4/4 4374/4/4 4379/4/4
f 4377/4/4 4378/4/4 4379/4/4
f 4379/4/4 4374/4/4 4380/4/4
f 4377/4/4 4379/4/4 4381/4/4
f 4381/4/4 4379/4/4 4382/4/4
f 4383/5/4 4384/5/4 4385/5/4
f 4385/5/4 4384/5/4 4386/5/4
f 4387/4/4 4388/4/4 4389/4/4
f 4389/4/4 4388/4/4 4390/4/4
f 4391/4/4 4392/4/4 4396/4/4
f 4396/4/4 4392/4/4 4397/4/4
f 4393/4/4 4394/4/4 4398/4/4
f 4394/5/4 4395/5/4 4399/5/4
f 4398/4/4 4394/4/4 4399/4/4
f 4399/5/4 4395/5/4 4400/5/4
f 4397/4/4 4398/4/4 4401/4/4
f 4401/4/4 4398/4/4 4402/4/4
f 4403/4/4 4404/4/4 4405/4/4
f 4405/4/4 4404/4/4 4406/4/4
f 4406/4/4 4404/4/4 4407/4/4
f 4407/4/4 4404/4/4 4408/4/4
f 4409/4/4 4410/4/4 4411/4/4
f 4411/4/4 4410/4/4 4412/4/4
f 4413/5/4 4414/5/4 4415/5/4
f 4415/5/4 4414/5/4 4416/5/4
f 4417/4/4 4418/4/4 4419/4/4
f 4419/4/4 4418/4/4 4420/4/4
f 4421/4/4 4422/4/4 4423/4/4
f 4423/4/4 4422/4/4 4424/4/4
f 4425/4/4 4426/4/4 4428/4/4
f 4428/4/4 4426/4/4 4429/4/4
f 4427/4/4 4428/4/4 4430/4/4
f 4430/4/4 4428/4/4 4431/4/4
f 4431/4/4 4428/4/4 4432/4/4
f 4433/5/4 4434/5/4 4435/5/4
f 4435/5/4 4434/5/4 4436/5/4
f 4437/5/4 4438/5/4 4439/5/4
f 4439/5/4 4438/5/4 4440/5/4
f 4441/5/4 4442/5/4 4444/5/4
f 4442/5/4 4443/5/4 4444/5/4
f 4444/5/4 4443/5/4 4445/5/4
f 4441/5/4 4444/5/4 4446/5/4
f 4446/5/4 4444/5/4 4447/5/4
f 4448/4/4 4449/4/4 4450/4/4
f 4450/4/4 4449/4/4 4451/4/4
f 4452/4/4 4453/4/4 4455/4/4
f 4454/4/4 4455/4/4 4456/4/4
f 4455/4/4 4453/4/4 4457/4/4
f 4456/4/4 4455/4/4 4457/4/4
f 4458/5/4 4459/5/4 4460/5/4
f 4460/5/4 4459/5/4 4461/5/4
f 4462/5/4 4463/5/4 4464/5/4
f 4464/5/4 4463/5/4 4465/5/4
f 4466/5/4 4467/5/4 4468/5/4
f 4468/5/4 4467/5/4 4469/5/4
f 4470/4/4 4471/4/4 4473/4/4
f 4471/4/4 4472/4/4 4473/4/4
f 4473/4/4 4472/4/4 4474/4/4
f 4474/4/4 4475/4/4 4476/4/4
f 4476/4/4 4475/4/4 4477/4/4
f 4478/5/4 4479/5/4 4480/5/4
f 4480/5/4 4479/5/4 4481/5/4
f 4482/5/4 4483/5/4 4484/5/4
f 4484/5/4 4483/5/4 4485/5/4
f 4486/5/4 4487/5/4 4488/5/4
f 4488/5/4 4487/5/4 4489/5/4
f 4490/3/4 4491/3/4 4492/3/4
f 4492/3/4 4491/3/4 4493/3/4
f 4494/4/4 4495/4/4 4496/4/4
f 4496/4/4 4495/4/4 4497/4/4
f 4498/4/4 4499/4/4 4500/4/4
f 4500/4/4 4499/4/4 4501/4/4
f 4502/4/4 4503/4/4 4504/4/4
f 4504/4/4 4503/4/4 4505/4/4
f 4505/4/4 4503/4/4 4506/4/4
f 4507/5/4 4508/5/4 4509/5/4
f 4509/5/4 4508/5/4 4510/5/4
f 4510/5/4 4508/5/4 4511/5/4
f 4511/5/4 4508/5/4 4512/5/4
f 4513/4/4 4514/4/4 4515/4/4
f 4515/4/4 4514/4/4 4516/4/4
f 4517/4/4 4518/4/4 4519/4/4
f 4519/4/4 4518/4/4 4520/4/4
f 4521/4/4 4522/4/4 4524/4/4
f 4522/4/4 4523/4/4 4524/4/4
f 4521/4/4 4524/4/4 4526/4/4
f 4524/4/4 4525/4/4 4526/4/4
f 4526/4/4 4525/4/4 4527/4/4
f 4527/4/4 4525/4/4 4528/4/4
f 4529/4/4 4530/4/4 4533/4/4
f 4533/4/4 4530/4/4 4534/4/4
f 4534/4/4 4530/4/4 4535/4/4
f 4531/4/4 4532/4/4 4536/4/4
f 4534/4/4 4535/4/4 4537/4/4
f 4535/4/4 4536/4/4 4537/4/4
f 4536/4/4 4532/4/4 4538/4/4
f 4537/4/4 4536/4/4 4538/4/4
f 4539/4/4 4540/4/4 4541/4/4
f 4541/4/4 4540/4/4 4542/4/4
f 4543/5/4 4544/5/4 4545/5/4
f 4545/5/4 4544/5/4 4546/5/4
f 4547/5/4 4548/5/4 4550/5/4
f 4550/5/4 4548/5/4 4551/5/4
f 4548/3/4 4549/3/4 4552/3/4
f 4551/5/4 4548/5/4 4552/5/4
f 4552/3/4 4549/3/4 4553/3/4
f 4551/3/4 4552/3/4 4554/3/4
f 4554/3/4 4552/3/4 4555/3/4
f 4556/5/4 4557/5/4 4558/5/4
f 4558/5/4 4557/5/4 4559/5/4
f 4560/5/4 4561/5/4 4563/5/4
f 4563/5/4 4561/5/4 4564/5/4
f 4562/5/4 4563/5/4 4565/5/4
f 4565/5/4 4563/5/4 4566/5/4
f 4567/4/4 4568/4/4 4569/4/4
f 4569/4/4 4568/4/4 4570/4/4
f 4570/4/4 4571/4/4 4572/4/4
f 4572/4/4 4571/4/4 4573/4/4
f 4574/4/4 4575/4/4 4578/4/4
f 4578/4/4 4575/4/4 4579/4/4
f 4576/4/4 4577/4/4 4580/4/4
f 4580/4/4 4577/4/4 4581/4/4
f 4579/4/4 4580/4/4 4582/4/4
f 4582/4/4 4580/4/4 4583/4/4
f 4584/5/4 4585/5/4 4586/5/4
f 4586/5/4 4585/5/4 4587/5/4
f 4588/5/4 4589/5/4 4590/5/4
f 4590/5/4 4589/5/4 4591/5/4
f 4592/3/4 4593/3/4 4596/3/4
f 4593/3/4 4594/3/4 4596/3/4
f 4596/3/4 4594/3/4 4597/3/4
f 4595/5/4 4596/5/4 4598/5/4
f 4598/5/4 4596/5/4 4599/5/4
f 4599/3/4 4600/3/4 4601/3/4
f 4601/3/4 4600/3/4 4602/3/4
f 4603/4/4 4604/4/4 4605/4/4
f 4603/4/4 4605/4/4 4607/4/4
f 4605/4/4 4606/4/4 4607/4/4
f 4607/4/4 4606/4/4 4608/4/4
f 4609/4/4 4610/4/4 4612/4/4
f 4610/4/4 4611/4/4 4612/4/4
f 4612/4/4 4611/4/4 4613/4/4
f 4613/4/4 4611/4/4 4614/4/4
f 4614/4/4 4611/4/4 4615/4/4
f 4616/5/4 4617/5/4 4618/5/4
f 4618/5/4 4617/5/4 4619/5/4
f 4620/5/4 4621/5/4 4622/5/4
f 4622/5/4 4621/5/4 4623/5/4
f 4624/3/4 4625/3/4 4626/3/4
f 4626/3/4 4625/3/4 4627/3/4
f 4628/3/4 4629/3/4 4630/3/4
f 4630/3/4 4629/3/4 4631/3/4
f 4632/3/4 4633/3/4 4634/3/4
f 4634/3/4 4633/3/4 4635/3/4
f 4636/4/4 4637/4/4 4638/4/4
f 4638/4/4 4637/4/4 4639/4/4
f 4639/4/4 4637/4/4 4640/4/4
f 4640/4/4 4637/4/4 4641/4/4
f 4642/4/4 4643/4/4 4644/4/4
f 4644/4/4 4643/4/4 4645/4/4
f 4646/4/4 4647/4/4 4648/4/4
f 4648/4/4 4647/4/4 4649/4/4
f 4650/5/4 4651/5/4 4652/5/4
f 4652/5/4 4651/5/4 4653/5/4
f 4654/5/4 4655/5/4 4656/5/4
f 4656/5/4 4655/5/4 4657/5/4
f 4658/5/4 4659/5/4 4661/5/4
f 4661/5/4 4659/5/4 4662/5/4
f 4660/5/4 4661/5/4 4663/5/4
f 4663/5/4 4661/5/4 4664/5/4
f 4665/4/4 4666/4/4 4667/4/4
f 4667/4/4 4666/4/4 4668/4/4
f 4669/4/4 4670/4/4 4671/4/4
f 4671/4/4 4670/4/4 4672/4/4
f 4672/4/4 4670/4/4 4673/4/4
f 4673/4/4 4674/4/4 4675/4/4
f 4672/4/4 4673/4/4 4675/4/4
f 4675/4/4 4674/4/4 4676/4/4
f 4672/4/4 4675/4/4 4678/4/4
f 4678/4/4 4675/4/4 4679/4/4
f 4677/4/4 4678/4/4 4681/4/4
f 4679/4/4 4680/4/4 4681/4/4
f 4678/4/4 4679/4/4 4681/4/4
f 4681/4/4 4680/4/4 4682/4/4
f 4683/5/4 4684/5/4 4685/5/4
f 4685/5/4 4684/5/4 4686/5/4
f 4687/5/4 4688/5/4 4689/5/4
f 4689/5/4 4688/5/4 4690/5/4
f 4691/3/4 4692/3/4 4695/3/4
f 4695/3/4 4692/3/4 4696/3/4
f 4693/5/4 4694/5/4 4697/5/4
f 4694/3/4 4695/3/4 4698/3/4
f 4697/5/4 4694/5/4 4698/5/4
f 4698/3/4 4695/3/4 4699/3/4
f 4700/3/4 4701/3/4 4702/3/4
f 4702/3/4 4701/3/4 4703/3/4
f 4704/5/4 4705/5/4 4706/5/4
f 4706/5/4 4705/5/4 4707/5/4
f 4708/5/4 4709/5/4 4710/5/4
f 4710/5/4 4709/5/4 4711/5/4
f 4712/5/4 4713/5/4 4714/5/4
f 4714/5/4 4713/5/4 4715/5/4
f 4716/3/4 4717/3/4 4718/3/4
f 4718/3/4 4717/3/4 4719/3/4
f 4720/5/4 4721/5/4 4722/5/4
f 4722/5/4 4721/5/4 4723/5/4
f 4724/5/4 4725/5/4 4726/5/4
f 4726/5/4 4725/5/4 4727/5/4
f 4728/4/4 4729/4/4 4730/4/4
f 4730/4/4 4729/4/4 4731/4/4
f 4731/4/4 4732/4/4 4733/4/4
f 4733/4/4 4732/4/4 4734/4/4
f 4735/3/4 4736/3/4 4739/3/4
f 4739/3/4 4736/3/4 4740/3/4
f 4737/5/4 4738/5/4 4741/5/4
f 4741/5/4 4738/5/4 4742/5/4
f 4743/5/4 4744/5/4 4745/5/4
f 4745/5/4 4744/5/4 4746/5/4
f 4747/5/4 4748/5/4 4749/5/4
f 4749/5/4 4748/5/4 4750/5/4
f 4749/3/4 4750/3/4 4751/3/4
f 4751/3/4 4750/3/4 4752/3/4
f 4753/5/4 4754/5/4 4755/5/4
f 4755/5/4 4754/5/4 4756/5/4
f 4757/2/4 4758/2/4 4759/2/4
f 4759/2/4 4758/2/4 4760/2/4
f 4757/2/4 4759/2/4 4761/2/4
f 4759/1/4 4760/1/4 4761/1/4
f 4760/2/4 4758/2/4 4762/2/4
f 4761/1/4 4760/1/4 4762/1/4
f 4757/2/4 4761/2/4 4763/2/4
f 4761/2/4 4762/2/4 4763/2/4
f 4762/2/4 4758/2/4 4764/2/4
f 4763/2/4 4762/2/4 4764/2/4
f 4765/4/4 4766/4/4 4767/4/4
f 4767/4/4 4766/4/4 4768/4/4
f 4768/4/4 4769/4/4 4770/4/4
f 4770/4/4 4769/4/4 4771/4/4
f 4772/5/4 4773/5/4 4774/5/4
f 4774/5/4 4773/5/4 4775/5/4
f 4776/5/4 4777/5/4 4779/5/4
f 4777/3/4 4778/3/4 4780/3/4
f 4779/5/4 4777/5/4 4780/5/4
f 4780/3/4 4778/3/4 4781/3/4
f 4781/5/4 4782/5/4 4783/5/4
f 4783/5/4 4782/5/4 4784/5/4
f 4785/3/4 4786/3/4 4787/3/4
f 4787/3/4 4786/3/4 4788/3/4
f 4788/5/4 4789/5/4 4792/5/4
f 4792/5/4 4789/5/4 4793/5/4
f 4790/5/4 4791/5/4 4794/5/4
f 4794/5/4 4791/5/4 4795/5/4
f 4796/4/4 4797/4/4 4799/4/4
f 4799/4/4 4797/4/4 4800/4/4
f 4798/4/4 4799/4/4 4800/4/4
f 4800/4/4 4797/4/4 4801/4/4
f 4798/4/4 4800/4/4 4802/4/4
f 4802/4/4 4800/4/4 4803/4/4
f 4804/6/4 4805/6/4 4806/6/4
f 4806/6/4 4805/6/4 4807/6/4
f 4808/5/4 4809/5/4 4810/5/4
f 4810/5/4 4809/5/4 4811/5/4
f 4812/5/4 4813/5/4 4814/5/4
f 4814/5/4 4813/5/4 4815/5/4
f 4815/5/4 4816/5/4 4818/5/4
f 4817/3/4 4818/3/4 4819/3/4
f 4818/5/4 4816/5/4 4820/5/4
f 4819/3/4 4818/3/4 4820/3/4
f 4820/5/4 4816/5/4 4821/5/4
f 4822/5/4 4823/5/4 4824/5/4
f 4824/5/4 4823/5/4 4825/5/4
f 4826/5/4 4827/5/4 4828/5/4
f 4828/5/4 4827/5/4 4829/5/4
f 4830/2/4 4831/2/4 4832/2/4
f 4832/2/4 4831/2/4 4833/2/4
f 4830/2/4 4832/2/4 4834/2/4
f 4832/1/4 4833/1/4 4834/1/4
f 4833/2/4 4831/2/4 4835/2/4
f 4834/1/4 4833/1/4 4835/1/4
f 4830/2/4 4834/2/4 4836/2/4
f 4834/2/4 4835/2/4 4836/2/4
f 4835/2/4 4831/2/4 4837/2/4
f 4836/2/4 4835/2/4 4837/2/4
f 4830/2/4 4836/2/4 4839/2/4
f 4836/1/4 4837/1/4 4840/1/4
f 4839/2/4 4836/2/4 4840/2/4
f 4837/2/4 4831/2/4 4841/2/4
f 4840/1/4 4837/1/4 4841/1/4
f 4839/2/4 4840/2/4 4842/2/4
f 4838/2/4 4839/2/4 4842/2/4
f 4840/2/4 4841/2/4 4842/2/4
f 4841/2/4 4831/2/4 4843/2/4
f 4842/2/4 4841/2/4 4843/2/4
f 4843/2/4 4831/2/4 4844/2/4
f 4845/4/4 4846/4/4 4847/4/4
f 4845/4/4 4847/4/4 4849/4/4
f 4847/4/4 4848/4/4 4849/4/4
f 4849/4/4 4848/4/4 4850/4/4
f 4851/6/4 4852/6/4 4853/6/4
f 4853/6/4 4852/6/4 4854/6/4
f 4855/5/4 4856/5/4 4857/5/4
f 4857/5/4 4856/5/4 4858/5/4
f 4859/5/4 4860/5/4 4861/5/4
f 4861/5/4 4860/5/4 4862/5/4
f 4863/5/4 4864/5/4 4866/5/4
f 4866/5/4 4864/5/4 4867/5/4
f 4865/5/4 4866/5/4 4869/5/4
f 4868/5/4 4869/5/4 4870/5/4
f 4869/5/4 4866/5/4 4871/5/4
f 4870/5/4 4869/5/4 4871/5/4
f 4871/3/4 4872/3/4 4873/3/4
f 4873/3/4 4872/3/4 4874/3/4
f 4875/5/4 4876/5/4 4878/5/4
f 4878/5/4 4876/5/4 4879/5/4
f 4877/5/4 4878/5/4 4879/5/4
f 4879/5/4 4876/5/4 4880/5/4
f 4877/5/4 4879/5/4 4881/5/4
f 4881/5/4 4879/5/4 4882/5/4
f 4883/5/4 4884/5/4 4885/5/4
f 4885/5/4 4884/5/4 4886/5/4
f 4887/5/4 4888/5/4 4889/5/4
f 4889/5/4 4888/5/4 4890/5/4
f 4891/5/4 4892/5/4 4893/5/4
f 4893/5/4 4892/5/4 4894/5/4
f 4895/4/4 4896/4/4 4897/4/4
f 4897/4/4 4896/4/4 4898/4/4
f 4901/4/4 4902/4/4 4903/4/4
f 4899/4/4 4900/4/4 4904/4/4
f 4904/4/4 4900/4/4 4905/4/4
f 4905/4/4 4900/4/4 4906/4/4
f 4901/4/4 4903/4/4 4907/4/4
f 4903/4/4 4904/4/4 4907/4/4
f 4904/4/4 4905/4/4 4907/4/4
f 4907/4/4 4905/4/4 4908/4/4
f 4908/4/4 4905/4/4 4909/4/4
f 4909/4/4 4905/4/4 4910/4/4
f 4911/4/4 4912/4/4 4913/4/4
f 4913/4/4 4912/4/4 4914/4/4
f 4915/5/4 4916/5/4 4917/5/4
f 4917/5/4 4916/5/4 4918/5/4
f 4919/5/4 4920/5/4 4921/5/4
f 4921/5/4 4920/5/4 4922/5/4
f 4923/5/4 4924/5/4 4925/5/4
f 4925/5/4 4924/5/4 4926/5/4
f 4927/5/4 4928/5/4 4929/5/4
f 4929/5/4 4928/5/4 4930/5/4
f 4931/4/4 4932/4/4 4933/4/4
f 4933/4/4 4932/4/4 4934/4/4
f 4934/4/4 4935/4/4 4936/4/4
f 4936/4/4 4935/4/4 4937/4/4
f 4937/4/4 4938/4/4 4941/4/4
f 4941/4/4 4938/4/4 4942/4/4
f 4939/6/4 4940/6/4 4943/6/4
f 4943/6/4 4940/6/4 4944/6/4
f 4945/5/4 4946/5/4 4947/5/4
f 4947/5/4 4946/5/4 4948/5/4
f 4949/5/4 4950/5/4 4951/5/4
f 4949/5/4 4951/5/4 4953/5/4
f 4951/5/4 4952/5/4 4953/5/4
f 4953/5/4 4952/5/4 4954/5/4
f 4955/5/4 4956/5/4 4957/5/4
f 4957/5/4 4956/5/4 4958/5/4
f 4957/3/4 4958/3/4 4960/3/4
f 4960/3/4 4958/3/4 4961/3/4
f 4959/3/4 4960/3/4 4962/3/4
f 4962/3/4 4960/3/4 4963/3/4
f 4962/5/4 4963/5/4 4964/5/4
f 4964/5/4 4963/5/4 4965/5/4
f 4965/5/4 4966/5/4 4968/5/4
f 4968/5/4 4966/5/4 4969/5/4
f 4967/5/4 4968/5/4 4970/5/4
f 4970/5/4 4968/5/4 4971/5/4
f 4970/3/4 4971/3/4 4972/3/4
f 4972/3/4 4971/3/4 4973/3/4
f 4972/5/4 4973/5/4 4975/5/4
f 4973/3/4 4974/3/4 4975/3/4
f 4975/3/4 4974/3/4 4976/3/4
f 4972/5/4 4975/5/4 4977/5/4
f 4977/5/4 4975/5/4 4978/5/4
f 4979/5/4 4980/5/4 4982/5/4
f 4982/5/4 4980/5/4 4983/5/4
f 4982/5/4 4983/5/4 4985/5/4
f 4983/5/4 4984/5/4 4985/5/4
f 4981/5/4 4982/5/4 4985/5/4
f 4985/5/4 4984/5/4 4986/5/4
f 4986/5/4 4987/5/4 4988/5/4
f 4988/5/4 4987/5/4 4989/5/4
f 4990/6/4 4991/6/4 4992/6/4
f 4992/6/4 4991/6/4 4993/6/4
f 4994/4/4 4995/4/4 4996/4/4
f 4996/4/4 4995/4/4 4997/4/4
f 5000/4/4 5001/4/4 5002/4/4
f 5000/4/4 5002/4/4 5004/4/4
f 5002/4/4 5003/4/4 5004/4/4
f 5004/4/4 5003/4/4 5005/4/4
f 4998/4/4 4999/4/4 5007/4/4
f 5007/4/4 4999/4/4 5008/4/4
f 5005/4/4 5006/4/4 5010/4/4
f 5009/4/4 5010/4/4 5013/4/4
f 5010/4/4 5006/4/4 5013/4/4
f 5013/4/4 5006/4/4 5014/4/4
f 5011/4/4 5012/4/4 5015/4/4
f 5009/4/4 5013/4/4 5016/4/4
f 5016/4/4 5013/4/4 5017/4/4
f 5011/4/4 5015/4/4 5020/4/4
f 5015/4/4 5016/4/4 5020/4/4
f 5020/4/4 5016/4/4 5021/4/4
f 5018/4/4 5019/4/4 5022/4/4
f 5022/4/4 5019/4/4 5023/4/4
f 5024/5/4 5025/5/4 5026/5/4
f 5026/5/4 5025/5/4 5027/5/4
f 5028/5/4 5029/5/4 5031/5/4
f 5029/5/4 5030/5/4 5031/5/4
f 5031/5/4 5030/5/4 5032/5/4
f 5033/5/4 5034/5/4 5036/5/4
f 5036/5/4 5034/5/4 5037/5/4
f 5035/5/4 5036/5/4 5038/5/4
f 5035/5/4 5038/5/4 5040/5/4
f 5038/5/4 5039/5/4 5040/5/4
f 5040/5/4 5039/5/4 5041/5/4
f 5035/5/4 5040/5/4 5042/5/4
f 5042/5/4 5040/5/4 5043/5/4
f 5044/5/4 5045/5/4 5046/5/4
f 5046/5/4 5045/5/4 5047/5/4
f 5047/5/4 5045/5/4 5048/5/4
f 5049/5/4 5050/5/4 5052/5/4
f 5052/5/4 5050/5/4 5053/5/4
f 5051/5/4 5052/5/4 5054/5/4
f 5054/5/4 5052/5/4 5055/5/4
f 5056/4/4 5057/4/4 5058/4/4
f 5058/4/4 5057/4/4 5059/4/4
f 5059/4/4 5057/4/4 5060/4/4
f 5060/4/4 5061/4/4 5064/4/4
f 5064/4/4 5061/4/4 5065/4/4
f 5062/6/4 5063/6/4 5066/6/4
f 5066/6/4 5063/6/4 5067/6/4
f 5059/4/4 5060/4/4 5068/4/4
f 5060/4/4 5064/4/4 5068/4/4
f 5068/4/4 5064/4/4 5069/4/4
f 5069/4/4 5064/4/4 5070/4/4
f 5070/4/4 5064/4/4 5071/4/4
f 5072/5/4 5073/5/4 5074/5/4
f 5074/5/4 5073/5/4 5075/5/4
f 5075/5/4 5073/5/4 5076/5/4
f 5076/5/4 5073/5/4 5077/5/4
f 5078/5/4 5079/5/4 5081/5/4
f 5081/5/4 5079/5/4 5082/5/4
f 5082/5/4 5079/5/4 5083/5/4
f 5080/5/4 5081/5/4 5084/5/4
f 5081/5/4 5082/5/4 5084/5/4
f 5084/5/4 5082/5/4 5085/5/4
f 5085/5/4 5082/5/4 5086/5/4
f 5086/5/4 5082/5/4 5087/5/4
f 5088/5/4 5089/5/4 5091/5/4
f 5090/5/4 5091/5/4 5093/5/4
f 5091/5/4 5089/5/4 5094/5/4
f 5093/5/4 5091/5/4 5094/5/4
f 5094/5/4 5089/5/4 5095/5/4
f 5092/5/4 5093/5/4 5096/5/4
f 5093/5/4 5094/5/4 5096/5/4
f 5096/5/4 5094/5/4 5097/5/4
f 5097/5/4 5094/5/4 5098/5/4
f 5099/5/4 5100/5/4 5102/5/4
f 5102/5/4 5100/5/4 5103/5/4
f 5101/6/4 5102/6/4 5104/6/4
f 5104/6/4 5102/6/4 5105/6/4
f 5106/5/4 5107/5/4 5108/5/4
f 5108/5/4 5107/5/4 5109/5/4
f 5110/6/4 5111/6/4 5112/6/4
f 5112/6/4 5111/6/4 5113/6/4
f 5114/5/4 5115/5/4 5116/5/4
f 5116/5/4 5115/5/4 5117/5/4
f 5118/5/4 5119/5/4 5120/5/4
f 5118/5/4 5120/5/4 5122/5/4
f 5120/5/4 5121/5/4 5122/5/4
f 5122/5/4 5121/5/4 5123/5/4
f 5123/5/4 5121/5/4 5124/5/4
f 5124/5/4 5121/5/4 5125/5/4
f 5126/5/4 5127/5/4 5128/5/4
f 5128/5/4 5127/5/4 5129/5/4
f 5130/4/4 5131/4/4 5132/4/4
f 5132/4/4 5131/4/4 5133/4/4
f 5133/4/4 5134/4/4 5135/4/4
f 5135/4/4 5134/4/4 5136/4/4
f 5136/4/4 5137/4/4 5138/4/4
f 5138/4/4 5137/4/4 5139/4/4
f 5139/4/4 5140/4/4 5141/4/4
f 5139/4/4 5141/4/4 5143/4/4
f 5141/4/4 5142/4/4 5143/4/4
f 5143/4/4 5142/4/4 5144/4/4
f 5139/4/4 5143/4/4 5146/4/4
f 5146/4/4 5143/4/4 5147/4/4
f 5145/4/4 5146/4/4 5148/4/4
f 5148/4/4 5146/4/4 5149/4/4
f 5150/6/4 5151/6/4 5152/6/4
f 5152/6/4 5151/6/4 5153/6/4
f 5154/5/4 5155/5/4 5156/5/4
f 5156/5/4 5155/5/4 5157/5/4
f 5158/5/4 5159/5/4 5160/5/4
f 5158/5/4 5160/5/4 5162/5/4
f 5160/5/4 5161/5/4 5162/5/4
f 5162/5/4 5161/5/4 5163/5/4
f 5158/5/4 5162/5/4 5164/5/4
f 5164/5/4 5162/5/4 5165/5/4
f 5166/4/4 5167/4/4 5168/4/4
f 5168/4/4 5167/4/4 5169/4/4
f 5169/4/4 5170/4/4 5171/4/4
f 5169/4/4 5171/4/4 5173/4/4
f 5171/4/4 5172/4/4 5173/4/4
f 5173/4/4 5172/4/4 5174/4/4
f 5175/6/4 5176/6/4 5177/6/4
f 5177/6/4 5176/6/4 5178/6/4
f 5179/4/4 5180/4/4 5181/4/4
f 5181/4/4 5180/4/4 5182/4/4
f 5183/6/4 5184/6/4 5185/6/4
f 5185/6/4 5184/6/4 5186/6/4
f 5187/5/4 5188/5/4 5189/5/4
f 5189/5/4 5188/5/4 5190/5/4
f 5190/5/4 5191/5/4 5192/5/4
f 5192/5/4 5191/5/4 5193/5/4
f 5194/5/4 5195/5/4 5196/5/4
f 5196/5/4 5195/5/4 5197/5/4
f 5200/6/4 5201/6/4 5202/6/4
f 5202/6/4 5201/6/4 5203/6/4
f 5198/4/4 5199/4/4 5205/4/4
f 5204/4/4 5205/4/4 5207/4/4
f 5205/4/4 5199/4/4 5208/4/4
f 5207/4/4 5205/4/4 5208/4/4
f 5206/4/4 5207/4/4 5209/4/4
f 5209/4/4 5207/4/4 5210/4/4
f 5211/6/4 5212/6/4 5213/6/4
f 5213/6/4 5212/6/4 5214/6/4
f 5215/4/4 5216/4/4 5219/4/4
f 5219/4/4 5216/4/4 5220/4/4
f 5217/4/4 5218/4/4 5221/4/4
f 5221/4/4 5218/4/4 5222/4/4
f 5220/4/4 5221/4/4 5223/4/4
f 5223/4/4 5221/4/4 5224/4/4
f 5225/4/4 5226/4/4 5227/4/4
f 5227/4/4 5226/4/4 5228/4/4
f 5229/6/4 5230/6/4 5233/6/4
f 5233/6/4 5230/6/4 5234/6/4
f 5231/4/4 5232/4/4 5236/4/4
f 5236/4/4 5232/4/4 5237/4/4
f 5235/4/4 5236/4/4 5239/4/4
f 5239/4/4 5236/4/4 5240/4/4
f 5238/4/4 5239/4/4 5241/4/4
f 5241/4/4 5239/4/4 5242/4/4
f 5243/6/4 5244/6/4 5245/6/4
f 5245/6/4 5244/6/4 5246/6/4
f 5247/4/4 5248/4/4 5250/4/4
f 5248/4/4 5249/4/4 5250/4/4
f 5250/4/4 5249/4/4 5251/4/4
f 5252/6/4 5253/6/4 5254/6/4
f 5254/6/4 5253/6/4 5255/6/4
f 5256/4/4 5257/4/4 5258/4/4
f 5258/4/4 5257/4/4 5259/4/4
f 5260/4/4 5261/4/4 5263/4/4
f 5263/4/4 5261/4/4 5264/4/4
f 5262/4/4 5263/4/4 5266/4/4
f 5266/4/4 5263/4/4 5267/4/4
f 5264/4/4 5265/4/4 5268/4/4
f 5268/4/4 5265/4/4 5269/4/4
f 5270/4/4 5271/4/4 5272/4/4
f 5272/4/4 5271/4/4 5273/4/4
f 5274/6/4 5275/6/4 5276/6/4
f 5276/6/4 5275/6/4 5277/6/4
f 5278/4/4 5279/4/4 5280/4/4
f 5280/4/4 5279/4/4 5281/4/4
f 5282/4/4 5283/4/4 5284/4/4
f 5284/4/4 5283/4/4 5285/4/4
f 5286/4/4 5287/4/4 5288/4/4
f 5288/4/4 5287/4/4 5289/4/4
f 5289/4/4 5287/4/4 5290/4/4
f 5290/4/4 5287/4/4 5291/4/4
f 5291/4/4 5292/4/4 5293/4/4
f 5293/4/4 5292/4/4 5294/4/4
f 5294/4/4 5292/4/4 5295/4/4
f 5295/4/4 5296/4/4 5297/4/4
f 5297/4/4 5296/4/4 5298/4/4
f 5299/4/4 5300/4/4 5301/4/4
f 5301/4/4 5300/4/4 5302/4/4
f 5301/6/4 5302/6/4 5303/6/4
f 5303/6/4 5302/6/4 5304/6/4
f 5305/4/4 5306/4/4 5307/4/4
f 5307/4/4 5306/4/4 5308/4/4
f 5309/4/4 5310/4/4 5311/4/4
f 5311/4/4 5310/4/4 5312/4/4
f 5312/4/4 5313/4/4 5314/4/4
f 5314/4/4 5313/4/4 5315/4/4
f 5316/4/4 5317/4/4 5320/4/4
f 5320/4/4 5317/4/4 5321/4/4
f 5321/4/4 5317/4/4 5322/4/4
f 5322/4/4 5317/4/4 5323/4/4
f 5318/6/4 5319/6/4 5324/6/4
f 5324/6/4 5319/6/4 5325/6/4
f 5326/4/4 5327/4/4 5330/4/4
f 5330/4/4 5327/4/4 5331/4/4
f 5328/4/4 5329/4/4 5332/4/4
f 5332/4/4 5329/4/4 5333/4/4
f 5334/4/4 5335/4/4 5336/4/4
f 5336/4/4 5335/4/4 5337/4/4
f 5334/4/4 5336/4/4 5338/4/4
f 5338/4/4 5336/4/4 5339/4/4
f 5340/4/4 5341/4/4 5342/4/4
f 5342/4/4 5341/4/4 5343/4/4
f 5343/4/4 5344/4/4 5345/4/4
f 5345/4/4 5344/4/4 5346/4/4
f 5347/4/4 5348/4/4 5349/4/4
f 5349/4/4 5348/4/4 5350/4/4
f 5351/6/4 5352/6/4 5353/6/4
f 5353/6/4 5352/6/4 5354/6/4
f 5355/4/4 5356/4/4 5357/4/4
f 5357/4/4 5356/4/4 5358/4/4
f 5359/4/4 5360/4/4 5362/4/4
f 5362/4/4 5360/4/4 5363/4/4
f 5361/4/4 5362/4/4 5364/4/4
f 5364/4/4 5362/4/4 5365/4/4
f 5365/4/4 5366/4/4 5371/4/4
f 5371/4/4 5366/4/4 5372/4/4
f 5367/4/4 5368/4/4 5373/4/4
f 5373/4/4 5368/4/4 5374/4/4
f 5374/4/4 5375/4/4 5376/4/4
f 5376/4/4 5375/4/4 5377/4/4
f 5369/6/4 5370/6/4 5378/6/4
f 5378/6/4 5370/6/4 5379/6/4
f 5380/4/4 5381/4/4 5382/4/4
f 5382/4/4 5381/4/4 5383/4/4
f 5384/4/4 5385/4/4 5387/4/4
f 5386/4/4 5387/4/4 5388/4/4
f 5387/4/4 5385/4/4 5389/4/4
f 5388/4/4 5387/4/4 5389/4/4
f 5391/4/4 5392/4/4 5393/4/4
f 5389/4/4 5390/4/4 5394/4/4
f 5394/4/4 5390/4/4 5395/4/4
f 5393/4/4 5394/4/4 5395/4/4
f 5391/4/4 5393/4/4 5397/4/4
f 5395/4/4 5396/4/4 5397/4/4
f 5393/4/4 5395/4/4 5397/4/4
f 5397/4/4 5396/4/4 5398/4/4
f 5398/4/4 5396/4/4 5399/4/4
f 5399/4/4 5396/4/4 5400/4/4
f 5398/4/4 5399/4/4 5402/4/4
f 5402/4/4 5399/4/4 5403/4/4
f 5404/4/4 5405/4/4 5406/4/4
f 5406/4/4 5405/4/4 5407/4/4
f 5401/4/4 5402/4/4 5408/4/4
f 5408/4/4 5402/4/4 5409/4/4
f 5412/4/4 5413/4/4 5414/4/4
f 5414/4/4 5413/4/4 5415/4/4
f 5410/6/4 5411/6/4 5416/6/4
f 5416/6/4 5411/6/4 5417/6/4
f 5418/4/4 5419/4/4 5420/4/4
f 5420/4/4 5419/4/4 5421/4/4
f 5421/4/4 5419/4/4 5422/4/4
f 5423/4/4 5424/4/4 5427/4/4
f 5427/4/4 5424/4/4 5428/4/4
f 5425/6/4 5426/6/4 5431/6/4
f 5431/6/4 5426/6/4 5432/6/4
f 5429/4/4 5430/4/4 5433/4/4
f 5433/4/4 5430/4/4 5434/4/4
f 5435/4/4 5436/4/4 5439/4/4
f 5436/4/4 5437/4/4 5439/4/4
f 5438/4/4 5439/4/4 5440/4/4
f 5439/4/4 5437/4/4 5441/4/4
f 5440/4/4 5439/4/4 5441/4/4
f 5441/4/4 5437/4/4 5442/4/4
f 5443/4/4 5444/4/4 5446/4/4
f 5444/4/4 5445/4/4 5446/4/4
f 5446/4/4 5445/4/4 5447/4/4
f 5448/4/4 5449/4/4 5450/4/4
f 5450/4/4 5449/4/4 5451/4/4
f 5451/4/4 5449/4/4 5452/4/4
f 5452/4/4 5449/4/4 5453/4/4
f 5454/4/4 5455/4/4 5456/4/4
f 5456/4/4 5455/4/4 5457/4/4
f 5460/4/4 5461/4/4 5463/4/4
f 5463/4/4 5461/4/4 5464/4/4
f 5458/4/4 5459/4/4 5465/4/4
f 5465/4/4 5459/4/4 5466/4/4
f 5462/4/4 5463/4/4 5467/4/4
f 5467/4/4 5463/4/4 5468/4/4
f 5469/6/4 5470/6/4 5472/6/4
f 5470/4/4 5471/4/4 5472/4/4
f 5472/4/4 5471/4/4 5473/4/4
f 5473/4/4 5474/4/4 5475/4/4
f 5475/4/4 5474/4/4 5476/4/4
f 5476/4/4 5477/4/4 5478/4/4
f 5478/4/4 5477/4/4 5479/4/4
f 5481/4/4 5482/4/4 5483/4/4
f 5483/4/4 5482/4/4 5484/4/4
f 5479/4/4 5480/4/4 5485/4/4
f 5485/4/4 5480/4/4 5486/4/4
f 5484/4/4 5485/4/4 5488/4/4
f 5488/4/4 5485/4/4 5489/4/4
f 5469/6/4 5472/6/4 5490/6/4
f 5490/6/4 5472/6/4 5491/6/4
f 5487/4/4 5488/4/4 5493/4/4
f 5493/4/4 5488/4/4 5494/4/4
f 5492/4/4 5493/4/4 5496/4/4
f 5496/4/4 5493/4/4 5497/4/4
f 5495/4/4 5496/4/4 5498/4/4
f 5498/4/4 5496/4/4 5499/4/4
f 5500/4/4 5501/4/4 5502/4/4
f 5502/4/4 5501/4/4 5503/4/4
f 5503/4/4 5501/4/4 5504/4/4
f 5505/4/4 5506/4/4 5507/4/4
f 5507/4/4 5506/4/4 5508/4/4
f 5509/4/4 5510/4/4 5511/4/4
f 5511/4/4 5510/4/4 5512/4/4
f 5512/4/4 5513/4/4 5514/4/4
f 5514/4/4 5513/4/4 5515/4/4
f 5515/4/4 5516/4/4 5517/4/4
f 5517/4/4 5516/4/4 5518/4/4
f 5519/4/4 5520/4/4 5523/4/4
f 5523/4/4 5520/4/4 5524/4/4
f 5521/4/4 5522/4/4 5525/4/4
f 5525/4/4 5522/4/4 5526/4/4
f 5527/4/4 5528/4/4 5529/4/4
f 5529/4/4 5530/4/4 5531/4/4
f 5529/4/4 5531/4/4 5533/4/4
f 5531/4/4 5532/4/4 5533/4/4
f 5533/4/4 5532/4/4 5534/4/4
f 5527/4/4 5529/4/4 5535/4/4
f 5529/4/4 5533/4/4 5535/4/4
f 5535/4/4 5533/4/4 5536/4/4
f 5534/4/4 5532/4/4 5537/4/4
f 5537/4/4 5532/4/4 5538/4/4
f 5536/4/4 5537/4/4 5539/4/4
f 5539/4/4 5537/4/4 5540/4/4
f 5541/4/4 5542/4/4 5543/4/4
f 5543/4/4 5542/4/4 5544/4/4
f 5545/4/4 5546/4/4 5548/4/4
f 5548/4/4 5546/4/4 5549/4/4
f 5547/4/4 5548/4/4 5551/4/4
f 5551/4/4 5548/4/4 5552/4/4
f 5550/4/4 5551/4/4 5553/4/4
f 5553/4/4 5551/4/4 5554/4/4
f 5555/4/4 5556/4/4 5557/4/4
f 5555/4/4 5557/4/4 5559/4/4
f 5557/4/4 5558/4/4 5559/4/4
f 5559/4/4 5558/4/4 5560/4/4
f 5555/4/4 5559/4/4 5561/4/4
f 5561/4/4 5559/4/4 5562/4/4
f 5563/4/4 5564/4/4 5565/4/4
f 5563/4/4 5565/4/4 5567/4/4
f 5565/4/4 5566/4/4 5567/4/4
f 5567/4/4 5566/4/4 5568/4/4
f 5563/4/4 5567/4/4 5569/4/4
f 5569/4/4 5567/4/4 5570/4/4
f 5563/4/4 5569/4/4 5571/4/4
f 5571/4/4 5569/4/4 5572/4/4
f 5573/4/4 5574/4/4 5575/4/4
f 5575/4/4 5574/4/4 5576/4/4
f 5573/4/4 5575/4/4 5577/4/4
f 5577/4/4 5575/4/4 5578/4/4
f 5582/4/5 5580/4/5 5579/4/5
f 5583/4/5 5580/4/5 5582/4/5
f 5584/4/5 5580/4/5 5583/4/5
f 5587/6/5 5582/6/5 5581/6/5
f 5587/6/5 5583/6/5 5582/6/5
f 5588/4/5 5585/4/5 5584/4/5
f 5588/4/5 5584/4/5 5583/4/5
f 5588/6/5 5583/6/5 5587/6/5
f 5589/4/5 5585/4/5 5588/4/5
f 5592/6/5 5587/6/5 5586/6/5
f 5592/6/5 5588/6/5 5587/6/5
f 5592/6/5 5589/6/5 5588/6/5
f 5593/4/5 5590/4/5 5589/4/5
f 5593/6/5 5589/6/5 5592/6/5
f 5594/4/5 5590/4/5 5593/4/5
f 5597/6/5 5592/6/5 5591/6/5
f 5597/6/5 5595/6/5 5594/6/5
f 5597/6/5 5594/6/5 5593/6/5
f 5597/6/5 5593/6/5 5592/6/5
f 5598/6/5 5595/6/5 5597/6/5
f 5602/6/5 5597/6/5 5596/6/5
f 5602/6/5 5598/6/5 5597/6/5
f 5602/6/5 5599/6/5 5598/6/5
f 5603/4/5 5600/4/5 5599/4/5
f 5603/6/5 5599/6/5 5602/6/5
f 5604/4/5 5600/4/5 5603/4/5
f 5607/6/5 5602/6/5 5601/6/5
f 5607/6/5 5603/6/5 5602/6/5
f 5607/6/5 5604/6/5 5603/6/5
f 5608/4/5 5605/4/5 5604/4/5
f 5608/6/5 5604/6/5 5607/6/5
f 5609/4/5 5605/4/5 5608/4/5
f 5612/6/5 5607/6/5 5606/6/5
f 5612/6/5 5608/6/5 5607/6/5
f 5612/6/5 5609/6/5 5608/6/5
f 5613/4/5 5610/4/5 5609/4/5
f 5613/6/5 5609/6/5 5612/6/5
f 5614/4/5 5610/4/5 5613/4/5
f 5617/6/5 5612/6/5 5611/6/5
f 5617/6/5 5613/6/5 5612/6/5
f 5617/6/5 5614/6/5 5613/6/5
f 5618/4/5 5615/4/5 5614/4/5
f 5618/6/5 5614/6/5 5617/6/5
f 5619/4/5 5615/4/5 5618/4/5
f 5621/6/5 5617/6/5 5616/6/5
f 5621/6/5 5618/6/5 5617/6/5
f 5621/6/5 5619/6/5 5618/6/5
f 5622/6/5 5619/6/5 5621/6/5
f 5625/6/5 5622/6/5 5621/6/5
f 5625/6/5 5623/6/5 5622/6/5
f 5625/6/5 5621/6/5 5620/6/5
f 5626/6/5 5623/6/5 5625/6/5
f 5629/6/5 5625/6/5 5624/6/5
f 5629/6/5 5627/6/5 5626/6/5
f 5629/6/5 5626/6/5 5625/6/5
f 5630/6/5 5627/6/5 5629/6/5
f 5633/6/5 5629/6/5 5628/6/5
f 5633/6/5 5631/6/5 5630/6/5
f 5633/6/5 5630/6/5 5629/6/5
f 5634/6/5 5631/6/5 5633/6/5
f 5636/6/5 5633/6/5 5632/6/5
f 5636/6/5 5635/6/5 5634/6/5
f 5636/6/5 5634/6/5 5633/6/5
f 5637/6/5 5635/6/5 5636/6/5
f 5638/6/5 5635/6/5 5637/6/5
f 5639/6/5 5635/6/5 5638/6/5
f 5640/6/5 5638/6/5 5637/6/5
f 5641/6/5 5638/6/5 5640/6/5
f 5642/6/5 5638/6/5 5641/6/5
f 5643/6/5 5638/6/5 5642/6/5
f 5644/6/5 5642/6/5 5641/6/5
f 5645/6/5 5642/6/5 5644/6/5
f 5646/6/5 5642/6/5 5645/6/5
f 5647/6/5 5642/6/5 5646/6/5
f 5648/6/5 5642/6/5 5647/6/5
f 5649/6/5 5642/6/5 5648/6/5
f 5650/6/5 5646/6/5 5645/6/5
f 5651/6/5 5648/6/5 5647/6/5
f 5652/6/5 5650/6/5 5645/6/5
f 5652/6/5 5651/6/5 5650/6/5
f 5653/6/5 5651/6/5 5652/6/5
f 5654/6/5 5648/6/5 5651/6/5
f 5654/6/5 5651/6/5 5653/6/5
f 5655/6/5 5648/6/5 5654/6/5
f 5656/6/5 5654/6/5 5653/6/5
f 5657/6/5 5654/6/5 5656/6/5
f 5658/6/5 5654/6/5 5657/6/5
f 5659/6/5 5654/6/5 5658/6/5
f 5660/6/5 5658/6/5 5657/6/5
f 5661/6/5 5658/6/5 5660/6/5
f 5662/6/5 5658/6/5 5661/6/5
f 5663/6/5 5658/6/5 5662/6/5
f 5664/6/5 5662/6/5 5661/6/5
f 5665/6/5 5662/6/5 5664/6/5
f 5666/6/5 5662/6/5 5665/6/5
f 5667/6/5 5662/6/5 5666/6/5
f 5668/6/5 5666/6/5 5665/6/5
f 5669/6/5 5666/6/5 5668/6/5
f 5670/6/5 5666/6/5 5669/6/5
f 5671/6/5 5666/6/5 5670/6/5
f 5672/4/5 5669/4/5 5668/4/5
f 5673/6/5 5670/6/5 5669/6/5
f 5673/4/5 5669/4/5 5672/4/5
f 5674/6/5 5670/6/5 5673/6/5
f 5675/6/5 5670/6/5 5674/6/5
f 5676/6/5 5670/6/5 5675/6/5
f 5677/6/5 5675/6/5 5674/6/5
f 5678/6/5 5675/6/5 5677/6/5
f 5679/6/5 5675/6/5 5678/6/5
f 5680/6/5 5675/6/5 5679/6/5
f 5681/6/5 5679/6/5 5678/6/5
f 5682/6/5 5679/6/5 5681/6/5
f 5683/6/5 5679/6/5 5682/6/5
f 5684/6/5 5679/6/5 5683/6/5
f 5685/6/5 5683/6/5 5682/6/5
f 5686/6/5 5683/6/5 5685/6/5
f 5691/4/5 5688/4/5 5687/4/5
f 5692/4/5 5688/4/5 5691/4/5
f 5693/4/5 5690/4/5 5689/4/5
f 5694/4/5 5691/4/5 5687/4/5
f 5695/4/5 5691/4/5 5694/4/5
f 5696/4/5 5690/4/5 5693/4/5
f 5697/4/5 5690/4/5 5696/4/5
f 5700/4/5 5694/4/5 5687/4/5
f 5701/4/5 5694/4/5 5700/4/5
f 5702/4/5 5690/4/5 5697/4/5
f 5703/4/5 5690/4/5 5702/4/5
f 5705/4/5 5699/4/5 5698/4/5
f 5706/4/5 5699/4/5 5705/4/5
f 5707/4/5 5700/4/5 5687/4/5
f 5708/4/5 5700/4/5 5707/4/5
f 5709/4/5 5700/4/5 5708/4/5
f 5710/4/5 5706/4/5 5705/4/5
f 5710/4/5 5705/4/5 5704/4/5
f 5710/4/5 5708/4/5 5707/4/5
f 5710/4/5 5707/4/5 5706/4/5
f 5711/4/5 5708/4/5 5710/4/5
f 5715/4/5 5710/4/5 5704/4/5
f 5716/4/5 5710/4/5 5715/4/5
f 5717/4/5 5710/4/5 5716/4/5
f 5718/4/5 5713/4/5 5712/4/5
f 5719/4/5 5713/4/5 5718/4/5
f 5720/4/5 5715/4/5 5714/4/5
f 5720/4/5 5716/4/5 5715/4/5
f 5721/4/5 5716/4/5 5720/4/5
f 5722/4/5 5720/4/5 5714/4/5
f 5723/4/5 5720/4/5 5722/4/5
f 5724/4/5 5720/4/5 5723/4/5
f 5725/4/5 5720/4/5 5724/4/5
f 5727/4/5 5724/4/5 5723/4/5
f 5728/4/5 5724/4/5 5727/4/5
f 5728/4/5 5727/4/5 5726/4/5
f 5729/4/5 5724/4/5 5728/4/5
f 5733/4/5 5728/4/5 5726/4/5
f 5734/4/5 5728/4/5 5733/4/5
f 5734/4/5 5733/4/5 5732/4/5
f 5735/4/5 5728/4/5 5734/4/5
f 5736/4/5 5731/4/5 5730/4/5
f 5737/4/5 5731/4/5 5736/4/5
f 5738/4/5 5731/4/5 5737/4/5
f 5741/4/5 5734/4/5 5732/4/5
f 5742/4/5 5734/4/5 5741/4/5
f 5742/4/5 5741/4/5 5740/4/5
f 5743/4/5 5734/4/5 5742/4/5
f 5744/4/5 5739/4/5 5738/4/5
f 5744/4/5 5738/4/5 5737/4/5
f 5745/4/5 5739/4/5 5744/4/5
f 5746/4/5 5739/4/5 5745/4/5
f 5747/4/5 5739/4/5 5746/4/5
f 5748/4/5 5742/4/5 5740/4/5
f 5749/4/5 5742/4/5 5748/4/5
f 5750/4/5 5746/4/5 5745/4/5
f 5751/4/5 5746/4/5 5750/4/5
f 5755/4/5 5742/4/5 5749/4/5
f 5756/4/5 5755/4/5 5754/4/5
f 5757/4/5 5742/4/5 5755/4/5
f 5757/4/5 5755/4/5 5756/4/5
f 5758/4/5 5753/4/5 5752/4/5
f 5759/4/5 5753/4/5 5758/4/5
f 5760/4/5 5742/4/5 5757/4/5
f 5761/4/5 5742/4/5 5760/4/5
f 5764/4/5 5763/4/5 5762/4/5
f 5765/4/5 5763/4/5 5764/4/5
f 5766/4/5 5742/4/5 5761/4/5
f 5769/4/5 5764/4/5 5762/4/5
f 5770/4/5 5769/4/5 5768/4/5
f 5771/4/5 5764/4/5 5769/4/5
f 5771/4/5 5769/4/5 5770/4/5
f 5772/4/5 5767/4/5 5766/4/5
f 5776/4/5 5766/4/5 5761/4/5
f 5776/4/5 5772/4/5 5766/4/5
f 5776/4/5 5773/4/5 5772/4/5
f 5777/4/5 5773/4/5 5776/4/5
f 5778/4/5 5775/4/5 5774/4/5
f 5786/4/5 5779/4/5 5778/4/5
f 5786/4/5 5778/4/5 5774/4/5
f 5787/4/5 5784/4/5 5783/4/5
f 5788/4/5 5784/4/5 5787/4/5
f 5789/4/5 5786/4/5 5785/4/5
f 5789/4/5 5779/4/5 5786/4/5
f 5790/4/5 5779/4/5 5789/4/5
f 5791/4/5 5782/4/5 5781/4/5
f 5791/4/5 5781/4/5 5780/4/5
f 5794/4/5 5789/4/5 5785/4/5
f 5796/4/5 5792/4/5 5791/4/5
f 5796/4/5 5791/4/5 5780/4/5
f 5797/4/5 5792/4/5 5796/4/5
f 5800/4/5 5794/4/5 5793/4/5
f 5801/4/5 5798/4/5 5797/4/5
f 5801/4/5 5796/4/5 5795/4/5
f 5801/4/5 5797/4/5 5796/4/5
f 5804/4/5 5800/4/5 5799/4/5
f 5805/4/5 5789/4/5 5794/4/5
f 5805/4/5 5794/4/5 5800/4/5
f 5805/4/5 5800/4/5 5804/4/5
f 5806/4/5 5789/4/5 5805/4/5
f 5807/4/5 5802/4/5 5801/4/5
f 5810/4/5 5804/4/5 5803/4/5
f 5810/4/5 5805/4/5 5804/4/5
f 5811/4/5 5808/4/5 5807/4/5
f 5813/4/5 5810/4/5 5809/4/5
f 5814/4/5 5805/4/5 5810/4/5
f 5814/4/5 5810/4/5 5813/4/5
f 5815/4/5 5805/4/5 5814/4/5
f 5816/4/5 5811/4/5 5807/4/5
f 5816/4/5 5801/4/5 5795/4/5
f 5816/4/5 5807/4/5 5801/4/5
f 5817/4/5 5811/4/5 5816/4/5
f 5818/4/5 5811/4/5 5817/4/5
f 5822/4/5 5814/4/5 5813/4/5
f 5822/4/5 5813/4/5 5812/4/5
f 5823/4/5 5814/4/5 5822/4/5
f 5824/4/5 5814/4/5 5823/4/5
f 5825/4/5 5820/4/5 5819/4/5
f 5825/4/5 5819/4/5 5818/4/5
f 5825/4/5 5818/4/5 5817/4/5
f 5826/4/5 5820/4/5 5825/4/5
f 5827/4/5 5820/4/5 5826/4/5
f 5830/4/5 5823/4/5 5822/4/5
f 5830/4/5 5822/4/5 5821/4/5
f 5831/4/5 5825/4/5 5817/4/5
f 5832/4/5 5825/4/5 5831/4/5
f 5833/4/5 5825/4/5 5832/4/5
f 5834/4/5 5825/4/5 5833/4/5
f 5835/4/5 5828/4/5 5827/4/5
f 5835/4/5 5827/4/5 5826/4/5
f 5836/4/5 5828/4/5 5835/4/5
f 5837/4/5 5828/4/5 5836/4/5
f 5840/4/5 5830/4/5 5829/4/5
f 5841/4/5 5823/4/5 5830/4/5
f 5841/4/5 5830/4/5 5840/4/5
f 5842/4/5 5823/4/5 5841/4/5
f 5843/4/5 5833/4/5 5832/4/5
f 5844/4/5 5833/4/5 5843/4/5
f 5845/4/5 5838/4/5 5837/4/5
f 5845/4/5 5837/4/5 5836/4/5
f 5846/4/5 5838/4/5 5845/4/5
f 5847/4/5 5838/4/5 5846/4/5
f 5849/4/5 5841/4/5 5840/4/5
f 5849/4/5 5840/4/5 5839/4/5
f 5850/4/5 5841/4/5 5849/4/5
f 5851/4/5 5841/4/5 5850/4/5
f 5852/4/5 5847/4/5 5846/4/5
f 5853/4/5 5847/4/5 5852/4/5
f 5854/4/5 5850/4/5 5849/4/5
f 5854/4/5 5849/4/5 5848/4/5
f 5855/4/5 5850/4/5 5854/4/5
f 5856/4/5 5841/4/5 5851/4/5
f 5857/4/5 5841/4/5 5856/4/5
f 5858/4/5 5841/4/5 5857/4/5
f 5859/4/5 5841/4/5 5858/4/5
f 5860/4/5 5850/4/5 5855/4/5
f 5861/4/5 5850/4/5 5860/4/5
f 5862/4/5 5858/4/5 5857/4/5
f 5863/4/5 5858/4/5 5862/4/5
f 5866/4/5 5865/4/5 5864/4/5
f 5868/4/5 5867/4/5 5866/4/5
f 5870/4/5 5866/4/5 5864/4/5
f 5870/4/5 5869/4/5 5868/4/5
f 5870/4/5 5868/4/5 5866/4/5
f 5871/4/5 5869/4/5 5870/4/5
f 5872/4/5 5869/4/5 5871/4/5
f 5873/4/5 5869/4/5 5872/4/5
f 5874/4/5 5869/4/5 5873/4/5
f 5876/4/5 5875/4/5 5874/4/5
f 5876/4/5 5874/4/5 5873/4/5
f 5877/4/5 5875/4/5 5876/4/5
f 5878/4/5 5875/4/5 5877/4/5
f 5880/4/5 5876/4/5 5873/4/5
f 5881/4/5 5876/4/5 5880/4/5
f 5882/4/5 5879/4/5 5878/4/5
f 5882/4/5 5878/4/5 5877/4/5
f 5883/4/5 5879/4/5 5882/4/5
f 5887/4/5 5885/4/5 5884/4/5
f 5887/4/5 5886/4/5 5885/4/5
f 5889/4/5 5887/4/5 5884/4/5
f 5889/4/5 5888/4/5 5887/4/5
f 5890/4/5 5888/4/5 5889/4/5
f 5891/4/5 5888/4/5 5890/4/5
f 5892/4/5 5888/4/5 5891/4/5
f 5894/4/5 5893/4/5 5892/4/5
f 5895/4/5 5893/4/5 5894/4/5
f 5897/4/5 5896/4/5 5895/4/5
f 5898/4/5 5896/4/5 5897/4/5
f 5902/4/5 5900/4/5 5899/4/5
f 5903/4/5 5902/4/5 5901/4/5
f 5904/4/5 5900/4/5 5902/4/5
f 5904/4/5 5902/4/5 5903/4/5
f 5906/4/5 5900/4/5 5904/4/5
f 5907/4/5 5900/4/5 5906/4/5
f 5910/4/5 5906/4/5 5905/4/5
f 5911/4/5 5906/4/5 5910/4/5
f 5912/4/5 5909/4/5 5908/4/5
f 5914/4/5 5912/4/5 5908/4/5
f 5914/4/5 5913/4/5 5912/4/5
f 5915/4/5 5913/4/5 5914/4/5
f 5916/4/5 5913/4/5 5915/4/5
f 5917/4/5 5913/4/5 5916/4/5
f 5920/4/5 5916/4/5 5915/4/5
f 5921/4/5 5916/4/5 5920/4/5
f 5922/5/5 5919/5/5 5918/5/5
f 5923/5/5 5919/5/5 5922/5/5
f 5928/4/5 5925/4/5 5924/4/5
f 5929/4/5 5925/4/5 5928/4/5
f 5932/4/5 5927/4/5 5926/4/5
f 5933/4/5 5927/4/5 5932/4/5
f 5935/4/5 5931/4/5 5930/4/5
f 5936/4/5 5931/4/5 5935/4/5
f 5937/4/5 5934/4/5 5933/4/5
f 5941/4/5 5937/4/5 5933/4/5
f 5941/4/5 5938/4/5 5937/4/5
f 5942/4/5 5938/4/5 5941/4/5
f 5943/4/5 5938/4/5 5942/4/5
f 5944/4/5 5940/4/5 5939/4/5
f 5945/4/5 5940/4/5 5944/4/5
f 5946/4/5 5943/4/5 5942/4/5
f 5946/4/5 5945/4/5 5944/4/5
f 5946/4/5 5944/4/5 5943/4/5
f 5947/4/5 5945/4/5 5946/4/5
f 5950/4/5 5949/4/5 5948/4/5
f 5951/4/5 5949/4/5 5950/4/5
f 5953/4/5 5952/4/5 5951/4/5
f 5954/4/5 5952/4/5 5953/4/5
f 5956/4/5 5955/4/5 5954/4/5
f 5957/4/5 5955/4/5 5956/4/5
f 5961/4/5 5959/4/5 5958/4/5
f 5962/4/5 5959/4/5 5961/4/5
f 5963/4/5 5961/4/5 5960/4/5
f 5964/4/5 5961/4/5 5963/4/5
f 5966/4/5 5965/4/5 5964/4/5
f 5967/4/5 5965/4/5 5966/4/5
f 5971/4/5 5969/4/5 5968/4/5
f 5972/4/5 5969/4/5 5971/4/5
f 5973/4/5 5971/4/5 5970/4/5
f 5974/4/5 5971/4/5 5973/4/5
f 5976/4/5 5975/4/5 5974/4/5
f 5977/4/5 5975/4/5 5976/4/5
f 5982/5/5 5981/5/5 5980/5/5
f 5983/5/5 5981/5/5 5982/5/5
f 5984/4/5 5979/4/5 5978/4/5
f 5985/4/5 5979/4/5 5984/4/5
f 5990/5/5 5989/5/5 5988/5/5
f 5991/5/5 5989/5/5 5990/5/5
f 5992/4/5 5987/4/5 5986/4/5
f 5993/4/5 5987/4/5 5992/4/5
f 5998/5/5 5995/5/5 5994/5/5
f 5999/4/5 5997/4/5 5996/4/5
f 6000/4/5 5997/4/5 5999/4/5
f 6002/5/5 5995/5/5 5998/5/5
f 6003/5/5 5995/5/5 6002/5/5
f 6005/4/5 6001/4/5 6000/4/5
f 6006/4/5 6001/4/5 6005/4/5
f 6007/4/5 6005/4/5 6004/4/5
f 6008/4/5 6005/4/5 6007/4/5
f 6011/4/5 6010/4/5 6009/4/5
f 6012/4/5 6010/4/5 6011/4/5
f 6015/4/5 6014/4/5 6013/4/5
f 6016/4/5 6014/4/5 6015/4/5
f 6021/4/5 6018/4/5 6017/4/5
f 6022/4/5 6018/4/5 6021/4/5
f 6023/4/5 6020/4/5 6019/4/5
f 6024/4/5 6020/4/5 6023/4/5
f 6027/4/5 6026/4/5 6025/4/5
f 6028/4/5 6026/4/5 6027/4/5
f 6032/2/5 6030/2/5 6029/2/5
f 6032/2/5 6031/2/5 6030/2/5
f 6033/2/5 6031/2/5 6032/2/5
f 6036/4/5 6035/4/5 6034/4/5
f 6037/4/5 6035/4/5 6036/4/5
f 6040/4/5 6039/4/5 6038/4/5
f 6041/4/5 6039/4/5 6040/4/5
f 6042/4/6 6043/4/6 6046/4/6
f 6046/4/6 6043/4/6 6047/4/6
f 6044/4/6 6045/4/6 6048/4/6
f 6048/4/6 6045/4/6 6049/4/6
f 6050/4/6 6051/4/6 6054/4/6
f 6054/4/6 6051/4/6 6055/4/6
f 6052/6/6 6053/6/6 6059/6/6
f 6056/6/6 6057/6/6 6062/6/6
f 6058/6/6 6059/6/6 6063/6/6
f 6060/6/6 6061/6/6 6064/6/6
f 6062/6/6 6063/6/6 6067/6/6
f 6056/6/6 6062/6/6 6067/6/6
f 6067/6/6 6063/6/6 6068/6/6
f 6068/6/6 6063/6/6 6069/6/6
f 6064/6/6 6065/6/6 6071/6/6
f 6060/6/6 6064/6/6 6071/6/6
f 6071/6/6 6065/6/6 6072/6/6
f 6066/6/6 6067/6/6 6073/6/6
f 6067/6/6 6068/6/6 6073/6/6
f 6073/6/6 6068/6/6 6074/6/6
f 6069/6/6 6063/6/6 6077/6/6
f 6077/6/6 6063/6/6 6078/6/6
f 6070/6/6 6071/6/6 6080/6/6
f 6075/6/6 6076/6/6 6082/6/6
f 6082/6/6 6076/6/6 6083/6/6
f 6078/6/6 6063/6/6 6084/6/6
f 6059/6/6 6053/6/6 6085/6/6
f 6084/6/6 6063/6/6 6085/6/6
f 6063/6/6 6059/6/6 6085/6/6
f 6085/6/6 6053/6/6 6086/6/6
f 6079/6/6 6080/6/6 6088/6/6
f 6080/6/6 6071/6/6 6089/6/6
f 6088/6/6 6080/6/6 6089/6/6
f 6081/6/6 6082/6/6 6093/6/6
f 6093/6/6 6082/6/6 6094/6/6
f 6094/6/6 6082/6/6 6095/6/6
f 6086/6/6 6087/6/6 6096/6/6
f 6085/6/6 6086/6/6 6096/6/6
f 6096/6/6 6087/6/6 6097/6/6
f 6089/6/6 6071/6/6 6098/6/6
f 6090/6/6 6091/6/6 6099/6/6
f 6099/6/6 6091/6/6 6100/6/6
f 6093/6/6 6094/6/6 6101/6/6
f 6092/6/6 6093/6/6 6101/6/6
f 6101/6/6 6094/6/6 6102/6/6
f 6098/6/6 6071/6/6 6103/6/6
f 6103/6/6 6071/6/6 6104/6/6
f 6100/6/6 6091/6/6 6105/6/6
f 6105/6/6 6091/6/6 6106/6/6
f 6092/6/6 6101/6/6 6107/6/6
f 6107/6/6 6101/6/6 6108/6/6
f 6092/6/6 6107/6/6 6111/6/6
f 6111/6/6 6107/6/6 6112/6/6
f 6108/6/6 6101/6/6 6113/6/6
f 6113/6/6 6101/6/6 6114/6/6
f 6115/6/6 6116/6/6 6119/6/6
f 6117/6/6 6118/6/6 6121/6/6
f 6121/6/6 6118/6/6 6122/6/6
f 6115/6/6 6119/6/6 6123/6/6
f 6119/6/6 6120/6/6 6123/6/6
f 6123/6/6 6120/6/6 6124/6/6
f 6109/6/6 6110/6/6 6126/6/6
f 6115/6/6 6123/6/6 6127/6/6
f 6127/6/6 6123/6/6 6128/6/6
f 6125/6/6 6126/6/6 6130/6/6
f 6129/6/6 6130/6/6 6133/6/6
f 6130/6/6 6126/6/6 6134/6/6
f 6133/6/6 6130/6/6 6134/6/6
f 6134/6/6 6126/6/6 6135/6/6
f 6126/6/6 6110/6/6 6136/6/6
f 6135/6/6 6126/6/6 6136/6/6
f 6131/6/6 6132/6/6 6137/6/6
f 6137/6/6 6132/6/6 6138/6/6
f 6139/6/6 6140/6/6 6143/6/6
f 6143/6/6 6140/6/6 6144/6/6
f 6141/6/6 6142/6/6 6146/6/6
f 6146/6/6 6142/6/6 6147/6/6
f 6145/6/6 6146/6/6 6149/6/6
f 6149/6/6 6146/6/6 6150/6/6
f 6147/6/6 6148/6/6 6151/6/6
f 6151/6/6 6148/6/6 6152/6/6
f 6136/6/6 6110/6/6 6153/6/6
f 6136/6/6 6153/6/6 6158/6/6
f 6153/6/6 6154/6/6 6158/6/6
f 6158/6/6 6154/6/6 6159/6/6
f 6155/6/6 6156/6/6 6164/6/6
f 6157/6/6 6158/6/6 6165/6/6
f 6158/6/6 6159/6/6 6165/6/6
f 6159/6/6 6160/6/6 6165/6/6
f 6165/6/6 6160/6/6 6166/6/6
f 6166/6/6 6160/6/6 6167/6/6
f 6161/6/6 6162/6/6 6172/6/6
f 6172/6/6 6162/6/6 6173/6/6
f 6163/6/6 6164/6/6 6175/6/6
f 6164/6/6 6156/6/6 6176/6/6
f 6175/6/6 6164/6/6 6176/6/6
f 6166/6/6 6167/6/6 6177/6/6
f 6167/6/6 6168/6/6 6177/6/6
f 6177/6/6 6168/6/6 6178/6/6
f 6178/6/6 6168/6/6 6179/6/6
f 6169/6/6 6170/6/6 6180/6/6
f 6180/6/6 6170/6/6 6181/6/6
f 6171/6/6 6172/6/6 6183/6/6
f 6183/6/6 6172/6/6 6184/6/6
f 6174/6/6 6175/6/6 6186/6/6
f 6186/6/6 6175/6/6 6187/6/6
f 6178/6/6 6179/6/6 6189/6/6
f 6181/6/6 6182/6/6 6189/6/6
f 6179/6/6 6180/6/6 6189/6/6
f 6180/6/6 6181/6/6 6189/6/6
f 6189/6/6 6182/6/6 6190/6/6
f 6190/6/6 6182/6/6 6191/6/6
f 6187/6/6 6188/6/6 6195/6/6
f 6186/6/6 6187/6/6 6195/6/6
f 6185/6/6 6186/6/6 6195/6/6
f 6178/6/6 6189/6/6 6197/6/6
f 6197/6/6 6189/6/6 6198/6/6
f 6193/6/6 6194/6/6 6199/6/6
f 6199/6/6 6194/6/6 6200/6/6
f 6200/6/6 6194/6/6 6201/6/6
f 6195/6/6 6196/6/6 6202/6/6
f 6185/6/6 6195/6/6 6202/6/6
f 6202/6/6 6196/6/6 6203/6/6
f 6191/6/6 6192/6/6 6206/6/6
f 6190/6/6 6191/6/6 6206/6/6
f 6206/6/6 6192/6/6 6207/6/6
f 6200/6/6 6201/6/6 6208/6/6
f 6201/6/6 6202/6/6 6208/6/6
f 6208/6/6 6202/6/6 6209/6/6
f 6204/6/6 6205/6/6 6210/6/6
f 6210/6/6 6205/6/6 6211/6/6
f 6212/6/6 6213/6/6 6214/6/6
f 6214/6/6 6213/6/6 6215/6/6
f 6216/4/6 6217/4/6 6222/4/6
f 6222/4/6 6217/4/6 6223/4/6
f 6220/4/6 6221/4/6 6226/4/6
f 6226/4/6 6221/4/6 6227/4/6
f 6224/4/6 6225/4/6 6229/4/6
f 6229/4/6 6225/4/6 6230/4/6
f 6230/4/6 6225/4/6 6231/4/6
f 6228/4/6 6229/4/6 6232/4/6
f 6229/4/6 6230/4/6 6232/4/6
f 6232/4/6 6230/4/6 6233/4/6
f 6234/4/6 6235/4/6 6237/4/6
f 6237/4/6 6235/4/6 6238/4/6
f 6218/4/6 6219/4/6 6239/4/6
f 6239/4/6 6219/4/6 6240/4/6
f 6240/4/6 6219/4/6 6241/4/6
f 6236/4/6 6237/4/6 6244/4/6
f 6241/4/6 6242/4/6 6245/4/6
f 6245/4/6 6242/4/6 6246/4/6
f 6228/4/6 6232/4/6 6247/4/6
f 6247/4/6 6232/4/6 6248/4/6
f 6243/4/6 6244/4/6 6249/4/6
f 6244/4/6 6237/4/6 6249/4/6
f 6249/4/6 6237/4/6 6250/4/6
f 6243/4/6 6249/4/6 6253/4/6
f 6253/4/6 6249/4/6 6254/4/6
f 6251/4/6 6252/4/6 6255/4/6
f 6255/4/6 6252/4/6 6256/4/6
f 6257/5/6 6258/5/6 6262/5/6
f 6262/5/6 6258/5/6 6263/5/6
f 6263/5/6 6258/5/6 6264/5/6
f 6264/5/6 6258/5/6 6265/5/6
f 6261/5/6 6262/5/6 6271/5/6
f 6262/5/6 6263/5/6 6271/5/6
f 6271/5/6 6263/5/6 6272/5/6
f 6272/5/6 6263/5/6 6273/5/6
f 6266/5/6 6267/5/6 6275/5/6
f 6275/5/6 6267/5/6 6276/5/6
f 6270/5/6 6271/5/6 6277/5/6
f 6271/5/6 6272/5/6 6277/5/6
f 6277/5/6 6272/5/6 6278/5/6
f 6278/5/6 6272/5/6 6279/5/6
f 6273/5/6 6274/5/6 6282/5/6
f 6282/5/6 6274/5/6 6283/5/6
f 6280/5/6 6281/5/6 6289/5/6
f 6289/5/6 6281/5/6 6290/5/6
f 6284/5/6 6285/5/6 6293/5/6
f 6293/5/6 6285/5/6 6294/5/6
f 6259/4/6 6260/4/6 6297/4/6
f 6268/4/6 6269/4/6 6299/4/6
f 6299/4/6 6269/4/6 6300/4/6
f 6286/4/6 6287/4/6 6301/4/6
f 6301/4/6 6287/4/6 6302/4/6
f 6277/5/6 6278/5/6 6303/5/6
f 6288/5/6 6289/5/6 6306/5/6
f 6291/5/6 6292/5/6 6308/5/6
f 6308/5/6 6292/5/6 6309/5/6
f 6294/5/6 6295/5/6 6310/5/6
f 6310/5/6 6295/5/6 6311/5/6
f 6296/4/6 6297/4/6 6312/4/6
f 6297/4/6 6260/4/6 6312/4/6
f 6312/4/6 6260/4/6 6313/4/6
f 6303/5/6 6278/5/6 6314/5/6
f 6314/5/6 6278/5/6 6315/5/6
f 6304/5/6 6305/5/6 6316/5/6
f 6316/5/6 6305/5/6 6317/5/6
f 6306/5/6 6307/5/6 6318/5/6
f 6288/5/6 6306/5/6 6318/5/6
f 6318/5/6 6307/5/6 6319/5/6
f 6296/4/6 6312/4/6 6322/4/6
f 6322/4/6 6312/4/6 6323/4/6
f 6298/4/6 6299/4/6 6324/4/6
f 6324/4/6 6299/4/6 6325/4/6
f 6316/5/6 6317/5/6 6326/5/6
f 6314/5/6 6315/5/6 6326/5/6
f 6315/5/6 6316/5/6 6326/5/6
f 6317/5/6 6318/5/6 6326/5/6
f 6326/5/6 6318/5/6 6327/5/6
f 6327/5/6 6318/5/6 6328/5/6
f 6320/3/6 6321/3/6 6329/3/6
f 6329/3/6 6321/3/6 6330/3/6
f 6331/5/6 6332/5/6 6335/5/6
f 6314/5/6 6326/5/6 6336/5/6
f 6333/5/6 6334/5/6 6337/5/6
f 6337/5/6 6334/5/6 6338/5/6
f 6331/5/6 6335/5/6 6339/5/6
f 6339/5/6 6335/5/6 6340/5/6
f 6314/5/6 6336/5/6 6343/5/6
f 6341/4/6 6342/4/6 6346/4/6
f 6346/4/6 6342/4/6 6347/4/6
f 6343/5/6 6344/5/6 6348/5/6
f 6314/5/6 6343/5/6 6348/5/6
f 6348/5/6 6344/5/6 6349/5/6
f 6349/5/6 6344/5/6 6354/5/6
f 6354/5/6 6344/5/6 6355/5/6
f 6352/3/6 6353/3/6 6356/3/6
f 6356/3/6 6353/3/6 6357/3/6
f 6314/5/6 6348/5/6 6360/5/6
f 6350/3/6 6351/3/6 6364/3/6
f 6364/3/6 6351/3/6 6365/3/6
f 6356/5/6 6357/5/6 6366/5/6
f 6345/4/6 6346/4/6 6367/4/6
f 6367/4/6 6346/4/6 6368/4/6
f 6314/5/6 6360/5/6 6369/5/6
f 6360/5/6 6361/5/6 6369/5/6
f 6369/5/6 6361/5/6 6370/5/6
f 6370/5/6 6371/5/6 6372/5/6
f 6372/5/6 6371/5/6 6373/5/6
f 6362/5/6 6363/5/6 6374/5/6
f 6374/5/6 6363/5/6 6375/5/6
f 6366/5/6 6357/5/6 6377/5/6
f 6377/5/6 6357/5/6 6378/5/6
f 6314/5/6 6369/5/6 6380/5/6
f 6378/5/6 6379/5/6 6386/5/6
f 6377/5/6 6378/5/6 6386/5/6
f 6376/5/6 6377/5/6 6386/5/6
f 6386/5/6 6379/5/6 6387/5/6
f 6382/5/6 6383/5/6 6388/5/6
f 6381/5/6 6382/5/6 6388/5/6
f 6314/5/6 6380/5/6 6388/5/6
f 6380/5/6 6381/5/6 6388/5/6
f 6388/5/6 6383/5/6 6389/5/6
f 6384/5/6 6385/5/6 6390/5/6
f 6390/5/6 6385/5/6 6391/5/6
f 6376/5/6 6386/5/6 6395/5/6
f 6395/5/6 6386/5/6 6396/5/6
f 6396/5/6 6386/5/6 6397/5/6
f 6397/5/6 6386/5/6 6398/5/6
f 6389/5/6 6383/5/6 6399/5/6
f 6399/5/6 6383/5/6 6400/5/6
f 6392/5/6 6393/5/6 6402/5/6
f 6402/5/6 6393/5/6 6403/5/6
f 6395/5/6 6396/5/6 6404/5/6
f 6394/5/6 6395/5/6 6404/5/6
f 6404/5/6 6396/5/6 6405/5/6
f 6405/5/6 6396/5/6 6406/5/6
f 6406/5/6 6396/5/6 6407/5/6
f 6358/4/6 6359/4/6 6409/4/6
f 6409/4/6 6359/4/6 6410/4/6
f 6400/5/6 6401/5/6 6411/5/6
f 6411/5/6 6401/5/6 6412/5/6
f 6405/5/6 6406/5/6 6416/5/6
f 6416/5/6 6406/5/6 6417/5/6
f 6407/5/6 6408/5/6 6418/5/6
f 6418/5/6 6408/5/6 6419/5/6
f 6412/5/6 6413/5/6 6423/5/6
f 6423/5/6 6413/5/6 6424/5/6
f 6414/5/6 6415/5/6 6427/5/6
f 6427/5/6 6415/5/6 6428/5/6
f 6416/5/6 6417/5/6 6432/5/6
f 6417/5/6 6418/5/6 6432/5/6
f 6432/5/6 6418/5/6 6433/5/6
f 6433/5/6 6418/5/6 6434/5/6
f 6420/4/6 6421/4/6 6435/4/6
f 6435/4/6 6421/4/6 6436/4/6
f 6424/5/6 6425/5/6 6438/5/6
f 6422/5/6 6423/5/6 6438/5/6
f 6423/5/6 6424/5/6 6438/5/6
f 6438/5/6 6425/5/6 6439/5/6
f 6426/5/6 6427/5/6 6440/5/6
f 6440/5/6 6427/5/6 6441/5/6
f 6428/5/6 6415/5/6 6443/5/6
f 6429/5/6 6430/5/6 6444/5/6
f 6432/5/6 6433/5/6 6445/5/6
f 6431/5/6 6432/5/6 6445/5/6
f 6445/5/6 6433/5/6 6446/5/6
f 6446/5/6 6433/5/6 6447/5/6
f 6442/5/6 6443/5/6 6448/5/6
f 6443/5/6 6415/5/6 6449/5/6
f 6448/5/6 6443/5/6 6449/5/6
f 6449/5/6 6415/5/6 6450/5/6
f 6450/5/6 6415/5/6 6451/5/6
f 6445/5/6 6446/5/6 6452/5/6
f 6444/5/6 6445/5/6 6452/5/6
f 6429/5/6 6444/5/6 6452/5/6
f 6452/5/6 6446/5/6 6453/5/6
f 6436/4/6 6437/4/6 6454/4/6
f 6453/5/6 6446/5/6 6456/5/6
f 6456/5/6 6446/5/6 6457/5/6
f 6436/4/6 6454/4/6 6460/4/6
f 6454/4/6 6455/4/6 6460/4/6
f 6460/4/6 6455/4/6 6461/4/6
f 6458/4/6 6459/4/6 6468/4/6
f 6468/4/6 6459/4/6 6469/4/6
f 6436/4/6 6460/4/6 6470/4/6
f 6461/4/6 6462/4/6 6471/4/6
f 6471/4/6 6462/4/6 6472/4/6
f 6463/4/6 6464/4/6 6473/4/6
f 6473/4/6 6464/4/6 6474/4/6
f 6465/4/6 6466/4/6 6475/4/6
f 6475/4/6 6466/4/6 6476/4/6
f 6467/4/6 6468/4/6 6478/4/6
f 6436/4/6 6470/4/6 6479/4/6
f 6470/4/6 6471/4/6 6479/4/6
f 6479/4/6 6471/4/6 6480/4/6
f 6477/4/6 6478/4/6 6483/4/6
f 6478/4/6 6468/4/6 6483/4/6
f 6483/4/6 6468/4/6 6484/4/6
f 6477/4/6 6483/4/6 6485/4/6
f 6485/4/6 6483/4/6 6486/4/6
f 6481/4/6 6482/4/6 6490/4/6
f 6490/4/6 6482/4/6 6491/4/6
f 6489/4/6 6490/4/6 6494/4/6
f 6494/4/6 6490/4/6 6495/4/6
f 6487/4/6 6488/4/6 6498/4/6
f 6498/4/6 6488/4/6 6499/4/6
f 6492/4/6 6493/4/6 6500/4/6
f 6500/4/6 6493/4/6 6501/4/6
f 6495/4/6 6496/4/6 6503/4/6
f 6503/4/6 6496/4/6 6504/4/6
f 6501/4/6 6502/4/6 6506/4/6
f 6506/4/6 6502/4/6 6507/4/6
f 6497/4/6 6498/4/6 6508/4/6
f 6508/4/6 6498/4/6 6509/4/6
f 6505/4/6 6506/4/6 6510/4/6
f 6510/4/6 6506/4/6 6511/4/6
f 6512/4/6 6513/4/6 6520/4/6
f 6520/4/6 6513/4/6 6521/4/6
f 6514/4/6 6515/4/6 6522/4/6
f 6522/4/6 6515/4/6 6523/4/6
f 6523/4/6 6515/4/6 6524/4/6
f 6516/4/6 6517/4/6 6525/4/6
f 6525/4/6 6517/4/6 6526/4/6
f 6518/4/6 6519/4/6 6527/4/6
f 6527/4/6 6519/4/6 6528/4/6
f 6528/4/6 6519/4/6 6529/4/6
f 6512/4/6 6520/4/6 6530/4/6
f 6530/4/6 6520/4/6 6531/4/6
f 6527/4/6 6528/4/6 6534/4/6
f 6534/4/6 6528/4/6 6535/4/6
f 6532/4/6 6533/4/6 6538/4/6
f 6533/4/6 6534/4/6 6538/4/6
f 6538/4/6 6534/4/6 6539/4/6
f 6535/4/6 6528/4/6 6540/4/6
f 6540/4/6 6528/4/6 6541/4/6
f 6536/4/6 6537/4/6 6543/4/6
f 6543/4/6 6537/4/6 6544/4/6
f 6542/4/6 6543/4/6 6546/4/6
f 6544/4/6 6545/4/6 6546/4/6
f 6543/4/6 6544/4/6 6546/4/6
f 6546/4/6 6545/4/6 6547/4/6
f 6547/4/6 6545/4/6 6548/4/6
f 6548/4/6 6549/4/6 6550/4/6
f 6547/4/6 6548/4/6 6550/4/6
f 6550/4/6 6549/4/6 6551/4/6
f 6551/4/6 6549/4/6 6552/4/6
f 6542/4/6 6546/4/6 6561/4/6
f 6561/4/6 6546/4/6 6562/4/6
f 6551/4/6 6552/4/6 6563/4/6
f 6552/4/6 6553/4/6 6563/4/6
f 6563/4/6 6553/4/6 6564/4/6
f 6522/4/6 6523/4/6 6565/4/6
f 6565/4/6 6523/4/6 6566/4/6
f 6554/4/6 6555/4/6 6567/4/6
f 6567/4/6 6555/4/6 6568/4/6
f 6556/4/6 6557/4/6 6569/4/6
f 6569/4/6 6557/4/6 6570/4/6
f 6558/4/6 6559/4/6 6571/4/6
f 6571/4/6 6559/4/6 6572/4/6
f 6573/4/6 6574/4/6 6577/4/6
f 6577/4/6 6574/4/6 6578/4/6
f 6575/4/6 6576/4/6 6581/4/6
f 6581/4/6 6576/4/6 6582/4/6
f 6560/4/6 6561/4/6 6583/4/6
f 6583/4/6 6561/4/6 6584/4/6
f 6579/4/6 6580/4/6 6585/4/6
f 6585/4/6 6580/4/6 6586/4/6
f 6587/5/6 6588/5/6 6592/5/6
f 6592/5/6 6588/5/6 6593/5/6
f 6593/5/6 6588/5/6 6594/5/6
f 6589/4/6 6590/4/6 6597/4/6
f 6591/5/6 6592/5/6 6601/5/6
f 6592/5/6 6593/5/6 6601/5/6
f 6601/5/6 6593/5/6 6602/5/6
f 6595/5/6 6596/5/6 6605/5/6
f 6605/5/6 6596/5/6 6606/5/6
f 6606/5/6 6596/5/6 6607/5/6
f 6599/5/6 6600/5/6 6612/5/6
f 6603/5/6 6604/5/6 6615/5/6
f 6615/5/6 6604/5/6 6616/5/6
f 6607/5/6 6608/5/6 6618/5/6
f 6606/5/6 6607/5/6 6618/5/6
f 6618/5/6 6608/5/6 6619/5/6
f 6597/4/6 6598/4/6 6621/4/6
f 6589/4/6 6597/4/6 6621/4/6
f 6621/4/6 6598/4/6 6622/4/6
f 6609/4/6 6610/4/6 6623/4/6
f 6623/4/6 6610/4/6 6624/4/6
f 6611/5/6 6612/5/6 6625/5/6
f 6612/5/6 6600/5/6 6626/5/6
f 6625/5/6 6612/5/6 6626/5/6
f 6626/5/6 6600/5/6 6627/5/6
f 6613/5/6 6614/5/6 6628/5/6
f 6628/5/6 6614/5/6 6629/5/6
f 6617/5/6 6618/5/6 6631/5/6
f 6631/5/6 6618/5/6 6632/5/6
f 6630/5/6 6631/5/6 6636/5/6
f 6636/5/6 6631/5/6 6637/5/6
f 6635/3/6 6636/3/6 6642/3/6
f 6642/3/6 6636/3/6 6643/3/6
f 6633/5/6 6634/5/6 6644/5/6
f 6644/5/6 6634/5/6 6645/5/6
f 6620/4/6 6621/4/6 6648/4/6
f 6648/4/6 6621/4/6 6649/4/6
f 6638/5/6 6639/5/6 6650/5/6
f 6640/5/6 6641/5/6 6651/5/6
f 6651/5/6 6641/5/6 6652/5/6
f 6642/3/6 6643/3/6 6653/3/6
f 6643/3/6 6644/3/6 6653/3/6
f 6653/3/6 6644/3/6 6654/3/6
f 6654/3/6 6644/3/6 6655/3/6
f 6655/3/6 6644/3/6 6656/3/6
f 6646/4/6 6647/4/6 6657/4/6
f 6657/4/6 6647/4/6 6658/4/6
f 6638/5/6 6650/5/6 6659/5/6
f 6659/5/6 6650/5/6 6660/5/6
f 6654/5/6 6655/5/6 6661/5/6
f 6661/5/6 6655/5/6 6662/5/6
f 6656/3/6 6644/3/6 6663/3/6
f 6663/3/6 6644/3/6 6664/3/6
f 6662/5/6 6663/5/6 6667/5/6
f 6663/3/6 6664/3/6 6668/3/6
f 6667/5/6 6663/5/6 6668/5/6
f 6664/5/6 6665/5/6 6669/5/6
f 6668/3/6 6664/3/6 6669/3/6
f 6669/5/6 6665/5/6 6670/5/6
f 6666/5/6 6667/5/6 6675/5/6
f 6675/5/6 6667/5/6 6676/5/6
f 6668/5/6 6669/5/6 6677/5/6
f 6669/3/6 6670/3/6 6678/3/6
f 6677/5/6 6669/5/6 6678/5/6
f 6678/3/6 6670/3/6 6679/3/6
f 6671/4/6 6672/4/6 6680/4/6
f 6680/4/6 6672/4/6 6681/4/6
f 6673/5/6 6674/5/6 6687/5/6
f 6687/5/6 6674/5/6 6688/5/6
f 6677/3/6 6678/3/6 6690/3/6
f 6682/4/6 6683/4/6 6691/4/6
f 6691/4/6 6683/4/6 6692/4/6
f 6689/5/6 6690/5/6 6693/5/6
f 6690/3/6 6678/3/6 6693/3/6
f 6693/3/6 6678/3/6 6694/3/6
f 6685/5/6 6686/5/6 6696/5/6
f 6684/5/6 6685/5/6 6696/5/6
f 6696/5/6 6686/5/6 6697/5/6
f 6693/5/6 6694/5/6 6699/5/6
f 6689/5/6 6693/5/6 6699/5/6
f 6699/5/6 6694/5/6 6700/5/6
f 6700/5/6 6694/5/6 6701/5/6
f 6698/5/6 6699/5/6 6703/5/6
f 6699/5/6 6700/5/6 6703/5/6
f 6703/5/6 6700/5/6 6704/5/6
f 6704/5/6 6700/5/6 6705/5/6
f 6695/5/6 6696/5/6 6706/5/6
f 6706/5/6 6696/5/6 6707/5/6
f 6697/5/6 6686/5/6 6708/5/6
f 6708/5/6 6686/5/6 6709/5/6
f 6702/5/6 6703/5/6 6712/5/6
f 6703/5/6 6704/5/6 6712/5/6
f 6712/5/6 6704/5/6 6713/5/6
f 6713/5/6 6704/5/6 6714/5/6
f 6710/5/6 6711/5/6 6719/5/6
f 6719/5/6 6711/5/6 6720/5/6
f 6714/5/6 6715/5/6 6723/5/6
f 6723/5/6 6715/5/6 6724/5/6
f 6716/5/6 6717/5/6 6727/5/6
f 6727/5/6 6717/5/6 6728/5/6
f 6728/5/6 6717/5/6 6729/5/6
f 6718/5/6 6719/5/6 6730/5/6
f 6730/5/6 6719/5/6 6731/5/6
f 6721/5/6 6722/5/6 6732/5/6
f 6732/5/6 6722/5/6 6733/5/6
f 6725/5/6 6726/5/6 6743/5/6
f 6743/5/6 6726/5/6 6744/5/6
f 6728/5/6 6729/5/6 6747/5/6
f 6729/5/6 6730/5/6 6747/5/6
f 6747/5/6 6730/5/6 6748/5/6
f 6748/5/6 6730/5/6 6749/5/6
f 6734/5/6 6735/5/6 6752/5/6
f 6735/5/6 6736/5/6 6752/5/6
f 6752/5/6 6736/5/6 6753/5/6
f 6740/5/6 6741/5/6 6754/5/6
f 6739/5/6 6740/5/6 6754/5/6
f 6737/5/6 6738/5/6 6754/5/6
f 6738/5/6 6739/5/6 6754/5/6
f 6754/5/6 6741/5/6 6755/5/6
f 6755/5/6 6741/5/6 6756/5/6
f 6756/5/6 6741/5/6 6757/5/6
f 6757/5/6 6741/5/6 6758/5/6
f 6742/5/6 6743/5/6 6759/5/6
f 6759/5/6 6743/5/6 6760/5/6
f 6745/4/6 6746/4/6 6762/4/6
f 6762/4/6 6746/4/6 6763/4/6
f 6749/5/6 6750/5/6 6765/5/6
f 6748/5/6 6749/5/6 6765/5/6
f 6765/5/6 6750/5/6 6766/5/6
f 6751/5/6 6752/5/6 6767/5/6
f 6767/5/6 6752/5/6 6768/5/6
f 6756/5/6 6757/5/6 6772/5/6
f 6772/5/6 6757/5/6 6773/5/6
f 6763/4/6 6764/4/6 6776/4/6
f 6762/4/6 6763/4/6 6776/4/6
f 6761/4/6 6762/4/6 6776/4/6
f 6776/4/6 6764/4/6 6777/4/6
f 6768/5/6 6769/5/6 6778/5/6
f 6778/5/6 6769/5/6 6779/5/6
f 6774/4/6 6775/4/6 6780/4/6
f 6780/4/6 6775/4/6 6781/4/6
f 6770/5/6 6771/5/6 6783/5/6
f 6783/5/6 6771/5/6 6784/5/6
f 6781/4/6 6782/4/6 6785/4/6
f 6785/4/6 6782/4/6 6786/4/6
f 6786/4/6 6787/4/6 6791/4/6
f 6788/4/6 6789/4/6 6793/4/6
f 6793/4/6 6789/4/6 6794/4/6
f 6790/4/6 6791/4/6 6799/4/6
f 6791/4/6 6787/4/6 6800/4/6
f 6799/4/6 6791/4/6 6800/4/6
f 6800/4/6 6787/4/6 6801/4/6
f 6801/4/6 6787/4/6 6802/4/6
f 6792/4/6 6793/4/6 6803/4/6
f 6803/4/6 6793/4/6 6804/4/6
f 6795/4/6 6796/4/6 6805/4/6
f 6805/4/6 6796/4/6 6806/4/6
f 6801/4/6 6802/4/6 6809/4/6
f 6802/4/6 6803/4/6 6809/4/6
f 6809/4/6 6803/4/6 6810/4/6
f 6810/4/6 6803/4/6 6811/4/6
f 6806/4/6 6807/4/6 6814/4/6
f 6814/4/6 6807/4/6 6815/4/6
f 6808/4/6 6809/4/6 6816/4/6
f 6809/4/6 6810/4/6 6816/4/6
f 6816/4/6 6810/4/6 6817/4/6
f 6761/4/6 6776/4/6 6818/4/6
f 6817/4/6 6810/4/6 6821/4/6
f 6821/4/6 6810/4/6 6822/4/6
f 6822/4/6 6810/4/6 6823/4/6
f 6812/4/6 6813/4/6 6824/4/6
f 6824/4/6 6813/4/6 6825/4/6
f 6797/4/6 6798/4/6 6827/4/6
f 6827/4/6 6798/4/6 6828/4/6
f 6818/4/6 6819/4/6 6830/4/6
f 6761/4/6 6818/4/6 6830/4/6
f 6830/4/6 6819/4/6 6831/4/6
f 6820/4/6 6821/4/6 6837/4/6
f 6837/4/6 6821/4/6 6838/4/6
f 6831/4/6 6832/4/6 6839/4/6
f 6839/4/6 6832/4/6 6840/4/6
f 6833/4/6 6834/4/6 6842/4/6
f 6842/4/6 6834/4/6 6843/4/6
f 6826/4/6 6827/4/6 6848/4/6
f 6848/4/6 6827/4/6 6849/4/6
f 6828/4/6 6829/4/6 6850/4/6
f 6835/4/6 6836/4/6 6852/4/6
f 6852/4/6 6836/4/6 6853/4/6
f 6837/4/6 6838/4/6 6854/4/6
f 6854/4/6 6838/4/6 6855/4/6
f 6841/4/6 6842/4/6 6857/4/6
f 6843/4/6 6844/4/6 6858/4/6
f 6858/4/6 6844/4/6 6859/4/6
f 6845/4/6 6846/4/6 6860/4/6
f 6860/4/6 6846/4/6 6861/4/6
f 6850/4/6 6851/4/6 6863/4/6
f 6828/4/6 6850/4/6 6863/4/6
f 6863/4/6 6851/4/6 6864/4/6
f 6864/4/6 6851/4/6 6865/4/6
f 6853/4/6 6854/4/6 6866/4/6
f 6866/4/6 6854/4/6 6867/4/6
f 6856/4/6 6857/4/6 6868/4/6
f 6857/4/6 6842/4/6 6869/4/6
f 6868/4/6 6857/4/6 6869/4/6
f 6861/4/6 6862/4/6 6870/4/6
f 6870/4/6 6862/4/6 6871/4/6
f 6847/4/6 6848/4/6 6872/4/6
f 6872/4/6 6848/4/6 6873/4/6
f 6864/4/6 6865/4/6 6874/4/6
f 6865/4/6 6866/4/6 6874/4/6
f 6874/4/6 6866/4/6 6875/4/6
f 6876/4/6 6877/4/6 6884/4/6
f 6884/4/6 6877/4/6 6885/4/6
f 6878/4/6 6879/4/6 6891/4/6
f 6891/4/6 6879/4/6 6892/4/6
f 6880/4/6 6881/4/6 6895/4/6
f 6895/4/6 6881/4/6 6896/4/6
f 6888/4/6 6889/4/6 6897/4/6
f 6897/4/6 6889/4/6 6898/4/6
f 6891/4/6 6892/4/6 6900/4/6
f 6892/4/6 6893/4/6 6900/4/6
f 6890/4/6 6891/4/6 6900/4/6
f 6900/4/6 6893/4/6 6901/4/6
f 6894/4/6 6895/4/6 6903/4/6
f 6903/4/6 6895/4/6 6904/4/6
f 6886/4/6 6887/4/6 6906/4/6
f 6898/4/6 6899/4/6 6907/4/6
f 6907/4/6 6899/4/6 6908/4/6
f 6901/4/6 6902/4/6 6909/4/6
f 6909/4/6 6902/4/6 6910/4/6
f 6905/4/6 6906/4/6 6913/4/6
f 6906/4/6 6887/4/6 6914/4/6
f 6913/4/6 6906/4/6 6914/4/6
f 6911/4/6 6912/4/6 6917/4/6
f 6917/4/6 6912/4/6 6918/4/6
f 6915/4/6 6916/4/6 6921/4/6
f 6921/4/6 6916/4/6 6922/4/6
f 6882/4/6 6883/4/6 6925/4/6
f 6914/4/6 6887/4/6 6932/4/6
f 6919/4/6 6920/4/6 6935/4/6
f 6935/4/6 6920/4/6 6936/4/6
f 6923/4/6 6924/4/6 6938/4/6
f 6938/4/6 6924/4/6 6939/4/6
f 6882/4/6 6925/4/6 6941/4/6
f 6925/4/6 6926/4/6 6941/4/6
f 6941/4/6 6926/4/6 6942/4/6
f 6927/4/6 6928/4/6 6943/4/6
f 6943/4/6 6928/4/6 6944/4/6
f 6929/4/6 6930/4/6 6945/4/6
f 6945/4/6 6930/4/6 6946/4/6
f 6931/4/6 6932/4/6 6947/4/6
f 6932/4/6 6887/4/6 6948/4/6
f 6947/4/6 6932/4/6 6948/4/6
f 6933/4/6 6934/4/6 6949/4/6
f 6949/4/6 6934/4/6 6950/4/6
f 6950/4/6 6934/4/6 6958/4/6
f 6958/4/6 6934/4/6 6959/4/6
f 6951/4/6 6952/4/6 6961/4/6
f 6961/4/6 6952/4/6 6962/4/6
f 6953/4/6 6954/4/6 6963/4/6
f 6963/4/6 6954/4/6 6964/4/6
f 6939/4/6 6940/4/6 6967/4/6
f 6938/4/6 6939/4/6 6967/4/6
f 6937/4/6 6938/4/6 6967/4/6
f 6967/4/6 6940/4/6 6968/4/6
f 6968/4/6 6940/4/6 6969/4/6
f 6955/4/6 6956/4/6 6970/4/6
f 6970/4/6 6956/4/6 6971/4/6
f 6957/4/6 6958/4/6 6972/4/6
f 6960/4/6 6961/4/6 6975/4/6
f 6975/4/6 6961/4/6 6976/4/6
f 6965/4/6 6966/4/6 6977/4/6
f 6977/4/6 6966/4/6 6978/4/6
f 6972/4/6 6973/4/6 6981/4/6
f 6974/4/6 6975/4/6 6984/4/6
f 6984/4/6 6975/4/6 6985/4/6
f 6979/4/6 6980/4/6 6989/4/6
f 6981/4/6 6982/4/6 6992/4/6
f 6957/4/6 6972/4/6 6992/4/6
f 6972/4/6 6981/4/6 6992/4/6
f 6992/4/6 6982/4/6 6993/4/6
f 6983/4/6 6984/4/6 6994/4/6
f 6988/4/6 6989/4/6 6996/4/6
f 6996/4/6 6989/4/6 6997/4/6
f 6990/5/6 6991/5/6 6999/5/6
f 6999/5/6 6991/5/6 7000/5/6
f 7000/5/6 6991/5/6 7001/5/6
f 7001/5/6 6991/5/6 7002/5/6
f 7002/5/6 6991/5/6 7003/5/6
f 6993/4/6 6982/4/6 7004/4/6
f 7004/4/6 6982/4/6 7005/4/6
f 6994/4/6 6995/4/6 7006/4/6
f 6983/4/6 6994/4/6 7006/4/6
f 7006/4/6 6995/4/6 7007/4/6
f 7007/4/6 6995/4/6 7008/4/6
f 6986/4/6 6987/4/6 7009/4/6
f 7009/4/6 6987/4/6 7010/4/6
f 6997/4/6 6989/4/6 7011/4/6
f 6989/4/6 6980/4/6 7011/4/6
f 6999/5/6 7000/5/6 7013/5/6
f 6998/5/6 6999/5/6 7013/5/6
f 7013/5/6 7000/5/6 7014/5/6
f 7014/5/6 7000/5/6 7015/5/6
f 7015/5/6 7000/5/6 7016/5/6
f 7016/5/6 7000/5/6 7017/5/6
f 7017/5/6 7000/5/6 7018/5/6
f 7001/3/6 7002/3/6 7019/3/6
f 7019/3/6 7002/3/6 7020/3/6
f 7011/4/6 7012/4/6 7024/4/6
f 6997/4/6 7011/4/6 7024/4/6
f 7024/4/6 7012/4/6 7025/4/6
f 6998/5/6 7013/5/6 7028/5/6
f 7028/5/6 7013/5/6 7029/5/6
f 7014/5/6 7015/5/6 7030/5/6
f 7030/5/6 7015/5/6 7031/5/6
f 7031/5/6 7015/5/6 7032/5/6
f 7016/5/6 7017/5/6 7033/5/6
f 7033/5/6 7017/5/6 7034/5/6
f 7018/5/6 7000/5/6 7035/5/6
f 7035/5/6 7000/5/6 7036/5/6
f 7019/5/6 7020/5/6 7037/5/6
f 7020/3/6 7021/3/6 7038/3/6
f 7037/5/6 7020/5/6 7038/5/6
f 7038/3/6 7021/3/6 7039/3/6
f 7025/4/6 7026/4/6 7041/4/6
f 7041/4/6 7026/4/6 7042/4/6
f 7028/5/6 7029/5/6 7044/5/6
f 7027/5/6 7028/5/6 7044/5/6
f 7044/5/6 7029/5/6 7045/5/6
f 7033/5/6 7034/5/6 7046/5/6
f 7034/5/6 7035/5/6 7046/5/6
f 7032/5/6 7033/5/6 7046/5/6
f 7046/5/6 7035/5/6 7047/5/6
f 7036/5/6 7037/5/6 7048/5/6
f 7037/5/6 7038/5/6 7048/5/6
f 7048/5/6 7038/5/6 7049/5/6
f 7039/5/6 7040/5/6 7050/5/6
f 7043/3/6 7044/3/6 7057/3/6
f 7057/3/6 7044/3/6 7058/3/6
f 7049/5/6 7050/5/6 7061/5/6
f 7050/5/6 7040/5/6 7062/5/6
f 7061/5/6 7050/5/6 7062/5/6
f 7051/4/6 7052/4/6 7063/4/6
f 7063/4/6 7052/4/6 7064/4/6
f 7053/4/6 7054/4/6 7065/4/6
f 7065/4/6 7054/4/6 7066/4/6
f 7055/4/6 7056/4/6 7067/4/6
f 7067/4/6 7056/4/6 7068/4/6
f 7022/4/6 7023/4/6 7069/4/6
f 7043/3/6 7057/3/6 7070/3/6
f 7070/3/6 7057/3/6 7071/3/6
f 7059/3/6 7060/3/6 7074/3/6
f 7074/3/6 7060/3/6 7075/3/6
f 7065/4/6 7066/4/6 7082/4/6
f 7066/4/6 7067/4/6 7082/4/6
f 7064/4/6 7065/4/6 7082/4/6
f 7082/4/6 7067/4/6 7083/4/6
f 7083/4/6 7067/4/6 7084/4/6
f 7069/4/6 7023/4/6 7086/4/6
f 7086/4/6 7023/4/6 7087/4/6
f 7070/5/6 7071/5/6 7089/5/6
f 7089/5/6 7071/5/6 7090/5/6
f 7072/5/6 7073/5/6 7091/5/6
f 7091/5/6 7073/5/6 7092/5/6
f 7074/5/6 7075/5/6 7094/5/6
f 7094/5/6 7075/5/6 7095/5/6
f 7076/5/6 7077/5/6 7097/5/6
f 7097/5/6 7077/5/6 7098/5/6
f 7078/5/6 7079/5/6 7099/5/6
f 7099/5/6 7079/5/6 7100/5/6
f 7080/3/6 7081/3/6 7101/3/6
f 7101/3/6 7081/3/6 7102/3/6
f 7084/4/6 7085/4/6 7103/4/6
f 7083/4/6 7084/4/6 7103/4/6
f 7103/4/6 7085/4/6 7104/4/6
f 7104/4/6 7085/4/6 7105/4/6
f 7087/4/6 7088/4/6 7109/4/6
f 7097/5/6 7098/5/6 7111/5/6
f 7096/5/6 7097/5/6 7111/5/6
f 7111/5/6 7098/5/6 7112/5/6
f 7112/5/6 7098/5/6 7113/5/6
f 7100/5/6 7101/5/6 7116/5/6
f 7116/5/6 7101/5/6 7117/5/6
f 7107/4/6 7108/4/6 7119/4/6
f 7119/4/6 7108/4/6 7120/4/6
f 7109/4/6 7110/4/6 7121/4/6
f 7087/4/6 7109/4/6 7121/4/6
f 7121/4/6 7110/4/6 7122/4/6
f 7092/5/6 7093/5/6 7123/5/6
f 7123/5/6 7093/5/6 7124/5/6
f 7113/3/6 7114/3/6 7125/3/6
f 7112/3/6 7113/3/6 7125/3/6
f 7125/3/6 7114/3/6 7126/3/6
f 7115/5/6 7116/5/6 7127/5/6
f 7127/5/6 7116/5/6 7128/5/6
f 7117/5/6 7118/5/6 7129/5/6
f 7090/5/6 7091/5/6 7132/5/6
f 7132/5/6 7091/5/6 7133/5/6
f 7129/5/6 7118/5/6 7136/5/6
f 7136/5/6 7118/5/6 7137/5/6
f 7104/4/6 7105/4/6 7138/4/6
f 7105/4/6 7106/4/6 7138/4/6
f 7138/4/6 7106/4/6 7139/4/6
f 7139/4/6 7106/4/6 7140/4/6
f 7130/4/6 7131/4/6 7141/4/6
f 7141/4/6 7131/4/6 7142/4/6
f 7142/4/6 7131/4/6 7143/4/6
f 7134/3/6 7135/3/6 7146/3/6
f 7146/3/6 7135/3/6 7147/3/6
f 7147/3/6 7135/3/6 7148/3/6
f 7145/5/6 7146/5/6 7153/5/6
f 7146/5/6 7147/5/6 7153/5/6
f 7153/5/6 7147/5/6 7154/5/6
f 7154/5/6 7147/5/6 7155/5/6
f 7149/5/6 7150/5/6 7158/5/6
f 7158/5/6 7150/5/6 7159/5/6
f 7130/4/6 7141/4/6 7162/4/6
f 7162/4/6 7141/4/6 7163/4/6
f 7143/4/6 7144/4/6 7164/4/6
f 7142/4/6 7143/4/6 7164/4/6
f 7164/4/6 7144/4/6 7165/4/6
f 7156/5/6 7157/5/6 7171/5/6
f 7171/5/6 7157/5/6 7172/5/6
f 7160/5/6 7161/5/6 7174/5/6
f 7174/5/6 7161/5/6 7175/5/6
f 7151/4/6 7152/4/6 7176/4/6
f 7176/4/6 7152/4/6 7177/4/6
f 7166/5/6 7167/5/6 7180/5/6
f 7167/5/6 7168/5/6 7180/5/6
f 7180/5/6 7168/5/6 7181/5/6
f 7169/3/6 7170/3/6 7182/3/6
f 7182/3/6 7170/3/6 7183/3/6
f 7173/5/6 7174/5/6 7189/5/6
f 7189/5/6 7174/5/6 7190/5/6
f 7177/4/6 7178/4/6 7191/4/6
f 7176/4/6 7177/4/6 7191/4/6
f 7191/4/6 7178/4/6 7192/4/6
f 7192/4/6 7178/4/6 7193/4/6
f 7179/5/6 7180/5/6 7195/5/6
f 7195/5/6 7180/5/6 7196/5/6
f 7181/5/6 7182/5/6 7197/5/6
f 7197/5/6 7182/5/6 7198/5/6
f 7184/3/6 7185/3/6 7199/3/6
f 7199/3/6 7185/3/6 7200/3/6
f 7200/3/6 7185/3/6 7201/3/6
f 7201/3/6 7185/3/6 7202/3/6
f 7187/5/6 7188/5/6 7203/5/6
f 7186/5/6 7187/5/6 7203/5/6
f 7188/3/6 7189/3/6 7204/3/6
f 7203/5/6 7188/5/6 7204/5/6
f 7204/3/6 7189/3/6 7205/3/6
f 7205/3/6 7189/3/6 7206/3/6
f 7193/4/6 7194/4/6 7207/4/6
f 7192/4/6 7193/4/6 7207/4/6
f 7207/4/6 7194/4/6 7208/4/6
f 7196/5/6 7197/5/6 7211/5/6
f 7211/5/6 7197/5/6 7212/5/6
f 7200/3/6 7201/3/6 7215/3/6
f 7201/5/6 7202/5/6 7216/5/6
f 7215/3/6 7201/3/6 7216/3/6
f 7216/5/6 7202/5/6 7217/5/6
f 7186/5/6 7203/5/6 7218/5/6
f 7203/3/6 7204/3/6 7219/3/6
f 7218/5/6 7203/5/6 7219/5/6
f 7219/3/6 7204/3/6 7220/3/6
f 7205/5/6 7206/5/6 7221/5/6
f 7221/5/6 7206/5/6 7222/5/6
f 7208/4/6 7194/4/6 7223/4/6
f 7223/4/6 7194/4/6 7224/4/6
f 7224/4/6 7194/4/6 7225/4/6
f 7209/4/6 7210/4/6 7226/4/6
f 7214/5/6 7215/5/6 7228/5/6
f 7213/5/6 7214/5/6 7228/5/6
f 7212/5/6 7213/5/6 7228/5/6
f 7228/5/6 7215/5/6 7229/5/6
f 7229/5/6 7215/5/6 7230/5/6
f 7230/5/6 7215/5/6 7231/5/6
f 7217/5/6 7218/5/6 7232/5/6
f 7232/5/6 7218/5/6 7233/5/6
f 7226/4/6 7227/4/6 7238/4/6
f 7209/4/6 7226/4/6 7238/4/6
f 7238/4/6 7227/4/6 7239/4/6
f 7229/5/6 7230/5/6 7240/5/6
f 7240/5/6 7230/5/6 7241/5/6
f 7234/5/6 7235/5/6 7242/5/6
f 7242/5/6 7235/5/6 7243/5/6
f 7236/4/6 7237/4/6 7246/4/6
f 7246/4/6 7237/4/6 7247/4/6
f 7244/4/6 7245/4/6 7252/4/6
f 7252/4/6 7245/4/6 7253/4/6
f 7250/4/6 7251/4/6 7255/4/6
f 7255/4/6 7251/4/6 7256/4/6
f 7253/4/6 7254/4/6 7263/4/6
f 7263/4/6 7254/4/6 7264/4/6
f 7257/4/6 7258/4/6 7266/4/6
f 7266/4/6 7258/4/6 7267/4/6
f 7259/5/6 7260/5/6 7268/5/6
f 7268/5/6 7260/5/6 7269/5/6
f 7261/5/6 7262/5/6 7271/5/6
f 7248/4/6 7249/4/6 7274/4/6
f 7274/4/6 7249/4/6 7275/4/6
f 7265/4/6 7266/4/6 7276/4/6
f 7276/4/6 7266/4/6 7277/4/6
f 7267/4/6 7258/4/6 7278/4/6
f 7278/4/6 7258/4/6 7279/4/6
f 7269/4/6 7270/4/6 7281/4/6
f 7270/4/6 7271/4/6 7281/4/6
f 7271/5/6 7262/5/6 7282/5/6
f 7281/4/6 7271/4/6 7282/4/6
f 7282/5/6 7262/5/6 7283/5/6
f 7272/4/6 7273/4/6 7287/4/6
f 7287/4/6 7273/4/6 7288/4/6
f 7277/4/6 7266/4/6 7290/4/6
f 7290/4/6 7266/4/6 7291/4/6
f 7279/4/6 7258/4/6 7292/4/6
f 7281/4/6 7282/4/6 7294/4/6
f 7280/4/6 7281/4/6 7294/4/6
f 7294/4/6 7282/4/6 7295/4/6
f 7295/4/6 7282/4/6 7296/4/6
f 7296/4/6 7282/4/6 7297/4/6
f 7283/4/6 7284/4/6 7298/4/6
f 7298/4/6 7284/4/6 7299/4/6
f 7285/4/6 7286/4/6 7300/4/6
f 7289/4/6 7290/4/6 7303/4/6
f 7303/4/6 7290/4/6 7304/4/6
f 7292/4/6 7293/4/6 7305/4/6
f 7279/4/6 7292/4/6 7305/4/6
f 7305/4/6 7293/4/6 7306/4/6
f 7295/4/6 7296/4/6 7307/4/6
f 7307/4/6 7296/4/6 7308/4/6
f 7285/4/6 7300/4/6 7309/4/6
f 7309/4/6 7300/4/6 7310/4/6
f 7301/4/6 7302/4/6 7312/4/6
f 7279/4/6 7305/4/6 7313/4/6
f 7313/4/6 7305/4/6 7314/4/6
f 7311/4/6 7312/4/6 7317/4/6
f 7312/4/6 7302/4/6 7317/4/6
f 7311/4/6 7317/4/6 7321/4/6
f 7317/4/6 7318/4/6 7321/4/6
f 7321/4/6 7318/4/6 7322/4/6
f 7319/4/6 7320/4/6 7323/4/6
f 7323/4/6 7320/4/6 7324/4/6
f 7315/4/6 7316/4/6 7327/4/6
f 7325/4/6 7326/4/6 7331/4/6
f 7331/4/6 7326/4/6 7332/4/6
f 7315/4/6 7327/4/6 7333/4/6
f 7333/4/6 7327/4/6 7334/4/6
f 7328/4/6 7329/4/6 7336/4/6
f 7336/4/6 7329/4/6 7337/4/6
f 7330/4/6 7331/4/6 7339/4/6
f 7339/4/6 7331/4/6 7340/4/6
f 7334/4/6 7335/4/6 7341/4/6
f 7333/4/6 7334/4/6 7341/4/6
f 7341/4/6 7335/4/6 7342/4/6
f 7337/4/6 7338/4/6 7343/4/6
f 7343/4/6 7338/4/6 7344/4/6
f 7340/4/6 7331/4/6 7345/4/6
f 7345/4/6 7331/4/6 7346/4/6
f 7349/4/6 7350/4/6 7355/4/6
f 7355/4/6 7350/4/6 7356/4/6
f 7351/4/6 7352/4/6 7362/4/6
f 7362/4/6 7352/4/6 7363/4/6
f 7347/4/6 7348/4/6 7364/4/6
f 7356/4/6 7350/4/6 7367/4/6
f 7367/4/6 7350/4/6 7368/4/6
f 7357/4/6 7358/4/6 7371/4/6
f 7371/4/6 7358/4/6 7372/4/6
f 7359/4/6 7360/4/6 7373/4/6
f 7361/4/6 7362/4/6 7375/4/6
f 7375/4/6 7362/4/6 7376/4/6
f 7353/4/6 7354/4/6 7377/4/6
f 7377/4/6 7354/4/6 7378/4/6
f 7366/4/6 7367/4/6 7381/4/6
f 7369/4/6 7370/4/6 7383/4/6
f 7383/4/6 7370/4/6 7384/4/6
f 7364/4/6 7365/4/6 7385/4/6
f 7379/4/6 7380/4/6 7386/4/6
f 7386/4/6 7380/4/6 7387/4/6
f 7381/4/6 7382/4/6 7388/4/6
f 7366/4/6 7381/4/6 7388/4/6
f 7369/4/6 7383/4/6 7389/4/6
f 7389/4/6 7383/4/6 7390/4/6
f 7386/4/6 7387/4/6 7397/4/6
f 7387/4/6 7388/4/6 7397/4/6
f 7347/4/6 7364/4/6 7397/4/6
f 7364/4/6 7385/4/6 7397/4/6
f 7385/4/6 7386/4/6 7397/4/6
f 7388/4/6 7382/4/6 7398/4/6
f 7397/4/6 7388/4/6 7398/4/6
f 7369/4/6 7389/4/6 7399/4/6
f 7399/4/6 7389/4/6 7400/4/6
f 7373/4/6 7374/4/6 7404/4/6
f 7359/4/6 7373/4/6 7404/4/6
f 7404/4/6 7374/4/6 7405/4/6
f 7391/4/6 7392/4/6 7407/4/6
f 7407/4/6 7392/4/6 7408/4/6
f 7408/4/6 7392/4/6 7409/4/6
f 7393/4/6 7394/4/6 7412/4/6
f 7412/4/6 7394/4/6 7413/4/6
f 7395/4/6 7396/4/6 7416/4/6
f 7416/4/6 7396/4/6 7417/4/6
f 7401/4/6 7402/4/6 7418/4/6
f 7403/4/6 7404/4/6 7420/4/6
f 7406/4/6 7407/4/6 7423/4/6
f 7407/4/6 7408/4/6 7423/4/6
f 7423/4/6 7408/4/6 7424/4/6
f 7410/4/6 7411/4/6 7425/4/6
f 7425/4/6 7411/4/6 7426/4/6
f 7414/4/6 7415/4/6 7429/4/6
f 7429/4/6 7415/4/6 7430/4/6
f 7401/4/6 7418/4/6 7432/4/6
f 7432/4/6 7418/4/6 7433/4/6
f 7419/4/6 7420/4/6 7434/4/6
f 7434/4/6 7420/4/6 7435/4/6
f 7420/4/6 7404/4/6 7436/4/6
f 7435/4/6 7420/4/6 7436/4/6
f 7436/4/6 7404/4/6 7437/4/6
f 7421/4/6 7422/4/6 7438/4/6
f 7406/4/6 7423/4/6 7441/4/6
f 7441/4/6 7423/4/6 7442/4/6
f 7427/4/6 7428/4/6 7446/4/6
f 7446/4/6 7428/4/6 7447/4/6
f 7433/4/6 7434/4/6 7448/4/6
f 7432/4/6 7433/4/6 7448/4/6
f 7431/4/6 7432/4/6 7448/4/6
f 7448/4/6 7434/4/6 7449/4/6
f 7435/4/6 7436/4/6 7450/4/6
f 7450/4/6 7436/4/6 7451/4/6
f 7438/4/6 7439/4/6 7453/4/6
f 7421/4/6 7438/4/6 7453/4/6
f 7453/4/6 7439/4/6 7454/4/6
f 7454/4/6 7439/4/6 7455/4/6
f 7440/4/6 7441/4/6 7457/4/6
f 7442/4/6 7443/4/6 7458/4/6
f 7458/4/6 7443/4/6 7459/4/6
f 7444/4/6 7445/4/6 7462/4/6
f 7449/4/6 7434/4/6 7463/4/6
f 7463/4/6 7434/4/6 7464/4/6
f 7455/4/6 7456/4/6 7465/4/6
f 7454/4/6 7455/4/6 7465/4/6
f 7465/4/6 7456/4/6 7466/4/6
f 7440/4/6 7457/4/6 7467/4/6
f 7457/4/6 7458/4/6 7467/4/6
f 7467/4/6 7458/4/6 7468/4/6
f 7461/4/6 7462/4/6 7469/4/6
f 7462/4/6 7445/4/6 7469/4/6
f 7469/4/6 7445/4/6 7470/4/6
f 7466/4/6 7456/4/6 7471/4/6
f 7471/4/6 7456/4/6 7472/4/6
f 7459/4/6 7460/4/6 7473/4/6
f 7461/4/6 7469/4/6 7474/4/6
f 7474/4/6 7469/4/6 7475/4/6
f 7459/4/6 7473/4/6 7482/4/6
f 7473/4/6 7474/4/6 7482/4/6
f 7482/4/6 7474/4/6 7483/4/6
f 7452/4/6 7453/4/6 7488/4/6
f 7488/4/6 7453/4/6 7489/4/6
f 7480/4/6 7481/4/6 7491/4/6
f 7484/5/6 7485/5/6 7500/5/6
f 7500/5/6 7485/5/6 7501/5/6
f 7486/5/6 7487/5/6 7502/5/6
f 7502/5/6 7487/5/6 7503/5/6
f 7489/4/6 7490/4/6 7507/4/6
f 7507/4/6 7490/4/6 7508/4/6
f 7493/4/6 7494/4/6 7509/4/6
f 7509/4/6 7494/4/6 7510/4/6
f 7495/4/6 7496/4/6 7511/4/6
f 7511/4/6 7496/4/6 7512/4/6
f 7497/5/6 7498/5/6 7514/5/6
f 7498/3/6 7499/3/6 7515/3/6
f 7514/5/6 7498/5/6 7515/5/6
f 7499/5/6 7500/5/6 7516/5/6
f 7515/3/6 7499/3/6 7516/3/6
f 7516/5/6 7500/5/6 7517/5/6
f 7503/5/6 7504/5/6 7519/5/6
f 7519/5/6 7504/5/6 7520/5/6
f 7505/4/6 7506/4/6 7521/4/6
f 7506/4/6 7507/4/6 7521/4/6
f 7521/4/6 7507/4/6 7522/4/6
f 7522/4/6 7507/4/6 7523/4/6
f 7491/4/6 7492/4/6 7524/4/6
f 7480/4/6 7491/4/6 7524/4/6
f 7524/4/6 7492/4/6 7525/4/6
f 7493/4/6 7509/4/6 7526/4/6
f 7526/4/6 7509/4/6 7527/4/6
f 7513/5/6 7514/5/6 7529/5/6
f 7529/5/6 7514/5/6 7530/5/6
f 7515/3/6 7516/3/6 7531/3/6
f 7531/3/6 7516/3/6 7532/3/6
f 7518/5/6 7519/5/6 7534/5/6
f 7519/3/6 7520/3/6 7535/3/6
f 7534/5/6 7519/5/6 7535/5/6
f 7535/3/6 7520/3/6 7536/3/6
f 7522/4/6 7523/4/6 7538/4/6
f 7538/4/6 7523/4/6 7539/4/6
f 7528/3/6 7529/3/6 7542/3/6
f 7529/5/6 7530/5/6 7543/5/6
f 7542/3/6 7529/3/6 7543/3/6
f 7543/5/6 7530/5/6 7544/5/6
f 7533/5/6 7534/5/6 7546/5/6
f 7546/5/6 7534/5/6 7547/5/6
f 7536/5/6 7537/5/6 7549/5/6
f 7540/4/6 7541/4/6 7551/4/6
f 7551/4/6 7541/4/6 7552/4/6
f 7510/4/6 7511/4/6 7555/4/6
f 7542/5/6 7543/5/6 7557/5/6
f 7557/5/6 7543/5/6 7558/5/6
f 7544/5/6 7530/5/6 7559/5/6
f 7559/5/6 7530/5/6 7560/5/6
f 7545/3/6 7546/3/6 7562/3/6
f 7562/3/6 7546/3/6 7563/3/6
f 7547/3/6 7548/3/6 7564/3/6
f 7564/3/6 7548/3/6 7565/3/6
f 7549/5/6 7537/5/6 7566/5/6
f 7566/5/6 7537/5/6 7567/5/6
f 7552/4/6 7553/4/6 7571/4/6
f 7550/4/6 7551/4/6 7571/4/6
f 7551/4/6 7552/4/6 7571/4/6
f 7571/4/6 7553/4/6 7572/4/6
f 7554/4/6 7555/4/6 7573/4/6
f 7573/4/6 7555/4/6 7574/4/6
f 7555/4/6 7511/4/6 7575/4/6
f 7574/4/6 7555/4/6 7575/4/6
f 7575/4/6 7511/4/6 7576/4/6
f 7556/5/6 7557/5/6 7577/5/6
f 7577/5/6 7557/5/6 7578/5/6
f 7564/5/6 7565/5/6 7581/5/6
f 7565/3/6 7566/3/6 7582/3/6
f 7581/5/6 7565/5/6 7582/5/6
f 7566/5/6 7567/5/6 7583/5/6
f 7582/3/6 7566/3/6 7583/3/6
f 7567/5/6 7568/5/6 7583/5/6
f 7583/5/6 7568/5/6 7584/5/6
f 7584/5/6 7568/5/6 7585/5/6
f 7569/4/6 7570/4/6 7588/4/6
f 7588/4/6 7570/4/6 7589/4/6
f 7572/4/6 7553/4/6 7590/4/6
f 7590/4/6 7553/4/6 7591/4/6
f 7574/4/6 7575/4/6 7592/4/6
f 7592/4/6 7575/4/6 7593/4/6
f 7578/5/6 7557/5/6 7594/5/6
f 7594/5/6 7557/5/6 7595/5/6
f 7560/5/6 7561/5/6 7596/5/6
f 7579/3/6 7580/3/6 7597/3/6
f 7597/3/6 7580/3/6 7598/3/6
f 7583/3/6 7584/3/6 7600/3/6
f 7582/3/6 7583/3/6 7600/3/6
f 7600/3/6 7584/3/6 7601/3/6
f 7601/3/6 7584/3/6 7602/3/6
f 7589/4/6 7570/4/6 7605/4/6
f 7605/4/6 7570/4/6 7606/4/6
f 7578/5/6 7594/5/6 7607/5/6
f 7607/5/6 7594/5/6 7608/5/6
f 7560/5/6 7596/5/6 7612/5/6
f 7596/5/6 7597/5/6 7612/5/6
f 7612/5/6 7597/5/6 7613/5/6
f 7613/5/6 7597/5/6 7614/5/6
f 7598/5/6 7599/5/6 7615/5/6
f 7615/5/6 7599/5/6 7616/5/6
f 7603/5/6 7604/5/6 7620/5/6
f 7610/3/6 7611/3/6 7626/3/6
f 7609/3/6 7610/3/6 7626/3/6
f 7626/3/6 7611/3/6 7627/3/6
f 7627/3/6 7611/3/6 7628/3/6
f 7612/5/6 7613/5/6 7629/5/6
f 7629/5/6 7613/5/6 7630/5/6
f 7617/5/6 7618/5/6 7634/5/6
f 7634/5/6 7618/5/6 7635/5/6
f 7619/5/6 7620/5/6 7636/5/6
f 7620/5/6 7604/5/6 7637/5/6
f 7636/5/6 7620/5/6 7637/5/6
f 7476/2/6 7477/2/6 7638/2/6
f 7478/2/6 7479/2/6 7639/2/6
f 7586/4/6 7587/4/6 7640/4/6
f 7621/4/6 7622/4/6 7642/4/6
f 7642/4/6 7622/4/6 7643/4/6
f 7623/4/6 7624/4/6 7644/4/6
f 7644/4/6 7624/4/6 7645/4/6
f 7625/5/6 7626/5/6 7646/5/6
f 7626/3/6 7627/3/6 7646/3/6
f 7646/3/6 7627/3/6 7647/3/6
f 7632/5/6 7633/5/6 7649/5/6
f 7631/5/6 7632/5/6 7649/5/6
f 7649/5/6 7633/5/6 7650/5/6
f 7634/3/6 7635/3/6 7651/3/6
f 7650/5/6 7633/5/6 7651/5/6
f 7633/3/6 7634/3/6 7651/3/6
f 7651/3/6 7635/3/6 7652/3/6
f 7652/3/6 7635/3/6 7653/3/6
f 7640/4/6 7641/4/6 7655/4/6
f 7586/4/6 7640/4/6 7655/4/6
f 7655/4/6 7641/4/6 7656/4/6
f 7623/4/6 7644/4/6 7660/4/6
f 7660/4/6 7644/4/6 7661/4/6
f 7647/5/6 7648/5/6 7664/5/6
f 7664/5/6 7648/5/6 7665/5/6
f 7651/5/6 7652/5/6 7667/5/6
f 7650/5/6 7651/5/6 7667/5/6
f 7667/5/6 7652/5/6 7668/5/6
f 7668/5/6 7652/5/6 7669/5/6
f 7653/5/6 7654/5/6 7670/5/6
f 7670/5/6 7654/5/6 7671/5/6
f 7476/2/6 7638/2/6 7672/2/6
f 7638/2/6 7639/2/6 7672/2/6
f 7639/2/6 7479/2/6 7673/2/6
f 7672/2/6 7639/2/6 7673/2/6
f 7586/4/6 7655/4/6 7674/4/6
f 7674/4/6 7655/4/6 7675/4/6
f 7625/5/6 7646/5/6 7676/5/6
f 7676/5/6 7646/5/6 7677/5/6
f 7665/3/6 7666/3/6 7678/3/6
f 7678/3/6 7666/3/6 7679/3/6
f 7669/5/6 7670/5/6 7682/5/6
f 7668/5/6 7669/5/6 7682/5/6
f 7682/5/6 7670/5/6 7683/5/6
f 7683/5/6 7670/5/6 7684/5/6
f 7684/5/6 7670/5/6 7685/5/6
f 7657/4/6 7658/4/6 7688/4/6
f 7688/4/6 7658/4/6 7689/4/6
f 7680/3/6 7681/3/6 7690/3/6
f 7679/5/6 7680/5/6 7690/5/6
f 7690/3/6 7681/3/6 7691/3/6
f 7686/4/6 7687/4/6 7697/4/6
f 7697/4/6 7687/4/6 7698/4/6
f 7659/4/6 7660/4/6 7700/4/6
f 7700/4/6 7660/4/6 7701/4/6
f 7679/5/6 7690/5/6 7703/5/6
f 7690/5/6 7691/5/6 7703/5/6
f 7691/3/6 7692/3/6 7704/3/6
f 7703/5/6 7691/5/6 7704/5/6
f 7704/3/6 7692/3/6 7705/3/6
f 7683/5/6 7684/5/6 7706/5/6
f 7706/5/6 7684/5/6 7707/5/6
f 7693/3/6 7694/3/6 7708/3/6
f 7708/3/6 7694/3/6 7709/3/6
f 7695/5/6 7696/5/6 7710/5/6
f 7710/5/6 7696/5/6 7711/5/6
f 7698/4/6 7699/4/6 7713/4/6
f 7697/4/6 7698/4/6 7713/4/6
f 7713/4/6 7699/4/6 7714/4/6
f 7701/4/6 7702/4/6 7716/4/6
f 7716/4/6 7702/4/6 7717/4/6
f 7662/4/6 7663/4/6 7719/4/6
f 7719/4/6 7663/4/6 7720/4/6
f 7697/4/6 7713/4/6 7721/4/6
f 7721/4/6 7713/4/6 7722/4/6
f 7714/4/6 7715/4/6 7723/4/6
f 7723/4/6 7715/4/6 7724/4/6
f 7718/4/6 7719/4/6 7725/4/6
f 7725/4/6 7719/4/6 7726/4/6
f 7711/4/6 7712/4/6 7727/4/6
f 7724/4/6 7715/4/6 7729/4/6
f 7727/4/6 7728/4/6 7733/4/6
f 7711/4/6 7727/4/6 7733/4/6
f 7733/4/6 7728/4/6 7734/4/6
f 7729/4/6 7730/4/6 7735/4/6
f 7724/4/6 7729/4/6 7735/4/6
f 7735/4/6 7730/4/6 7736/4/6
f 7731/4/6 7732/4/6 7737/4/6
f 7737/4/6 7732/4/6 7738/4/6
f 7734/4/6 7735/4/6 7742/4/6
f 7742/4/6 7735/4/6 7743/4/6
f 7743/4/6 7735/4/6 7744/4/6
f 7744/4/6 7735/4/6 7745/4/6
f 7731/4/6 7737/4/6 7746/4/6
f 7746/4/6 7737/4/6 7747/4/6
f 7740/5/6 7741/5/6 7750/5/6
f 7750/5/6 7741/5/6 7751/5/6
f 7743/4/6 7744/4/6 7754/4/6
f 7754/4/6 7744/4/6 7755/4/6
f 7738/4/6 7739/4/6 7758/4/6
f 7758/4/6 7739/4/6 7759/4/6
f 7748/4/6 7749/4/6 7760/4/6
f 7752/4/6 7753/4/6 7766/4/6
f 7748/4/6 7760/4/6 7767/4/6
f 7760/4/6 7761/4/6 7767/4/6
f 7767/4/6 7761/4/6 7768/4/6
f 7762/4/6 7763/4/6 7769/4/6
f 7769/4/6 7763/4/6 7770/4/6
f 7770/4/6 7763/4/6 7771/4/6
f 7764/5/6 7765/5/6 7773/5/6
f 7773/5/6 7765/5/6 7774/5/6
f 7752/4/6 7766/4/6 7776/4/6
f 7776/4/6 7766/4/6 7777/4/6
f 7756/4/6 7757/4/6 7780/4/6
f 7771/4/6 7772/4/6 7785/4/6
f 7770/4/6 7771/4/6 7785/4/6
f 7785/4/6 7772/4/6 7786/4/6
f 7786/4/6 7772/4/6 7787/4/6
f 7774/4/6 7775/4/6 7788/4/6
f 7773/4/6 7774/4/6 7788/4/6
f 7788/4/6 7775/4/6 7789/4/6
f 7778/4/6 7779/4/6 7790/4/6
f 7790/4/6 7779/4/6 7791/4/6
f 7780/4/6 7781/4/6 7792/4/6
f 7756/4/6 7780/4/6 7792/4/6
f 7792/4/6 7781/4/6 7793/4/6
f 7782/4/6 7783/4/6 7799/4/6
f 7785/4/6 7786/4/6 7800/4/6
f 7784/4/6 7785/4/6 7800/4/6
f 7800/4/6 7786/4/6 7801/4/6
f 7789/4/6 7775/4/6 7804/4/6
f 7794/4/6 7795/4/6 7808/4/6
f 7808/4/6 7795/4/6 7809/4/6
f 7759/4/6 7739/4/6 7810/4/6
f 7802/4/6 7803/4/6 7811/4/6
f 7811/4/6 7803/4/6 7812/4/6
f 7812/4/6 7803/4/6 7813/4/6
f 7804/4/6 7775/4/6 7814/4/6
f 7814/4/6 7775/4/6 7815/4/6
f 7815/4/6 7775/4/6 7816/4/6
f 7805/4/6 7806/4/6 7819/4/6
f 7806/4/6 7807/4/6 7819/4/6
f 7819/4/6 7807/4/6 7820/4/6
f 7809/4/6 7810/4/6 7821/4/6
f 7810/4/6 7739/4/6 7822/4/6
f 7821/4/6 7810/4/6 7822/4/6
f 7796/4/6 7797/4/6 7824/4/6
f 7798/4/6 7799/4/6 7825/4/6
f 7799/4/6 7783/4/6 7825/4/6
f 7825/4/6 7783/4/6 7826/4/6
f 7814/4/6 7815/4/6 7827/4/6
f 7812/4/6 7813/4/6 7827/4/6
f 7813/4/6 7814/4/6 7827/4/6
f 7827/4/6 7815/4/6 7828/4/6
f 7817/4/6 7818/4/6 7829/4/6
f 7829/4/6 7818/4/6 7830/4/6
f 7820/4/6 7807/4/6 7831/4/6
f 7831/4/6 7807/4/6 7832/4/6
f 7823/4/6 7824/4/6 7833/4/6
f 7824/4/6 7797/4/6 7834/4/6
f 7833/4/6 7824/4/6 7834/4/6
f 7798/4/6 7825/4/6 7836/4/6
f 7784/4/6 7800/4/6 7837/4/6
f 7837/4/6 7800/4/6 7838/4/6
f 7812/4/6 7827/4/6 7839/4/6
f 7839/4/6 7827/4/6 7840/4/6
f 7834/4/6 7797/4/6 7841/4/6
f 7841/4/6 7797/4/6 7842/4/6
f 7835/4/6 7836/4/6 7843/4/6
f 7836/4/6 7825/4/6 7844/4/6
f 7843/4/6 7836/4/6 7844/4/6
f 7844/4/6 7825/4/6 7845/4/6
f 7838/4/6 7839/4/6 7846/4/6
f 7846/4/6 7839/4/6 7847/4/6
f 7842/4/6 7843/4/6 7848/4/6
f 7843/4/6 7844/4/6 7848/4/6
f 7848/4/6 7844/4/6 7849/4/6
f 7850/4/6 7851/4/6 7856/4/6
f 7856/4/6 7851/4/6 7857/4/6
f 7852/4/6 7853/4/6 7858/4/6
f 7858/4/6 7853/4/6 7859/4/6
f 7854/4/6 7855/4/6 7860/4/6
f 7860/4/6 7855/4/6 7861/4/6
f 7861/4/6 7855/4/6 7862/4/6
f 7854/4/6 7860/4/6 7869/4/6
f 7869/4/6 7860/4/6 7870/4/6
f 7870/4/6 7860/4/6 7871/4/6
f 7862/4/6 7863/4/6 7872/4/6
f 7861/4/6 7862/4/6 7872/4/6
f 7872/4/6 7863/4/6 7873/4/6
f 7873/4/6 7863/4/6 7874/4/6
f 7864/4/6 7865/4/6 7876/4/6
f 7867/4/6 7868/4/6 7877/4/6
f 7866/4/6 7867/4/6 7877/4/6
f 7877/4/6 7868/4/6 7878/4/6
f 7859/4/6 7853/4/6 7882/4/6
f 7872/4/6 7873/4/6 7886/4/6
f 7871/4/6 7872/4/6 7886/4/6
f 7875/4/6 7876/4/6 7888/4/6
f 7876/4/6 7865/4/6 7889/4/6
f 7888/4/6 7876/4/6 7889/4/6
f 7879/4/6 7880/4/6 7891/4/6
f 7891/4/6 7880/4/6 7892/4/6
f 7881/4/6 7882/4/6 7893/4/6
f 7883/4/6 7884/4/6 7894/4/6
f 7894/4/6 7884/4/6 7895/4/6
f 7885/4/6 7886/4/6 7896/4/6
f 7886/4/6 7873/4/6 7897/4/6
f 7896/4/6 7886/4/6 7897/4/6
f 7887/4/6 7888/4/6 7899/4/6
f 7866/4/6 7877/4/6 7902/4/6
f 7902/4/6 7877/4/6 7903/4/6
f 7892/4/6 7893/4/6 7904/4/6
f 7891/4/6 7892/4/6 7904/4/6
f 7890/4/6 7891/4/6 7904/4/6
f 7882/4/6 7853/4/6 7905/4/6
f 7904/4/6 7893/4/6 7905/4/6
f 7893/4/6 7882/4/6 7905/4/6
f 7905/4/6 7853/4/6 7906/4/6
f 7898/4/6 7899/4/6 7907/4/6
f 7899/4/6 7888/4/6 7908/4/6
f 7907/4/6 7899/4/6 7908/4/6
f 7900/4/6 7901/4/6 7909/4/6
f 7909/4/6 7901/4/6 7910/4/6
f 7904/4/6 7905/4/6 7911/4/6
f 7911/4/6 7905/4/6 7912/4/6
f 7908/4/6 7909/4/6 7913/4/6
f 7913/4/6 7909/4/6 7914/4/6
f 7914/4/6 7909/4/6 7915/4/6
f 7904/4/6 7911/4/6 7922/4/6
f 7922/4/6 7911/4/6 7923/4/6
f 7913/5/6 7914/5/6 7924/5/6
f 7924/5/6 7914/5/6 7925/5/6
f 7916/4/6 7917/4/6 7928/4/6
f 7928/4/6 7917/4/6 7929/4/6
f 7918/4/6 7919/4/6 7930/4/6
f 7930/4/6 7919/4/6 7931/4/6
f 7923/4/6 7911/4/6 7932/4/6
f 7932/4/6 7911/4/6 7933/4/6
f 7927/4/6 7928/4/6 7936/4/6
f 7936/4/6 7928/4/6 7937/4/6
f 7920/4/6 7921/4/6 7940/4/6
f 7940/4/6 7921/4/6 7941/4/6
f 7925/5/6 7926/5/6 7942/5/6
f 7942/5/6 7926/5/6 7943/5/6
f 7934/4/6 7935/4/6 7944/4/6
f 7944/4/6 7935/4/6 7945/4/6
f 7938/4/6 7939/4/6 7948/4/6
f 7948/4/6 7939/4/6 7949/4/6
f 7950/4/6 7951/4/6 7952/4/6
f 7952/4/6 7951/4/6 7953/4/6
f 7954/4/6 7955/4/6 7962/4/6
f 7953/4/6 7954/4/6 7962/4/6
f 7962/4/6 7955/4/6 7963/4/6
f 7946/4/6 7947/4/6 7964/4/6
f 7956/4/6 7957/4/6 7966/4/6
f 7958/3/6 7959/3/6 7967/3/6
f 7967/3/6 7959/3/6 7968/3/6
f 7960/5/6 7961/5/6 7969/5/6
f 7969/5/6 7961/5/6 7970/5/6
f 7970/5/6 7961/5/6 7971/5/6
f 7964/4/6 7947/4/6 7974/4/6
f 7974/4/6 7947/4/6 7975/4/6
f 7960/5/6 7969/5/6 7976/5/6
f 7976/5/6 7969/5/6 7977/5/6
f 7971/3/6 7972/3/6 7978/3/6
f 7972/5/6 7973/5/6 7979/5/6
f 7978/3/6 7972/3/6 7979/3/6
f 7979/5/6 7973/5/6 7980/5/6
f 7965/4/6 7966/4/6 7981/4/6
f 7966/4/6 7957/4/6 7982/4/6
f 7981/4/6 7966/4/6 7982/4/6
f 7979/3/6 7980/3/6 7985/3/6
f 7985/3/6 7980/3/6 7986/3/6
f 7987/4/6 7988/4/6 7990/4/6
f 7990/4/6 7988/4/6 7991/4/6
f 7991/4/6 7988/4/6 7992/4/6
f 7976/3/6 7977/3/6 7995/3/6
f 7995/3/6 7977/3/6 7996/3/6
f 7983/5/6 7984/5/6 8003/5/6
f 8003/5/6 7984/5/6 8004/5/6
f 7997/5/6 7998/5/6 8007/5/6
f 7998/3/6 7999/3/6 8008/3/6
f 8007/5/6 7998/5/6 8008/5/6
f 7999/5/6 8000/5/6 8009/5/6
f 8008/3/6 7999/3/6 8009/3/6
f 8009/5/6 8000/5/6 8010/5/6
f 8010/5/6 8000/5/6 8011/5/6
f 7989/4/6 7990/4/6 8012/4/6
f 7990/4/6 7991/4/6 8012/4/6
f 8012/4/6 7991/4/6 8013/4/6
f 7993/3/6 7994/3/6 8014/3/6
f 8014/3/6 7994/3/6 8015/3/6
f 8004/5/6 8005/5/6 8017/5/6
f 8006/5/6 8007/5/6 8018/5/6
f 8007/3/6 8008/3/6 8019/3/6
f 8018/5/6 8007/5/6 8019/5/6
f 8019/3/6 8008/3/6 8020/3/6
f 7989/4/6 8012/4/6 8021/4/6
f 8021/4/6 8012/4/6 8022/4/6
f 8001/4/6 8002/4/6 8024/4/6
f 8024/4/6 8002/4/6 8025/4/6
f 8016/5/6 8017/5/6 8029/5/6
f 8017/5/6 8005/5/6 8030/5/6
f 8029/5/6 8017/5/6 8030/5/6
f 8030/5/6 8005/5/6 8031/5/6
f 8009/5/6 8010/5/6 8033/5/6
f 8033/5/6 8010/5/6 8034/5/6
f 8022/4/6 8023/4/6 8036/4/6
f 8036/4/6 8023/4/6 8037/4/6
f 8025/4/6 8026/4/6 8039/4/6
f 8039/4/6 8026/4/6 8040/4/6
f 8027/4/6 8028/4/6 8042/4/6
f 8042/4/6 8028/4/6 8043/4/6
f 8043/4/6 8028/4/6 8044/4/6
f 8044/4/6 8028/4/6 8045/4/6
f 8031/5/6 8032/5/6 8047/5/6
f 8030/5/6 8031/5/6 8047/5/6
f 8047/5/6 8032/5/6 8048/5/6
f 8048/5/6 8032/5/6 8049/5/6
f 8037/4/6 8038/4/6 8051/4/6
f 8036/4/6 8037/4/6 8051/4/6
f 8035/4/6 8036/4/6 8051/4/6
f 8051/4/6 8038/4/6 8052/4/6
f 8041/4/6 8042/4/6 8053/4/6
f 8042/4/6 8043/4/6 8053/4/6
f 8053/4/6 8043/4/6 8054/4/6
f 8045/4/6 8046/4/6 8055/4/6
f 8044/4/6 8045/4/6 8055/4/6
f 8055/4/6 8046/4/6 8056/4/6
f 8049/5/6 8050/5/6 8057/5/6
f 8048/5/6 8049/5/6 8057/5/6
f 8057/5/6 8050/5/6 8058/5/6
f 8052/4/6 8038/4/6 8059/4/6
f 8059/4/6 8038/4/6 8060/4/6
f 8056/4/6 8046/4/6 8062/4/6
f 8041/4/6 8053/4/6 8065/4/6
f 8065/4/6 8053/4/6 8066/4/6
f 8061/4/6 8062/4/6 8068/4/6
f 8062/4/6 8046/4/6 8069/4/6
f 8068/4/6 8062/4/6 8069/4/6
f 8063/5/6 8064/5/6 8070/5/6
f 8070/5/6 8064/5/6 8071/5/6
f 8066/4/6 8067/4/6 8074/4/6
f 8074/4/6 8067/4/6 8075/4/6
f 8069/4/6 8046/4/6 8077/4/6
f 8077/4/6 8046/4/6 8078/4/6
f 8071/5/6 8064/5/6 8079/5/6
f 8072/4/6 8073/4/6 8080/4/6
f 8080/4/6 8073/4/6 8081/4/6
f 8075/4/6 8076/4/6 8083/4/6
f 8083/4/6 8076/4/6 8084/4/6
f 8071/5/6 8079/5/6 8085/5/6
f 8079/4/6 8080/4/6 8086/4/6
f 8085/5/6 8079/5/6 8086/5/6
f 8086/4/6 8080/4/6 8087/4/6
f 8087/4/6 8080/4/6 8088/4/6
f 8081/4/6 8082/4/6 8089/4/6
f 8089/4/6 8082/4/6 8090/4/6
f 8091/4/6 8092/4/6 8094/4/6
f 8094/4/6 8092/4/6 8095/4/6
f 8095/4/6 8092/4/6 8096/4/6
f 8093/4/6 8094/4/6 8097/4/6
f 8094/4/6 8095/4/6 8097/4/6
f 8097/4/6 8095/4/6 8098/4/6
f 8101/4/6 8102/4/6 8109/4/6
f 8093/4/6 8097/4/6 8110/4/6
f 8110/4/6 8097/4/6 8111/4/6
f 8103/4/6 8104/4/6 8114/4/6
f 8114/4/6 8104/4/6 8115/4/6
f 8115/4/6 8104/4/6 8116/4/6
f 8105/4/6 8106/4/6 8118/4/6
f 8118/4/6 8106/4/6 8119/4/6
f 8109/4/6 8102/4/6 8120/4/6
f 8120/4/6 8102/4/6 8121/4/6
f 8111/4/6 8112/4/6 8123/4/6
f 8123/4/6 8112/4/6 8124/4/6
f 8099/4/6 8100/4/6 8125/4/6
f 8113/4/6 8114/4/6 8126/4/6
f 8114/4/6 8115/4/6 8126/4/6
f 8126/4/6 8115/4/6 8127/4/6
f 8127/4/6 8115/4/6 8128/4/6
f 8118/4/6 8119/4/6 8130/4/6
f 8117/4/6 8118/4/6 8130/4/6
f 8130/4/6 8119/4/6 8131/4/6
f 8131/4/6 8119/4/6 8132/4/6
f 8121/4/6 8122/4/6 8135/4/6
f 8135/4/6 8122/4/6 8136/4/6
f 8136/4/6 8122/4/6 8137/4/6
f 8124/4/6 8125/4/6 8138/4/6
f 8125/4/6 8100/4/6 8139/4/6
f 8138/4/6 8125/4/6 8139/4/6
f 8129/4/6 8130/4/6 8140/4/6
f 8130/4/6 8131/4/6 8140/4/6
f 8132/4/6 8133/4/6 8142/4/6
f 8142/4/6 8133/4/6 8143/4/6
f 8107/4/6 8108/4/6 8144/4/6
f 8144/4/6 8108/4/6 8145/4/6
f 8113/4/6 8126/4/6 8147/4/6
f 8147/4/6 8126/4/6 8148/4/6
f 8135/4/6 8136/4/6 8151/4/6
f 8134/4/6 8135/4/6 8151/4/6
f 8151/4/6 8136/4/6 8152/4/6
f 8149/4/6 8150/4/6 8154/4/6
f 8154/4/6 8150/4/6 8155/4/6
f 8140/4/6 8141/4/6 8156/4/6
f 8129/4/6 8140/4/6 8156/4/6
f 8156/4/6 8141/4/6 8157/4/6
f 8145/4/6 8146/4/6 8158/4/6
f 8158/4/6 8146/4/6 8159/4/6
f 8153/4/6 8154/4/6 8160/4/6
f 8160/4/6 8154/4/6 8161/4/6
f 8162/4/6 8163/4/6 8165/4/6
f 8164/4/6 8165/4/6 8168/4/6
f 8168/4/6 8165/4/6 8169/4/6
f 8166/4/6 8167/4/6 8171/4/6
f 8171/4/6 8167/4/6 8172/4/6
f 8169/4/6 8165/4/6 8174/4/6
f 8174/4/6 8165/4/6 8175/4/6
f 8165/4/6 8163/4/6 8176/4/6
f 8175/4/6 8165/4/6 8176/4/6
f 8170/4/6 8171/4/6 8177/4/6
f 8177/4/6 8171/4/6 8178/4/6
f 8174/4/6 8175/4/6 8181/4/6
f 8173/4/6 8174/4/6 8181/4/6
f 8181/4/6 8175/4/6 8182/4/6
f 8176/4/6 8163/4/6 8183/4/6
f 8183/4/6 8163/4/6 8184/4/6
f 8179/4/6 8180/4/6 8185/4/6
f 8185/4/6 8180/4/6 8186/4/6
f 8173/4/6 8181/4/6 8189/4/6
f 8189/4/6 8181/4/6 8190/4/6
f 8179/4/6 8185/4/6 8191/4/6
f 8191/4/6 8185/4/6 8192/4/6
f 8187/4/6 8188/4/6 8194/4/6
f 8194/4/6 8188/4/6 8195/4/6
f 8193/4/6 8194/4/6 8195/4/6
f 8195/4/6 8188/4/6 8196/4/6
f 8193/4/6 8195/4/6 8197/4/6
f 8196/4/6 8188/4/6 8198/4/6
f 8193/4/6 8197/4/6 8199/4/6
f 8197/4/6 8198/4/6 8199/4/6
f 8198/4/6 8188/4/6 8200/4/6
f 8199/4/6 8198/4/6 8200/4/6
f 8201/4/6 8202/4/6 8203/4/6
f 8203/4/6 8202/4/6 8204/4/6
f 8201/4/6 8203/4/6 8205/4/6
f 8205/4/6 8203/4/6 8206/4/6
f 8204/4/6 8202/4/6 8207/4/6
f 8206/4/6 8207/4/6 8208/4/6
f 8207/4/6 8202/4/6 8209/4/6
f 8208/4/6 8207/4/6 8209/4/6
f 8209/4/6 8202/4/6 8210/4/6
f 8210/4/6 8202/4/6 8211/4/6
f 8212/3/6 8213/3/6 8214/3/6
f 8214/3/6 8213/3/6 8215/3/6
f 8216/4/6 8217/4/6 8219/4/6
f 8218/4/6 8219/4/6 8220/4/6
f 8219/4/6 8217/4/6 8221/4/6
f 8220/4/6 8219/4/6 8221/4/6
f 8221/4/6 8217/4/6 8222/4/6
f 8221/4/6 8222/4/6 8224/4/6
f 8222/4/6 8223/4/6 8224/4/6
f 8224/4/6 8223/4/6 8225/4/6
f 8226/4/6 8227/4/6 8229/4/6
f 8229/4/6 8227/4/6 8230/4/6
f 8228/4/6 8229/4/6 8232/4/6
f 8230/4/6 8231/4/6 8232/4/6
f 8229/4/6 8230/4/6 8232/4/6
f 8232/4/6 8231/4/6 8233/4/6
f 8228/4/6 8232/4/6 8234/4/6
f 8234/4/6 8232/4/6 8235/4/6
f 8235/4/6 8232/4/6 8236/4/6
f 8236/4/6 8237/4/6 8238/4/6
f 8235/4/6 8236/4/6 8238/4/6
f 8238/4/6 8237/4/6 8239/4/6
f 8240/4/6 8241/4/6 8242/4/6
f 8242/4/6 8241/4/6 8243/4/6
f 8244/4/6 8245/4/6 8247/4/6
f 8246/4/6 8247/4/6 8250/4/6
f 8247/4/6 8245/4/6 8251/4/6
f 8250/4/6 8247/4/6 8251/4/6
f 8248/4/6 8249/4/6 8256/4/6
f 8251/4/6 8245/4/6 8258/4/6
f 8258/4/6 8245/4/6 8259/4/6
f 8252/4/6 8253/4/6 8261/4/6
f 8254/4/6 8255/4/6 8262/4/6
f 8262/4/6 8255/4/6 8263/4/6
f 8256/4/6 8257/4/6 8264/4/6
f 8248/4/6 8256/4/6 8264/4/6
f 8264/4/6 8257/4/6 8265/4/6
f 8248/4/6 8264/4/6 8266/4/6
f 8266/4/6 8264/4/6 8267/4/6
f 8260/4/6 8261/4/6 8268/4/6
f 8261/4/6 8253/4/6 8268/4/6
f 8268/4/6 8253/4/6 8269/4/6
f 8260/4/6 8268/4/6 8270/4/6
f 8270/4/6 8268/4/6 8271/4/6
f 8274/4/6 8275/4/6 8276/4/6
f 8276/4/6 8275/4/6 8277/4/6
f 8272/2/6 8273/2/6 8278/2/6
f 8278/2/6 8273/2/6 8279/2/6
